create table SURVEY (ID integer, PARENT_ID integer, NAME varchar(33), FULL_NAME varchar(72), TITLE varchar(42));
create table CENTRELINE (ID integer, SURVEY_ID integer, TITLE varchar(4), TOPO_DATE date, EXPLO_DATE date, LENGTH real, SURFACE_LENGTH real, DUPLICATE_LENGTH real);
create table PERSON (ID integer, NAME varchar(11), SURNAME varchar(11));
create table EXPLO (PERSON_ID integer, CENTRELINE_ID integer);
create table TOPO (PERSON_ID integer, CENTRELINE_ID integer);
create table STATION (ID integer, NAME varchar(31), SURVEY_ID integer, X real, Y real, Z real);
create table STATION_FLAG (STATION_ID integer, FLAG char(3));
create table SHOT (ID integer, FROM_ID integer, TO_ID integer, CENTRELINE_ID integer, LENGTH real, BEARING real, GRADIENT real, ADJ_LENGTH real, ADJ_BEARING real, ADJ_GRADIENT real, ERR_LENGTH real, ERR_BEARING real, ERR_GRADIENT real);
create table SHOT_FLAG (SHOT_ID integer, FLAG char(3));
create table MAPS (ID integer, SURVEY_ID integer, NAME varchar(33), TITLE varchar(42), PROJID integer, LENGTH real, DEPTH real);
create table SCRAPS (ID integer, SURVEY_ID integer, NAME varchar(33), PROJID integer, MAX_DISTORTION real, AVG_DISTORTION real);
create table MAPITEMS (ID integer, TYPE integer, ITEMID integer);
insert into SURVEY values (1, 0, '', '', NULL);
 insert into CENTRELINE values (2, 1, NULL, NULL, NULL, 0.00, 0.00, 0.00);
 insert into SURVEY values (54, 1, 'Flaine_Plate', 'Flaine_Plate', 'Karst de Faine / Plate');
 insert into CENTRELINE values (55, 54, NULL, NULL, NULL, 0.00, 0.00, 0.00);
 insert into SURVEY values (56, 54, 'Gouffre_de_la_petite_Marielle', 'Gouffre_de_la_petite_Marielle.Flaine_Plate', 'Gouffre de la petite Marielle');
 insert into CENTRELINE values (57, 56, NULL, NULL, NULL, 0.00, 0.00, 0.00);
 insert into SURVEY values (58, 56, 'Gouffre_de_la_petite_Marielle', 'Gouffre_de_la_petite_Marielle.Gouffre_de_la_petite_Marielle.Flaine_Plate', 'Gouffre de la petite Marielle');
 insert into CENTRELINE values (59, 58, NULL, NULL, NULL, 0.00, 0.00, 0.00);
 insert into CENTRELINE values (60, 58, NULL, '2018-07-24', '2018-01-01', 107.38, 0.00, 0.00);
 insert into PERSON values (1, 'Bertrand', 'Hamm');
insert into TOPO values (1, 60);
 insert into PERSON values (2, 'Philippe', 'Monteil');
insert into TOPO values (2, 60);
 insert into PERSON values (3, NULL, 'CESAME');
insert into EXPLO values (3, 60);
 insert into SHOT values (1, 1, 2, 60, 0.000, 3.72, 0.00, 0.000, 90.00, 0.00, 0.000, 90.00, 0.00);
insert into SHOT values (2, 1, 3, 60, 0.000, 3.72, 0.00, 0.000, 90.00, 0.00, 0.000, 90.00, 0.00);
insert into SHOT values (3, 4, 5, 60, 0.000, 3.72, 0.00, 0.000, 90.00, 0.00, 0.000, 90.00, 0.00);
insert into SHOT values (4, 4, 6, 60, 0.000, 3.72, 0.00, 0.000, 90.00, 0.00, 0.000, 90.00, 0.00);
insert into SHOT values (5, 4, 7, 60, 4.400, 109.72, 65.00, 4.402, 109.80, 65.01, 0.003, 190.09, 41.54);
insert into SHOT values (6, 7, 3, 60, 6.300, 99.52, 86.00, 6.295, 99.25, 86.03, 0.006, 308.35, -46.94);
insert into SHOT values (7, 3, 8, 60, 0.000, 3.72, 0.00, 0.000, 90.00, 0.00, 0.000, 90.00, 0.00);
insert into SHOT values (8, 5, 9, 60, 0.000, 3.72, 0.00, 0.000, 90.00, 0.00, 0.000, 90.00, 0.00);
insert into SHOT values (9, 9, 10, 60, 4.500, 273.42, -8.70, 4.500, 273.48, -8.69, 0.005, 3.71, 8.50);
insert into SHOT values (10, 5, 11, 60, 9.650, 68.72, -3.70, 9.646, 68.74, -3.74, 0.009, 216.35, -51.57);
insert into SHOT values (11, 11, 12, 60, 4.800, 83.72, 16.00, 4.806, 83.66, 16.07, 0.010, 33.65, 46.77);
insert into SHOT values (12, 12, 13, 60, 9.250, 74.72, -6.20, 9.248, 74.74, -6.21, 0.003, 195.83, -17.02);
insert into SHOT values (13, 13, 14, 60, 13.850, 84.72, -7.80, 13.846, 84.73, -7.80, 0.004, 238.21, -4.49);
insert into SHOT values (14, 14, 15, 60, 2.340, 70.12, -1.10, 2.341, 70.02, -1.22, 0.007, 357.80, -48.44);
insert into SHOT values (15, 15, 16, 60, 6.230, 62.12, -25.70, 6.230, 62.07, -25.68, 0.006, 336.49, 17.05);
insert into SHOT values (16, 16, 17, 60, 6.650, 70.92, 4.10, 6.649, 70.99, 4.14, 0.009, 170.51, 29.14);
insert into SHOT values (17, 17, 18, 60, 3.550, 71.32, -17.00, 3.555, 71.30, -17.01, 0.005, 54.59, -23.40);
insert into SHOT values (18, 18, 19, 60, 5.000, 75.72, 7.00, 5.000, 75.77, 7.01, 0.004, 171.82, 9.29);
insert into SHOT values (19, 19, 20, 60, 8.000, 65.62, -11.90, 8.004, 65.56, -11.90, 0.009, 359.15, -2.35);
insert into SHOT values (20, 20, 21, 60, 5.080, 77.72, 33.00, 5.078, 77.79, 33.06, 0.007, 206.48, 25.70);
insert into SHOT values (21, 21, 22, 60, 5.070, 65.02, -20.20, 5.067, 65.00, -20.20, 0.003, 283.70, 11.63);
insert into SHOT values (22, 22, 23, 60, 1.210, 25.02, 19.00, 1.214, 25.23, 18.74, 0.008, 61.58, -29.60);
insert into SHOT values (23, 13, 24, 60, 0.000, 3.72, 0.00, 0.000, 90.00, 0.00, 0.000, 90.00, 0.00);
insert into SHOT values (24, 24, 25, 60, 6.880, 148.72, 44.00, 6.881, 148.72, 44.00, 0.001, 117.47, 53.92);
insert into SHOT values (25, 26, 27, 60, 0.000, 3.72, 0.00, 0.000, 90.00, 0.00, 0.000, 90.00, 0.00);
insert into SHOT values (26, 26, 28, 60, 4.620, 6.52, 8.50, 4.620, 6.53, 8.46, 0.003, 72.64, -69.78);
insert into SHOT values (27, 28, 15, 60, 0.000, 3.72, 0.00, 0.000, 90.00, 0.00, 0.000, 90.00, 0.00);
insert into CENTRELINE values (61, 58, NULL, '2018-07-25', '2018-01-01', 192.24, 0.00, 0.00);
 insert into PERSON values (4, 'Malo', 'Courtier');
insert into TOPO values (4, 61);
 insert into TOPO values (2, 61);
 insert into EXPLO values (3, 61);
 insert into SHOT values (28, 29, 30, 61, 0.000, 3.72, 0.00, 0.000, 90.00, 0.00, 0.000, 90.00, 0.00);
insert into SHOT values (29, 29, 31, 61, 12.130, 279.62, 69.00, 12.136, 279.53, 69.00, 0.010, 212.14, 35.98);
insert into SHOT values (30, 31, 32, 61, 7.700, 345.92, 82.50, 7.640, 346.50, 82.26, 0.069, 10.08, -68.29);
insert into SHOT values (31, 32, 33, 61, 1.500, 114.92, 45.90, 1.467, 114.81, 45.70, 0.033, 300.65, -54.53);
insert into SHOT values (32, 33, 34, 61, 14.800, 67.42, 84.80, 14.740, 67.53, 84.40, 0.120, 69.05, -35.21);
insert into SHOT values (33, 34, 35, 61, 13.900, 180.72, 82.80, 13.909, 180.66, 82.81, 0.010, 44.54, 73.77);
insert into SHOT values (34, 35, 36, 61, 2.560, 168.72, 58.30, 2.553, 168.86, 58.20, 0.009, 255.99, -68.58);
insert into SHOT values (35, 36, 37, 61, 10.300, 244.12, 55.90, 10.298, 244.10, 55.93, 0.006, 86.64, 9.98);
insert into SHOT values (36, 37, 38, 61, 1.750, 225.62, 8.50, 1.752, 225.70, 8.53, 0.003, 279.29, 24.15);
insert into SHOT values (37, 38, 39, 61, 1.210, 303.52, 40.70, 1.209, 303.86, 40.80, 0.006, 54.58, 9.34);
insert into SHOT values (38, 39, 23, 61, 0.000, 3.72, 0.00, 0.000, 90.00, 0.00, 0.000, 90.00, 0.00);
insert into SHOT values (39, 31, 40, 61, 0.000, 3.72, 0.00, 0.010, 90.00, 90.00, 0.010, 90.00, 90.00);
insert into SHOT values (40, 40, 41, 61, 9.250, 13.02, -35.60, 9.204, 12.97, -35.08, 0.096, 338.80, 82.10);
insert into SHOT values (41, 41, 42, 61, 6.270, 191.42, -73.10, 6.227, 191.62, -72.84, 0.052, 213.99, 71.83);
insert into SHOT values (42, 42, 43, 61, 8.630, 303.52, -80.00, 8.574, 303.37, -79.86, 0.060, 282.62, 79.48);
insert into SHOT values (43, 43, 44, 61, 5.960, 83.12, -51.10, 5.958, 83.08, -51.15, 0.006, 287.58, -15.54);
insert into SHOT values (44, 43, 45, 61, 0.000, 3.72, 0.00, 0.014, 270.00, 45.00, 0.014, 270.00, 45.00);
insert into SHOT values (45, 45, 46, 61, 1.980, 174.72, 2.00, 2.000, 174.83, 2.58, 0.029, 185.87, 46.69);
insert into SHOT values (46, 46, 47, 61, 5.010, 303.82, -29.40, 4.984, 303.69, -28.92, 0.050, 202.17, 78.25);
insert into SHOT values (47, 47, 48, 61, 1.630, 335.32, -44.90, 1.589, 335.01, -44.33, 0.045, 173.86, 64.61);
insert into SHOT values (48, 48, 49, 61, 2.550, 79.72, 7.70, 2.544, 79.94, 8.13, 0.022, 210.73, 55.41);
insert into SHOT values (49, 49, 50, 61, 2.600, 80.52, 10.20, 2.599, 80.54, 10.64, 0.020, 251.14, 77.88);
insert into SHOT values (50, 50, 51, 61, 6.210, 71.62, 39.90, 6.236, 71.72, 40.38, 0.059, 222.77, 73.86);
insert into SHOT values (51, 51, 52, 61, 4.600, 65.32, -33.70, 4.555, 65.32, -33.29, 0.056, 245.89, 69.89);
insert into SHOT values (52, 52, 53, 61, 19.500, 109.92, 76.50, 19.499, 109.91, 76.50, 0.002, 11.84, -46.26);
insert into SHOT values (53, 48, 54, 61, 0.000, 3.72, 0.00, 0.000, 90.00, 0.00, 0.000, 90.00, 0.00);
insert into SHOT values (54, 54, 55, 61, 4.760, 249.62, 50.00, 4.751, 249.49, 50.01, 0.011, 119.33, -34.15);
insert into SHOT values (55, 55, 56, 61, 2.300, 257.12, 11.90, 2.307, 257.20, 12.01, 0.008, 284.73, 42.56);
insert into SHOT values (56, 56, 57, 61, 3.500, 248.62, 18.00, 3.499, 248.68, 17.98, 0.004, 354.49, -24.81);
insert into SHOT values (57, 57, 58, 61, 10.720, 257.82, 1.60, 10.715, 257.82, 1.60, 0.005, 84.62, 8.21);
insert into SHOT values (58, 58, 59, 61, 5.100, 255.72, 5.20, 5.097, 255.74, 5.18, 0.004, 39.36, -33.55);
insert into SHOT values (59, 59, 60, 61, 3.210, 263.72, -33.70, 3.215, 263.57, -33.62, 0.010, 214.29, 6.21);
insert into SHOT values (60, 60, 61, 61, 5.760, 257.92, -1.40, 5.758, 257.97, -1.39, 0.005, 9.59, 8.43);
insert into SHOT values (61, 61, 62, 61, 5.550, 267.02, -34.40, 5.550, 266.99, -34.46, 0.006, 123.47, -49.16);
insert into SHOT values (62, 62, 63, 61, 11.300, 351.72, -61.60, 11.301, 351.66, -61.59, 0.006, 283.03, 0.26);
insert into CENTRELINE values (62, 58, NULL, '2019-07-18', '2019-01-01', 86.94, 0.00, 0.00);
 insert into TOPO values (2, 62);
 insert into PERSON values (5, 'Bruno', 'Sourzac');
insert into TOPO values (5, 62);
 insert into EXPLO values (3, 62);
 insert into SHOT values (63, 64, 52, 62, 0.000, 3.87, 0.00, 0.017, 45.00, -35.26, 0.017, 45.00, -35.26);
insert into SHOT values (64, 64, 65, 62, 3.810, 114.47, 61.10, 3.852, 114.62, 61.33, 0.045, 150.52, 79.38);
insert into SHOT values (65, 65, 66, 62, 2.420, 79.57, 9.50, 2.416, 79.59, 10.01, 0.022, 254.60, 69.59);
insert into SHOT values (66, 66, 67, 62, 7.400, 129.27, 57.80, 7.451, 129.32, 58.17, 0.070, 295.56, 78.32);
insert into SHOT values (67, 67, 68, 62, 3.140, 123.17, 15.80, 3.157, 123.43, 16.19, 0.030, 176.59, 55.98);
insert into SHOT values (68, 68, 69, 62, 14.940, 269.37, 78.70, 15.001, 269.42, 78.70, 0.061, 279.42, 77.78);
insert into SHOT values (69, 69, 70, 62, 14.100, 77.67, 84.80, 14.150, 77.84, 85.19, 0.108, 255.51, 32.42);
insert into SHOT values (70, 70, 71, 62, 4.360, 253.17, -10.60, 4.364, 253.08, -10.16, 0.034, 220.51, 69.13);
insert into SHOT values (71, 71, 72, 62, 5.860, 249.47, -5.90, 5.870, 249.36, -5.28, 0.065, 215.09, 72.66);
insert into SHOT values (72, 72, 73, 62, 5.480, 222.27, 76.40, 5.534, 222.18, 76.46, 0.054, 206.55, 82.29);
insert into SHOT values (73, 73, 74, 62, 0.830, 201.87, 6.40, 0.859, 202.05, 7.35, 0.033, 207.42, 32.30);
insert into SHOT values (74, 74, 75, 62, 4.280, 252.47, -0.70, 4.289, 252.49, -0.27, 0.034, 263.42, 74.26);
insert into SHOT values (75, 75, 34, 62, 0.000, 3.87, 0.00, 0.017, 225.00, 35.26, 0.017, 225.00, 35.26);
insert into SHOT values (76, 68, 76, 62, 0.000, 3.87, 0.00, 0.000, 90.00, 0.00, 0.000, 90.00, 0.00);
insert into SHOT values (77, 76, 77, 62, 5.280, 251.77, -18.50, 5.280, 251.85, -18.44, 0.009, 326.67, 35.55);
insert into SHOT values (78, 77, 78, 62, 15.040, 286.37, -79.30, 15.041, 286.23, -79.31, 0.007, 186.40, -11.91);
insert into CENTRELINE values (63, 58, NULL, '2019-07-16', '2019-01-01', 18.57, 0.00, 0.00);
 insert into PERSON values (6, 'Mathilde', 'Hamm');
insert into TOPO values (6, 63);
 insert into TOPO values (2, 63);
 insert into EXPLO values (3, 63);
 insert into SHOT values (79, 79, 36, 63, 0.000, 3.87, 0.00, 0.000, 90.00, 0.00, 0.000, 90.00, 0.00);
insert into SHOT values (80, 79, 80, 63, 11.540, 37.97, -72.00, 11.536, 38.06, -71.98, 0.008, 101.53, 40.50);
insert into SHOT values (81, 80, 81, 63, 2.290, 66.47, 3.80, 2.288, 66.24, 3.76, 0.009, 327.42, -10.81);
insert into SHOT values (82, 81, 82, 63, 4.740, 78.67, -4.70, 4.746, 78.79, -4.71, 0.011, 135.16, -8.09);
insert into CENTRELINE values (64, 58, NULL, '2019-07-19', '2019-01-01', 140.70, 0.00, 0.00);
 insert into PERSON values (7, 'Fabien', 'Darne');
insert into TOPO values (7, 64);
 insert into TOPO values (2, 64);
 insert into EXPLO values (3, 64);
 insert into SHOT values (83, 83, 84, 64, 0.000, 3.87, 0.00, 0.000, 90.00, 0.00, 0.000, 90.00, 0.00);
insert into SHOT values (84, 83, 85, 64, 3.220, 73.37, 37.20, 3.215, 73.41, 37.34, 0.009, 242.46, 20.49);
insert into SHOT values (85, 85, 86, 64, 2.580, 111.77, 16.60, 2.585, 111.80, 16.63, 0.006, 126.96, 30.96);
insert into SHOT values (86, 86, 87, 64, 2.110, 69.57, 9.30, 2.110, 69.48, 9.27, 0.004, 337.82, -15.79);
insert into SHOT values (87, 87, 88, 64, 2.520, 91.87, -5.00, 2.521, 91.83, -5.01, 0.002, 24.90, -9.46);
insert into SHOT values (88, 88, 89, 64, 5.090, 73.57, -6.40, 5.088, 73.57, -6.43, 0.003, 252.99, -54.70);
insert into SHOT values (89, 89, 90, 64, 2.540, 251.27, -6.20, 2.538, 251.28, -6.11, 0.005, 62.01, 69.26);
insert into SHOT values (90, 90, 91, 64, 1.790, 272.07, -28.20, 1.795, 271.81, -28.27, 0.009, 206.45, -27.76);
insert into SHOT values (91, 91, 92, 64, 2.500, 286.17, -16.90, 2.492, 286.31, -16.79, 0.011, 62.94, 39.18);
insert into SHOT values (92, 92, 93, 64, 11.660, 30.47, -72.40, 11.665, 30.35, -72.42, 0.010, 279.58, -35.88);
insert into SHOT values (93, 93, 63, 64, 0.000, 3.87, 0.00, 0.000, 90.00, 0.00, 0.000, 90.00, 0.00);
insert into SHOT values (94, 93, 94, 64, 2.800, 296.47, 13.00, 2.800, 296.57, 13.00, 0.004, 29.53, 1.77);
insert into SHOT values (95, 94, 95, 64, 4.710, 23.07, -20.20, 4.701, 23.08, -20.16, 0.010, 198.48, 41.80);
insert into SHOT values (96, 95, 96, 64, 6.080, 13.67, -0.70, 6.083, 13.69, -0.75, 0.007, 48.13, -54.57);
insert into SHOT values (97, 96, 97, 64, 2.770, 40.27, 6.00, 2.768, 40.29, 6.01, 0.002, 201.92, 12.60);
insert into SHOT values (98, 97, 98, 64, 3.810, 348.07, -0.60, 3.813, 348.04, -0.60, 0.004, 313.82, -1.64);
insert into SHOT values (99, 98, 99, 64, 6.010, 19.97, -13.00, 6.006, 19.98, -12.99, 0.004, 182.36, 27.28);
insert into SHOT values (100, 99, 100, 64, 2.880, 28.97, -21.10, 2.884, 29.14, -21.13, 0.009, 94.43, -20.59);
insert into SHOT values (101, 100, 101, 64, 14.170, 28.97, -84.20, 14.173, 28.71, -84.18, 0.008, 333.43, -17.44);
insert into SHOT values (102, 101, 102, 64, 9.740, 102.37, -65.50, 9.736, 102.45, -65.52, 0.008, 229.14, 23.28);
insert into SHOT values (103, 102, 103, 64, 5.680, 253.17, -18.80, 5.675, 253.12, -18.81, 0.008, 116.58, 3.58);
insert into SHOT values (104, 103, 104, 64, 9.330, 224.17, -83.30, 9.334, 224.26, -83.30, 0.004, 296.89, -65.77);
insert into SHOT values (105, 104, 105, 64, 4.620, 81.77, -4.20, 4.619, 81.76, -4.10, 0.008, 344.46, 85.84);
insert into SHOT values (106, 105, 106, 64, 5.280, 77.67, -5.60, 5.277, 77.68, -5.66, 0.006, 241.73, -49.13);
insert into SHOT values (107, 106, 107, 64, 2.280, 112.77, -7.50, 2.284, 112.60, -7.55, 0.008, 49.03, -17.63);
insert into SHOT values (108, 107, 108, 64, 4.390, 81.77, -7.90, 4.386, 81.80, -7.86, 0.005, 237.12, 38.46);
insert into SHOT values (109, 108, 109, 64, 6.130, 78.97, 4.10, 6.129, 78.97, 4.12, 0.002, 285.49, 49.79);
insert into SHOT values (110, 109, 110, 64, 2.090, 110.77, -9.40, 2.091, 110.72, -9.36, 0.003, 58.89, 28.96);
insert into SHOT values (111, 110, 111, 64, 2.600, 159.77, -3.80, 2.598, 159.68, -3.97, 0.009, 35.08, -55.79);
insert into SHOT values (112, 111, 112, 64, 2.220, 173.67, 12.90, 2.220, 173.63, 13.01, 0.005, 62.11, 69.07);
insert into SHOT values (113, 112, 113, 64, 1.100, 115.77, 18.10, 1.100, 116.08, 18.00, 0.006, 196.19, -17.24);
insert into SHOT values (114, 104, 114, 64, 0.000, 3.87, 0.00, 0.000, 90.00, 0.00, 0.000, 90.00, 0.00);
insert into SHOT values (115, 114, 115, 64, 8.000, 168.87, -7.50, 7.997, 168.87, -7.47, 0.005, 341.37, 58.65);
insert into CENTRELINE values (65, 58, NULL, '2020-07-01', '2020-01-01', 202.30, 0.00, 0.00);
 insert into PERSON values (8, 'Vincent', 'Lacombe');
insert into TOPO values (8, 65);
 insert into TOPO values (2, 65);
 insert into EXPLO values (3, 65);
 insert into SHOT values (116, 113, 116, 65, 0.000, 4.03, 0.00, 0.000, 90.00, 0.00, 0.000, 90.00, 0.00);
insert into SHOT values (117, 116, 117, 65, 1.780, 182.53, -21.00, 1.781, 182.76, -21.06, 0.007, 271.33, -17.45);
insert into SHOT values (118, 117, 118, 65, 0.930, 93.03, -23.00, 0.933, 92.66, -22.69, 0.008, 44.45, 24.78);
insert into SHOT values (119, 118, 119, 65, 2.890, 142.43, -83.00, 2.891, 143.13, -83.05, 0.005, 259.90, -17.70);
insert into SHOT values (120, 119, 120, 65, 0.000, 4.03, 0.00, 0.000, 90.00, 0.00, 0.000, 90.00, 0.00);
insert into SHOT values (121, 120, 121, 65, 3.400, 110.63, 14.00, 3.404, 110.74, 13.94, 0.009, 162.05, -17.29);
insert into SHOT values (122, 121, 122, 65, 9.000, 114.03, 10.00, 9.002, 113.96, 10.04, 0.012, 27.94, 35.06);
insert into SHOT values (123, 119, 123, 65, 5.240, 37.73, -74.40, 5.234, 38.09, -74.37, 0.011, 120.33, 37.93);
insert into SHOT values (124, 123, 124, 65, 19.380, 130.03, -72.10, 19.387, 130.03, -72.11, 0.008, 313.99, -79.27);
insert into SHOT values (125, 124, 125, 65, 5.000, 116.23, 25.40, 5.002, 116.28, 25.45, 0.007, 203.02, 51.79);
insert into SHOT values (126, 125, 126, 65, 18.000, 69.53, -80.10, 17.999, 69.40, -80.09, 0.008, 5.40, 14.39);
insert into SHOT values (127, 126, 127, 65, 9.200, 101.93, -85.80, 9.205, 101.98, -85.80, 0.005, 134.14, -77.35);
insert into SHOT values (128, 127, 128, 65, 21.500, 27.13, -75.60, 21.496, 27.14, -75.59, 0.005, 54.23, 62.41);
insert into SHOT values (129, 128, 129, 65, 8.150, 60.13, -54.60, 8.153, 60.12, -54.65, 0.008, 250.19, -58.25);
insert into SHOT values (130, 129, 130, 65, 3.940, 78.43, -24.50, 3.936, 78.41, -24.46, 0.005, 289.10, 57.13);
insert into SHOT values (131, 130, 131, 65, 10.000, 230.43, -87.20, 10.002, 229.90, -87.15, 0.010, 201.41, -11.58);
insert into SHOT values (132, 131, 132, 65, 1.770, 290.03, -10.70, 1.768, 290.21, -10.76, 0.006, 42.95, -13.00);
insert into SHOT values (133, 132, 133, 65, 21.800, 301.33, -71.80, 21.802, 301.31, -71.79, 0.004, 266.55, -9.04);
insert into SHOT values (134, 133, 134, 65, 5.500, 312.03, -58.30, 5.500, 312.19, -58.32, 0.009, 53.20, -3.63);
insert into SHOT values (135, 134, 135, 65, 3.920, 7.43, 12.10, 3.920, 7.35, 12.22, 0.010, 262.37, 56.02);
insert into SHOT values (136, 135, 136, 65, 35.900, 308.83, -60.70, 35.898, 308.83, -60.71, 0.009, 129.58, -17.55);
insert into SHOT values (137, 136, 137, 65, 15.000, 308.83, -70.70, 15.005, 308.79, -70.68, 0.008, 281.35, -20.57);
insert into SCRAPS values (67, 56, 'SP-Gouffre_Petite_Marielle_00', 1, 0.44201, 0.03152);
 insert into SCRAPS values (114, 56, 'SP-Gouffre_Petite_Marielle_01', 1, 1.84023, 0.04424);
 insert into SCRAPS values (216, 56, 'SP-Gouffre_Petite_Marielle_02', 1, 5.25143, 0.20052);
 insert into SCRAPS values (269, 56, 'SP-Gouffre_Petite_Marielle_03', 1, 1.27626, 0.04183);
 insert into SCRAPS values (300, 56, 'SC-Gouffre_Petite_Marielle_00', 2, 8.33794, 0.03139);
 insert into SCRAPS values (335, 56, 'SC-Gouffre_Petite_Marielle_01', 2, 2.94056, 0.00621);
 insert into SCRAPS values (411, 56, 'SC-Gouffre_Petite_Marielle_02', 2, 0.01459, 0.00046);
 insert into SCRAPS values (458, 56, 'SC-Gouffre_Petite_Marielle_03', 2, 0.97924, 0.03279);
 insert into MAPS values (486, 56, 'MP-Gouffre_de_la_petite_Marielle', 'Gouffre de la petite Marielle', 1, 748.130, -296.190);
 insert into MAPITEMS values (486, 4, 67);
 insert into MAPITEMS values (486, 4, 114);
 insert into MAPITEMS values (486, 4, 216);
 insert into MAPITEMS values (486, 4, 269);
 insert into MAPS values (487, 56, 'MC-Gouffre_de_la_petite_Marielle', 'Gouffre_de_la_petite_Marielle', 2, 748.130, -296.190);
 insert into MAPITEMS values (487, 4, 300);
 insert into MAPITEMS values (487, 4, 335);
 insert into MAPITEMS values (487, 4, 411);
 insert into MAPITEMS values (487, 4, 458);
 insert into SURVEY values (489, 54, 'Gouffre_Moquette_qui_suinte', 'Gouffre_Moquette_qui_suinte.Flaine_Plate', 'Gouffre de la moquette qui suinte');
 insert into CENTRELINE values (490, 489, NULL, NULL, NULL, 0.00, 0.00, 0.00);
 insert into SURVEY values (491, 489, 'Gouffre_Moquette_qui_suinte', 'Gouffre_Moquette_qui_suinte.Gouffre_Moquette_qui_suinte.Flaine_Plate', 'Gouffre Moquette qui suinte P66 (ou P63)');
 insert into CENTRELINE values (492, 491, NULL, NULL, NULL, 0.00, 0.00, 0.00);
 insert into CENTRELINE values (493, 491, NULL, '2019-07-24', '2019-01-01', 141.66, 0.00, 0.00);
 insert into TOPO values (6, 493);
 insert into TOPO values (2, 493);
 insert into EXPLO values (3, 493);
 insert into SHOT values (138, 138, 139, 493, 0.000, 3.87, 0.00, 0.000, 90.00, 0.00, 0.000, 90.00, 0.00);
insert into SHOT values (139, 138, 140, 493, 0.000, 3.87, 0.00, 0.000, 90.00, 0.00, 0.000, 90.00, 0.00);
insert into SHOT values (140, 140, 141, 493, 4.960, 85.27, -77.50, 4.958, 85.19, -77.49, 0.003, 4.04, 57.39);
insert into SHOT values (141, 141, 142, 493, 5.330, 93.57, -19.50, 5.326, 93.54, -19.53, 0.006, 305.35, -8.33);
insert into SHOT values (142, 142, 143, 493, 3.220, 106.17, -72.00, 3.219, 106.26, -71.90, 0.006, 123.04, 24.85);
insert into SHOT values (143, 143, 144, 493, 2.280, 89.27, -18.40, 2.277, 89.20, -18.43, 0.004, 308.39, -4.40);
insert into SHOT values (144, 144, 145, 493, 6.170, 85.67, -59.70, 6.175, 85.77, -59.67, 0.008, 129.06, -20.45);
insert into SHOT values (145, 145, 146, 493, 8.420, 107.07, 53.70, 8.420, 107.05, 53.75, 0.007, 305.09, 33.46);
insert into SHOT values (146, 146, 147, 493, 1.600, 189.57, -23.10, 1.599, 189.40, -23.20, 0.005, 75.72, -24.64);
insert into SHOT values (147, 147, 148, 493, 3.600, 86.17, -4.10, 3.597, 86.16, -4.14, 0.004, 278.10, -42.86);
insert into SHOT values (148, 148, 149, 493, 1.230, 114.97, -5.70, 1.232, 115.10, -5.59, 0.004, 170.95, 33.29);
insert into SHOT values (149, 149, 150, 493, 2.450, 63.67, 4.70, 2.450, 63.75, 4.68, 0.003, 152.62, -13.06);
insert into SHOT values (150, 150, 151, 493, 2.380, 113.37, -9.50, 2.375, 113.39, -9.45, 0.006, 285.05, 29.91);
insert into SHOT values (151, 151, 152, 493, 2.630, 19.77, -17.80, 2.636, 19.81, -17.90, 0.008, 38.59, -52.93);
insert into SHOT values (152, 152, 153, 493, 0.890, 337.17, 15.40, 0.889, 337.33, 15.66, 0.005, 106.50, 50.73);
insert into SHOT values (153, 153, 154, 493, 2.790, 16.07, 9.70, 2.787, 16.06, 9.71, 0.003, 209.10, -1.65);
insert into SHOT values (154, 154, 155, 493, 2.390, 26.07, 36.10, 2.388, 26.17, 36.19, 0.005, 164.99, 21.08);
insert into SHOT values (155, 155, 156, 493, 4.750, 5.67, 44.00, 4.750, 5.71, 44.00, 0.002, 93.24, 9.67);
insert into SHOT values (156, 142, 157, 493, 0.000, 3.87, 0.00, 0.000, 90.00, 0.00, 0.000, 90.00, 0.00);
insert into SHOT values (157, 157, 158, 493, 3.310, 205.77, -13.80, 3.312, 205.61, -13.80, 0.009, 124.64, -2.77);
insert into SHOT values (158, 158, 159, 493, 4.130, 189.87, -65.60, 4.129, 190.12, -65.59, 0.008, 276.52, 8.54);
insert into SHOT values (159, 152, 160, 493, 0.000, 3.87, 0.00, 0.000, 90.00, 0.00, 0.000, 90.00, 0.00);
insert into SHOT values (160, 160, 161, 493, 0.590, 200.67, 3.70, 0.590, 200.90, 3.89, 0.003, 291.85, 39.94);
insert into SHOT values (161, 161, 162, 493, 10.390, 226.77, -89.20, 10.391, 225.00, -89.22, 0.006, 96.47, -10.01);
insert into SHOT values (162, 152, 163, 493, 0.000, 3.87, 0.00, 0.000, 90.00, 0.00, 0.000, 90.00, 0.00);
insert into SHOT values (163, 163, 164, 493, 1.680, 131.27, -17.10, 1.682, 131.22, -16.94, 0.005, 103.44, 50.57);
insert into SHOT values (164, 164, 165, 493, 2.350, 72.27, 6.50, 2.345, 72.26, 6.37, 0.007, 257.50, -55.53);
insert into SHOT values (165, 165, 166, 493, 1.400, 104.97, 4.90, 1.402, 104.93, 4.91, 0.003, 80.62, 9.40);
insert into SHOT values (166, 145, 167, 493, 0.000, 3.87, 0.00, 0.000, 90.00, 0.00, 0.000, 90.00, 0.00);
insert into SHOT values (167, 167, 168, 493, 2.410, 252.87, -18.50, 2.416, 252.99, -18.58, 0.008, 297.11, -38.72);
insert into SHOT values (168, 168, 169, 493, 3.520, 58.07, -18.70, 3.516, 58.12, -18.58, 0.009, 176.84, 69.50);
insert into SHOT values (169, 169, 170, 493, 1.830, 15.07, -44.60, 1.835, 15.10, -44.67, 0.005, 31.78, -66.98);
insert into SHOT values (170, 170, 171, 493, 3.260, 20.87, -31.10, 3.261, 20.96, -31.01, 0.007, 71.67, 34.54);
insert into SHOT values (171, 171, 172, 493, 1.510, 303.37, 4.40, 1.513, 303.37, 4.17, 0.007, 303.44, -60.87);
insert into SHOT values (172, 172, 173, 493, 5.840, 81.37, -26.70, 5.839, 81.40, -26.66, 0.005, 145.50, 52.83);
insert into SHOT values (173, 173, 174, 493, 3.170, 358.47, -39.10, 3.171, 358.37, -39.10, 0.005, 280.18, -9.44);
insert into SHOT values (174, 174, 175, 493, 4.160, 90.67, -16.40, 4.158, 90.72, -16.34, 0.005, 188.74, 55.72);
insert into SHOT values (175, 175, 176, 493, 4.830, 63.07, -31.50, 4.830, 63.12, -31.59, 0.008, 200.13, -50.45);
insert into SHOT values (176, 176, 177, 493, 3.300, 337.87, -81.00, 3.301, 338.40, -81.00, 0.005, 68.11, -7.49);
insert into SHOT values (177, 177, 178, 493, 2.340, 74.47, -23.20, 2.338, 74.35, -23.17, 0.005, 331.87, 20.56);
insert into SHOT values (178, 178, 179, 493, 2.290, 281.37, -59.60, 2.283, 281.50, -59.66, 0.008, 76.38, 39.59);
insert into SHOT values (179, 179, 180, 493, 0.000, 3.87, 0.00, 0.000, 90.00, 0.00, 0.000, 90.00, 0.00);
insert into SHOT values (180, 180, 181, 493, 4.340, 293.77, -0.10, 4.348, 293.74, -0.13, 0.009, 272.91, -16.30);
insert into SHOT values (181, 181, 182, 493, 2.000, 271.77, 10.00, 1.990, 271.75, 9.84, 0.011, 96.40, -39.90);
insert into SHOT values (182, 182, 183, 493, 2.050, 307.17, -20.30, 2.055, 306.99, -20.22, 0.008, 257.67, 8.45);
insert into SHOT values (183, 177, 184, 493, 0.000, 3.87, 0.00, 0.000, 90.00, 0.00, 0.000, 90.00, 0.00);
insert into SHOT values (184, 184, 185, 493, 5.430, 109.67, -11.80, 5.426, 109.70, -11.81, 0.005, 263.92, 4.73);
insert into SHOT values (185, 185, 186, 493, 1.200, 246.37, 20.90, 1.195, 246.19, 21.09, 0.007, 95.84, 15.06);
insert into SHOT values (186, 186, 187, 493, 3.420, 107.37, -14.00, 3.414, 107.40, -14.07, 0.008, 277.32, -20.38);
insert into SHOT values (187, 179, 188, 493, 1.460, 91.97, -5.40, 1.458, 91.97, -5.51, 0.004, 271.44, -44.38);
insert into SHOT values (188, 188, 189, 493, 2.160, 19.27, -4.10, 2.157, 19.28, -4.25, 0.007, 197.33, -55.03);
insert into SHOT values (189, 189, 190, 493, 2.200, 53.37, -2.60, 2.196, 53.34, -2.61, 0.004, 253.15, -2.92);
insert into CENTRELINE values (494, 491, NULL, '2020-07-31', '2020-01-01', 126.83, 0.00, 0.00);
 insert into PERSON values (9, 'David', 'Cantalupi');
insert into TOPO values (9, 494);
 insert into TOPO values (1, 494);
 insert into TOPO values (2, 494);
 insert into EXPLO values (3, 494);
 insert into SHOT values (190, 191, 192, 494, 0.000, 4.04, 0.00, 0.000, 90.00, 0.00, 0.000, 90.00, 0.00);
insert into SHOT values (191, 191, 193, 494, 0.000, 4.04, 0.00, 0.000, 90.00, 0.00, 0.000, 90.00, 0.00);
insert into SHOT values (192, 191, 194, 494, 4.040, 345.04, -20.00, 4.041, 345.05, -19.97, 0.003, 6.80, 36.22);
insert into SHOT values (193, 194, 195, 494, 2.240, 297.44, 12.10, 2.246, 297.38, 12.08, 0.006, 277.86, 4.22);
insert into SHOT values (194, 195, 196, 494, 1.920, 345.14, 18.90, 1.913, 345.27, 18.91, 0.008, 133.60, -13.09);
insert into SHOT values (195, 196, 197, 494, 2.660, 12.84, 11.80, 2.659, 12.65, 11.72, 0.009, 278.61, -24.87);
insert into SHOT values (196, 197, 198, 494, 3.310, 306.44, 2.70, 3.314, 306.52, 2.77, 0.008, 0.16, 32.89);
insert into SHOT values (197, 198, 199, 494, 1.880, 348.74, -49.40, 1.881, 349.15, -49.49, 0.009, 89.28, -15.96);
insert into SHOT values (198, 199, 200, 494, 2.930, 5.04, 38.20, 2.926, 4.99, 38.22, 0.005, 209.88, -24.57);
insert into SHOT values (199, 200, 201, 494, 1.240, 269.94, -11.10, 1.243, 270.00, -11.13, 0.004, 293.12, -20.10);
insert into SHOT values (200, 201, 202, 494, 1.500, 355.14, 8.10, 1.500, 354.98, 8.05, 0.004, 274.39, -18.30);
insert into SHOT values (201, 202, 203, 494, 7.750, 343.44, 0.60, 7.749, 343.51, 0.67, 0.013, 77.74, 42.79);
insert into SHOT values (202, 203, 204, 494, 0.000, 4.04, 2.00, 0.000, 90.00, 0.00, 0.000, 90.00, 0.00);
insert into SHOT values (203, 204, 205, 494, 2.910, 259.44, 2.00, 2.912, 259.31, 1.97, 0.007, 188.91, -12.73);
insert into SHOT values (204, 203, 206, 494, 12.060, 351.04, -1.00, 12.059, 351.03, -1.00, 0.001, 231.56, 18.58);
insert into SHOT values (205, 206, 207, 494, 0.000, 4.04, 0.00, 0.000, 90.00, 0.00, 0.000, 90.00, 0.00);
insert into SHOT values (206, 207, 208, 494, 5.230, 278.44, -16.50, 5.230, 278.37, -16.55, 0.007, 176.20, -39.12);
insert into SHOT values (207, 208, 209, 494, 3.800, 296.04, -2.70, 3.801, 296.09, -2.71, 0.004, 8.55, -14.12);
insert into SHOT values (208, 206, 210, 494, 0.000, 4.04, 0.00, 0.000, 90.00, 0.00, 0.000, 90.00, 0.00);
insert into SHOT values (209, 210, 211, 494, 10.600, 172.54, 46.00, 10.595, 172.59, 45.99, 0.008, 278.50, -37.00);
insert into SHOT values (210, 211, 212, 494, 5.180, 254.34, 48.00, 5.176, 254.24, 48.05, 0.008, 119.41, 3.45);
insert into SHOT values (211, 212, 213, 494, 1.850, 196.04, -7.20, 1.847, 196.16, -7.15, 0.005, 323.17, 20.50);
insert into SHOT values (212, 213, 214, 494, 5.540, 273.04, 80.50, 5.536, 273.14, 80.52, 0.005, 62.89, -49.29);
insert into SHOT values (213, 214, 215, 494, 5.690, 252.04, 16.00, 5.698, 252.03, 15.99, 0.008, 246.67, 11.91);
insert into SHOT values (214, 215, 216, 494, 0.000, 4.04, 0.00, 0.000, 90.00, 0.00, 0.000, 90.00, 0.00);
insert into SHOT values (215, 216, 217, 494, 6.890, 157.04, 48.00, 6.893, 157.05, 47.97, 0.005, 166.11, -2.94);
insert into SHOT values (216, 215, 218, 494, 1.580, 257.04, 7.00, 1.581, 257.11, 6.90, 0.004, 316.13, -45.31);
insert into SHOT values (217, 218, 219, 494, 5.600, 223.04, -4.60, 5.594, 222.96, -4.61, 0.009, 89.91, -5.37);
insert into SHOT values (218, 219, 220, 494, 3.650, 108.24, 19.60, 3.648, 108.33, 19.71, 0.009, 235.50, 38.43);
insert into SHOT values (219, 220, 221, 494, 4.970, 221.54, 53.30, 4.965, 221.59, 53.29, 0.006, 351.40, -55.17);
insert into SHOT values (220, 221, 222, 494, 3.480, 260.04, -4.20, 3.481, 260.05, -4.12, 0.005, 287.74, 69.89);
insert into SHOT values (221, 222, 223, 494, 3.500, 250.04, 46.00, 3.498, 250.00, 46.08, 0.006, 88.55, 23.97);
insert into SHOT values (222, 223, 224, 494, 3.750, 246.04, -1.50, 3.757, 245.96, -1.53, 0.009, 210.92, -12.03);
insert into SHOT values (223, 224, 225, 494, 3.970, 258.54, -2.30, 3.971, 258.66, -2.31, 0.009, 344.48, -4.42);
insert into SHOT values (224, 225, 226, 494, 1.720, 280.24, 10.50, 1.715, 280.24, 10.41, 0.006, 96.96, -38.60);
insert into SHOT values (225, 226, 152, 494, 0.000, 4.04, 0.00, 0.000, 90.00, 0.00, 0.000, 90.00, 0.00);
insert into SHOT values (226, 202, 227, 494, 0.000, 4.04, 0.00, 0.000, 90.00, 0.00, 0.000, 90.00, 0.00);
insert into SHOT values (227, 227, 228, 494, 5.390, 246.34, 0.00, 5.382, 246.34, 0.00, 0.008, 63.18, 0.00);
insert into CENTRELINE values (495, 491, NULL, '2023-07-20', '2020-01-01', 42.95, 0.00, 0.00);
 insert into TOPO values (2, 495);
 insert into PERSON values (10, 'Janet', 'Saumet');
insert into TOPO values (10, 495);
 insert into EXPLO values (3, 495);
 insert into SHOT values (228, 193, 229, 495, 5.990, 76.02, -11.50, 5.986, 75.99, -11.56, 0.008, 288.55, -42.96);
insert into SHOT values (229, 229, 230, 495, 7.160, 86.52, -3.80, 7.158, 86.55, -3.76, 0.006, 196.58, 49.92);
insert into SHOT values (230, 230, 231, 495, 9.150, 77.82, -4.40, 9.153, 77.79, -4.39, 0.006, 24.10, 19.15);
insert into SHOT values (231, 231, 232, 495, 2.140, 93.42, -7.30, 2.141, 93.51, -7.24, 0.004, 161.52, 28.36);
insert into SHOT values (232, 232, 233, 495, 5.210, 72.92, -4.50, 5.207, 72.86, -4.52, 0.007, 312.85, -10.48);
insert into SHOT values (233, 233, 234, 495, 3.300, 85.92, 3.50, 3.304, 86.00, 3.47, 0.006, 134.01, -13.13);
insert into SHOT values (234, 234, 235, 495, 10.000, 84.52, 0.00, 9.996, 84.49, 0.00, 0.007, 319.51, 0.00);
insert into SCRAPS values (497, 489, 'SP-Gouffre_Moquette_qui_suinte_00', 1, 8.51676, 0.12151);
 insert into SCRAPS values (600, 489, 'SP-Gouffre_Moquette_qui_suinte_01', 1, 1.42216, 0.04340);
 insert into SCRAPS values (687, 489, 'SP-Gouffre_Moquette_qui_suinte_02', 1, 0.35923, 0.03537);
 insert into SCRAPS values (711, 489, 'SP-Gouffre_Moquette_qui_suinte_03', 1, 0.00000, 0.00000);
 insert into SCRAPS values (713, 489, 'SC-Gouffre_Moquette_qui_suinte_00', 2, 1.46570, 0.01826);
 insert into SCRAPS values (779, 489, 'SC-Gouffre_Moquette_qui_suinte_01', 2, 8.07282, 0.09458);
 insert into SCRAPS values (838, 489, 'SC-Gouffre_Moquette_qui_suinte_02', 2, 0.25339, 0.00255);
 insert into MAPS values (861, 489, 'MP-Gouffre_Moquette_qui_suinte', 'Gouffre de la Moquette qui suinte', 1, 311.440, -40.180);
 insert into MAPITEMS values (861, 4, 497);
 insert into MAPITEMS values (861, 4, 600);
 insert into MAPITEMS values (861, 4, 687);
 insert into MAPITEMS values (861, 4, 711);
 insert into MAPS values (862, 489, 'MC-Gouffre_Moquette_qui_suinte', 'Gouffre_Moquette_qui_suinte', 2, 311.440, -40.180);
 insert into MAPITEMS values (862, 4, 713);
 insert into MAPITEMS values (862, 4, 779);
 insert into MAPITEMS values (862, 4, 838);
 insert into SURVEY values (864, 54, 'Gouffre_Chimelle', 'Gouffre_Chimelle.Flaine_Plate', 'Gouffre Chimelle');
 insert into CENTRELINE values (865, 864, NULL, NULL, NULL, 0.00, 0.00, 0.00);
 insert into SURVEY values (866, 864, 'Gouffre_Chimelle', 'Gouffre_Chimelle.Gouffre_Chimelle.Flaine_Plate', 'Gouffre de la Chimelle');
 insert into CENTRELINE values (867, 866, NULL, NULL, NULL, 0.00, 0.00, 0.00);
 insert into CENTRELINE values (868, 866, NULL, '2021-07-25', '2021-01-01', 98.68, 0.00, 0.00);
 insert into TOPO values (4, 868);
 insert into PERSON values (11, 'Sevan', 'Retif');
insert into TOPO values (11, 868);
 insert into PERSON values (12, 'Luna', 'Valentin');
insert into TOPO values (12, 868);
 insert into EXPLO values (3, 868);
 insert into SHOT values (235, 236, 237, 868, 0.000, 4.20, 0.00, 0.000, 90.00, 0.00, 0.000, 90.00, 0.00);
insert into SHOT values (236, 236, 238, 868, 0.000, 4.20, 0.00, 0.000, 90.00, 0.00, 0.000, 90.00, 0.00);
insert into SHOT values (237, 239, 240, 868, 24.600, 54.20, 87.60, 24.591, 54.14, 87.61, 0.010, 244.20, -54.19);
insert into SHOT values (238, 240, 241, 868, 3.700, 45.00, 68.80, 3.700, 45.30, 68.82, 0.007, 147.44, 3.14);
insert into SHOT values (239, 241, 242, 868, 6.740, 21.90, 43.00, 6.747, 21.89, 42.98, 0.007, 15.40, 27.11);
insert into SHOT values (240, 242, 243, 868, 27.000, 185.50, 85.10, 26.999, 185.46, 85.09, 0.005, 168.40, -16.60);
insert into SHOT values (241, 243, 244, 868, 4.230, 194.50, 29.40, 4.233, 194.45, 29.43, 0.005, 130.19, 47.07);
insert into SHOT values (242, 244, 245, 868, 10.720, 42.90, 85.90, 10.718, 42.37, 85.87, 0.009, 348.68, -16.47);
insert into SHOT values (243, 245, 246, 868, 5.120, 198.90, 72.16, 5.118, 198.90, 72.08, 0.007, 198.64, -31.15);
insert into SHOT values (244, 246, 247, 868, 14.480, 190.70, 73.50, 14.486, 190.65, 73.51, 0.007, 71.72, 61.13);
insert into SHOT values (245, 247, 238, 868, 2.090, 312.90, 64.20, 2.090, 312.78, 64.10, 0.004, 283.06, -24.19);
insert into SCRAPS values (870, 864, 'SC-Gouffre_Chimelle', 2, 0.00400, 0.00043);
 insert into SCRAPS values (897, 864, 'SP-Gouffre_Chimelle', 1, 100.00000, 10.96753);
 insert into MAPS values (921, 864, 'MP-Gouffre_Chimelle', 'Gouffre de la Chimelle', 1, 98.680, -92.930);
 insert into MAPITEMS values (921, 4, 897);
 insert into MAPS values (922, 864, 'MC-Gouffre_Chimelle', 'Gouffre de la Chimelle', 2, 98.680, -92.930);
 insert into MAPITEMS values (922, 4, 870);
 insert into SURVEY values (924, 54, 'Grotte_de_Monthieu', 'Grotte_de_Monthieu.Flaine_Plate', 'Gouffre de Monthieu');
 insert into CENTRELINE values (925, 924, NULL, NULL, NULL, 0.00, 0.00, 0.00);
 insert into SURVEY values (926, 924, 'Grotte_de_Monthieu', 'Grotte_de_Monthieu.Grotte_de_Monthieu.Flaine_Plate', 'Grotte de Monthieu');
 insert into CENTRELINE values (927, 926, NULL, NULL, NULL, 0.00, 0.00, 0.00);
 insert into CENTRELINE values (928, 926, NULL, '2021-07-22', '2021-01-01', 54.62, 0.00, 0.00);
 insert into PERSON values (13, 'Laurent', 'Cadhilac');
insert into TOPO values (13, 928);
 insert into PERSON values (14, 'Laurence', 'Tanguille');
insert into TOPO values (14, 928);
 insert into EXPLO values (3, 928);
 insert into PERSON values (15, 'S.S.S.', 'Geneve');
insert into EXPLO values (15, 928);
 insert into SHOT values (246, 248, 249, 928, 0.000, 4.19, 0.00, 0.000, 90.00, 0.00, 0.000, 90.00, 0.00);
insert into SHOT values (247, 248, 250, 928, 5.230, 56.49, 45.40, 5.227, 56.44, 45.37, 0.005, 324.27, -47.80);
insert into SHOT values (248, 248, 251, 928, 5.280, 270.19, -37.00, 5.284, 270.27, -37.00, 0.007, 330.30, -20.35);
insert into SHOT values (249, 251, 252, 928, 2.140, 79.19, 37.00, 2.142, 79.22, 37.03, 0.002, 108.17, 58.72);
insert into SHOT values (250, 252, 253, 928, 2.490, 4.19, 90.00, 2.490, 90.00, 90.00, 0.000, 4.19, -87.72);
insert into SHOT values (251, 253, 254, 928, 5.700, 149.19, -21.90, 5.708, 149.22, -21.91, 0.009, 168.19, -27.41);
insert into SHOT values (252, 254, 255, 928, 2.030, 16.79, 24.00, 2.037, 16.88, 24.05, 0.008, 42.03, 34.90);
insert into SHOT values (253, 251, 256, 928, 2.700, 203.19, -30.70, 2.704, 203.04, -30.69, 0.008, 144.08, -11.60);
insert into SHOT values (254, 256, 257, 928, 6.900, 169.19, -90.00, 6.900, 90.00, -90.00, 0.000, 169.19, -75.11);
insert into SHOT values (255, 257, 258, 928, 16.300, 176.19, -9.20, 16.294, 176.19, -9.18, 0.008, 24.26, 48.74);
insert into SHOT values (256, 258, 259, 928, 2.190, 116.19, 51.00, 2.185, 116.38, 51.07, 0.007, 256.32, -15.86);
insert into SHOT values (257, 259, 260, 928, 3.660, 212.19, -30.00, 3.659, 212.24, -30.01, 0.003, 332.18, 0.00);
insert into SURVEY values (931, 54, 'L_oeil_central_des_3_yeux', 'L_oeil_central_des_3_yeux.Flaine_Plate', 'L''oeil central des 3 yeux');
 insert into CENTRELINE values (932, 931, NULL, NULL, NULL, 0.00, 0.00, 0.00);
 insert into SURVEY values (933, 931, 'oeil_central_des_3_yeux', 'oeil_central_des_3_yeux.L_oeil_central_des_3_yeux.Flaine_Plate', 'L''oeil central des 3 yeux');
 insert into CENTRELINE values (934, 933, NULL, NULL, NULL, 0.00, 0.00, 0.00);
 insert into CENTRELINE values (935, 933, NULL, '2018-07-26', '2018-01-01', 63.20, 0.00, 0.00);
 insert into TOPO values (1, 935);
 insert into TOPO values (2, 935);
 insert into EXPLO values (3, 935);
 insert into SHOT values (258, 261, 262, 935, 0.000, 3.72, 0.00, 0.000, 90.00, 0.00, 0.000, 90.00, 0.00);
insert into SHOT values (259, 261, 263, 935, 0.000, 3.72, 0.00, 0.000, 90.00, 0.00, 0.000, 90.00, 0.00);
insert into SHOT values (260, 263, 264, 935, 5.590, 52.82, 10.40, 5.803, 53.53, 9.72, 0.234, 70.52, -7.13);
insert into SHOT values (261, 264, 265, 935, 10.150, 73.22, -3.90, 10.381, 73.16, -4.14, 0.236, 70.27, -14.66);
insert into SHOT values (262, 265, 266, 935, 9.500, 66.22, 0.30, 9.497, 66.22, 0.30, 0.004, 267.05, 4.20);
insert into SHOT values (263, 266, 267, 935, 5.050, 70.42, 2.30, 5.055, 70.45, 2.38, 0.009, 97.71, 51.55);
insert into SHOT values (264, 267, 268, 935, 1.600, 117.02, 33.80, 1.595, 116.95, 33.91, 0.006, 312.73, -0.69);
insert into SHOT values (265, 268, 269, 935, 3.600, 69.42, 2.40, 3.601, 69.50, 2.39, 0.005, 147.75, -8.65);
insert into SHOT values (266, 265, 270, 935, 0.000, 3.72, 0.00, 0.054, 68.20, 0.00, 0.054, 68.20, 0.00);
insert into SHOT values (267, 270, 271, 935, 3.050, 291.62, -23.70, 2.895, 293.06, -24.71, 0.177, 89.71, 5.17);
insert into SHOT values (268, 271, 272, 935, 2.900, 325.52, -1.00, 2.839, 327.37, -1.41, 0.113, 90.13, -9.87);
insert into SHOT values (269, 272, 273, 935, 0.650, 181.32, -5.50, 0.575, 174.99, -5.99, 0.101, 40.20, 1.31);
insert into SHOT values (270, 273, 274, 935, 5.760, 272.82, -2.60, 5.550, 273.72, -3.10, 0.233, 70.56, -9.54);
insert into SHOT values (271, 274, 275, 935, 5.070, 247.92, 6.10, 4.835, 247.76, 6.06, 0.236, 71.35, -7.01);
insert into SHOT values (272, 275, 276, 935, 3.050, 235.72, -19.60, 2.853, 235.06, -20.52, 0.206, 64.41, 6.46);
insert into SHOT values (273, 276, 277, 935, 2.130, 200.02, 17.60, 1.990, 198.15, 17.85, 0.154, 44.35, -12.75);
insert into SHOT values (274, 277, 278, 935, 5.100, 157.72, 15.10, 5.109, 155.61, 14.74, 0.185, 71.99, -8.91);
insert into SHOT values (275, 278, 263, 935, 0.000, 3.72, 0.00, 0.064, 71.57, -8.98, 0.064, 71.57, -8.98);
insert into SURVEY values (938, 54, 'Gouffre_du_Colonney', 'Gouffre_du_Colonney.Flaine_Plate', 'Gouffre du Colonney');
 insert into CENTRELINE values (939, 938, NULL, NULL, NULL, 0.00, 0.00, 0.00);
 insert into SURVEY values (940, 938, 'Colonney_Entree', 'Colonney_Entree.Gouffre_du_Colonney.Flaine_Plate', 'Gouffre du Colonney');
 insert into CENTRELINE values (941, 940, NULL, NULL, NULL, 0.00, 0.00, 0.00);
 insert into CENTRELINE values (942, 940, NULL, '2024-07-15', '2024-01-01', 101.36, 0.00, 0.00);
 insert into PERSON values (16, 'William', 'Gros');
insert into TOPO values (16, 942);
 insert into TOPO values (6, 942);
 insert into PERSON values (17, 'Pierre', 'Maleysson');
insert into TOPO values (17, 942);
 insert into PERSON values (18, 'Alexandre', 'Pont');
insert into TOPO values (18, 942);
 insert into EXPLO values (3, 942);
 insert into PERSON values (19, NULL, 'GEKHA');
insert into EXPLO values (19, 942);
 insert into SHOT values (276, 279, 280, 942, 1.730, 271.98, -20.20, 1.729, 272.12, -20.31, 0.005, 34.06, -29.36);
insert into SHOT values (277, 280, 281, 942, 9.130, 316.08, -80.80, 9.128, 315.83, -80.77, 0.008, 258.95, 18.53);
insert into SHOT values (278, 281, 282, 942, 1.440, 168.58, -1.20, 1.440, 168.38, -1.19, 0.005, 76.57, 1.76);
insert into SHOT values (279, 281, 283, 942, 1.520, 100.38, 6.40, 1.524, 100.27, 6.41, 0.005, 62.53, 6.84);
insert into SHOT values (280, 281, 284, 942, 1.150, 346.28, -7.30, 1.152, 346.33, -7.48, 0.004, 15.77, -63.43);
insert into SHOT values (281, 281, 285, 942, 1.680, 137.38, -60.90, 1.684, 136.97, -60.82, 0.007, 79.62, -16.70);
insert into SHOT values (282, 281, 286, 942, 1.990, 50.58, -67.80, 1.991, 50.87, -67.54, 0.010, 74.41, 14.66);
insert into SHOT values (283, 281, 287, 942, 6.190, 345.88, -72.40, 6.188, 346.04, -72.46, 0.008, 127.96, 1.72);
insert into SHOT values (284, 287, 288, 942, 1.710, 303.28, 7.30, 1.712, 303.22, 7.38, 0.003, 249.95, 51.35);
insert into SHOT values (285, 287, 289, 942, 3.070, 276.78, 3.00, 3.075, 276.73, 2.98, 0.006, 250.65, -6.39);
insert into SHOT values (286, 287, 290, 942, 2.320, 225.88, 0.70, 2.320, 226.05, 0.74, 0.007, 317.05, 13.75);
insert into SHOT values (287, 287, 291, 942, 1.560, 188.98, -1.20, 1.560, 189.22, -1.10, 0.007, 274.70, 22.17);
insert into SHOT values (288, 287, 292, 942, 5.600, 234.58, 80.30, 5.600, 234.96, 80.33, 0.007, 351.05, 0.50);
insert into SHOT values (289, 287, 293, 942, 3.730, 288.58, 59.40, 3.730, 288.72, 59.37, 0.005, 357.17, -6.49);
insert into SHOT values (290, 287, 294, 942, 4.080, 354.78, 84.50, 4.079, 354.14, 84.48, 0.005, 277.34, -15.24);
insert into SHOT values (291, 287, 295, 942, 1.810, 269.28, -52.30, 1.810, 269.48, -52.18, 0.005, 320.37, 22.71);
insert into SHOT values (292, 287, 296, 942, 2.270, 157.08, -38.00, 2.264, 157.18, -38.20, 0.010, 318.87, -13.69);
insert into SHOT values (293, 296, 297, 942, 0.890, 85.58, 81.40, 0.891, 85.91, 80.94, 0.007, 92.00, 0.05);
insert into SHOT values (294, 296, 298, 942, 1.460, 8.78, 46.60, 1.459, 9.18, 46.59, 0.007, 101.45, -6.51);
insert into SHOT values (295, 296, 299, 942, 0.950, 8.78, 11.60, 0.942, 9.36, 11.64, 0.013, 140.67, -4.67);
insert into SHOT values (296, 296, 300, 942, 1.370, 37.88, -84.90, 1.365, 41.63, -84.94, 0.009, 139.55, 29.63);
insert into SHOT values (297, 296, 301, 942, 1.150, 270.28, 8.00, 1.141, 270.00, 8.06, 0.010, 122.40, -0.27);
insert into SHOT values (298, 296, 302, 942, 2.470, 268.78, 22.40, 2.467, 268.74, 22.40, 0.004, 114.41, -20.00);
insert into SHOT values (299, 296, 303, 942, 0.840, 293.78, -5.40, 0.832, 293.47, -5.52, 0.009, 143.88, -6.06);
insert into SHOT values (300, 296, 304, 942, 6.860, 109.58, -32.70, 6.859, 109.63, -32.64, 0.008, 168.58, 48.02);
insert into SHOT values (301, 304, 305, 942, 0.520, 354.18, -10.00, 0.520, 354.40, -9.96, 0.002, 74.33, 8.47);
insert into SHOT values (302, 304, 306, 942, 0.470, 343.68, 50.40, 0.469, 344.58, 50.12, 0.005, 59.32, -23.77);
insert into SHOT values (303, 304, 307, 942, 2.540, 59.28, -9.20, 2.544, 59.35, -9.27, 0.006, 100.31, -40.48);
insert into SHOT values (304, 304, 308, 942, 2.060, 299.48, 3.10, 2.058, 299.43, 3.06, 0.003, 164.34, -30.31);
insert into SHOT values (305, 304, 309, 942, 3.830, 280.98, 14.80, 3.824, 281.07, 14.69, 0.011, 47.77, -50.31);
insert into SHOT values (306, 304, 310, 942, 2.310, 254.78, 8.50, 2.306, 254.74, 8.48, 0.005, 93.29, -17.71);
insert into SHOT values (307, 304, 311, 942, 1.880, 264.98, 40.50, 1.876, 265.17, 40.57, 0.007, 38.83, -8.41);
insert into SHOT values (308, 304, 312, 942, 2.210, 294.88, 30.90, 2.208, 294.94, 30.78, 0.005, 8.33, -66.15);
insert into SHOT values (309, 304, 313, 942, 3.280, 56.68, -22.30, 3.287, 56.68, -22.35, 0.007, 53.73, -46.34);
insert into SHOT values (310, 313, 314, 942, 0.430, 98.18, 12.70, 0.426, 98.33, 13.57, 0.008, 266.61, 46.32);
insert into SHOT values (311, 313, 315, 942, 0.750, 128.58, 57.10, 0.753, 129.09, 56.80, 0.006, 165.50, 2.66);
insert into SHOT values (312, 313, 316, 942, 0.750, 202.78, 37.00, 0.747, 202.69, 37.05, 0.003, 40.57, -24.66);
insert into SHOT values (313, 313, 317, 942, 2.070, 250.38, 7.50, 2.067, 250.33, 7.50, 0.003, 106.13, -3.31);
insert into SHOT values (314, 313, 318, 942, 5.190, 239.98, 17.30, 5.189, 239.97, 17.26, 0.004, 152.15, -72.14);
insert into SHOT values (315, 313, 319, 942, 1.850, 228.28, 15.60, 1.853, 228.18, 15.65, 0.005, 179.98, 30.66);
insert into SHOT values (316, 313, 320, 942, 1.380, 198.38, -85.90, 1.374, 196.70, -85.64, 0.009, 170.09, 45.02);
insert into SHOT values (317, 313, 321, 942, 1.600, 194.28, -18.20, 1.608, 194.40, -18.12, 0.009, 215.83, -1.75);
insert into SHOT values (318, 313, 322, 942, 3.380, 173.48, -34.00, 3.385, 173.46, -33.94, 0.006, 162.72, 0.66);
insert into SHOT values (319, 322, 323, 942, 1.020, 241.98, -2.30, 1.021, 241.93, -2.25, 0.002, 192.84, 36.66);
insert into SHOT values (320, 322, 324, 942, 0.810, 227.68, 49.20, 0.804, 228.09, 49.34, 0.007, 11.99, -26.05);
insert into SHOT values (321, 322, 325, 942, 0.670, 196.48, 79.60, 0.670, 199.98, 79.94, 0.008, 316.43, 6.96);
insert into SHOT values (322, 322, 326, 942, 1.700, 324.68, 51.90, 1.705, 324.65, 51.80, 0.006, 319.04, 22.12);
insert into SHOT values (323, 322, 327, 942, 0.610, 199.88, -77.30, 0.604, 202.62, -77.57, 0.009, 324.29, 33.99);
insert into SHOT values (324, 322, 328, 942, 1.300, 208.48, -25.80, 1.299, 208.53, -25.53, 0.006, 236.60, 68.88);
insert into SHOT values (325, 322, 329, 942, 2.010, 166.88, -18.60, 2.004, 166.91, -18.62, 0.006, 335.67, 10.80);
insert into SHOT values (326, 329, 330, 942, 0.750, 173.58, 3.00, 0.755, 173.91, 3.04, 0.007, 213.13, 6.25);
insert into SHOT values (327, 329, 331, 942, 0.920, 81.98, 13.50, 0.925, 82.32, 13.76, 0.008, 139.02, 39.46);
insert into SHOT values (328, 329, 332, 942, 0.890, 96.78, 60.60, 0.892, 96.63, 60.97, 0.006, 292.40, 47.98);
insert into SHOT values (329, 329, 333, 942, 0.590, 199.78, 23.00, 0.588, 199.44, 23.04, 0.004, 74.52, -7.68);
insert into SHOT values (330, 329, 334, 942, 1.010, 129.78, -16.70, 1.008, 129.96, -16.72, 0.004, 253.72, 3.73);
insert into SHOT values (331, 329, 335, 942, 1.180, 26.38, 9.80, 1.180, 26.57, 9.76, 0.004, 116.87, -12.77);
insert into SHOT values (332, 329, 336, 942, 1.330, 12.48, 28.60, 1.331, 12.37, 28.74, 0.004, 267.03, 54.73);
insert into SHOT values (333, 329, 337, 942, 1.360, 334.78, -6.30, 1.359, 334.57, -6.34, 0.005, 233.87, -8.68);
insert into SHOT values (334, 329, 338, 942, 1.710, 358.08, -47.30, 1.713, 358.03, -47.35, 0.004, 310.59, -65.06);
insert into SHOT values (335, 329, 339, 942, 1.190, 277.88, -74.80, 1.192, 277.35, -74.79, 0.003, 198.71, -29.05);
insert into SHOT values (336, 329, 340, 942, 8.870, 197.68, -84.90, 8.865, 197.74, -84.90, 0.005, 337.23, 74.53);
insert into SHOT values (337, 340, 341, 942, 0.740, 244.98, 15.60, 0.741, 245.22, 14.86, 0.010, 289.10, -64.05);
insert into SHOT values (338, 340, 342, 942, 1.130, 168.38, 9.20, 1.138, 168.19, 9.10, 0.009, 144.17, -4.17);
insert into SHOT values (339, 340, 343, 942, 1.610, 94.88, 10.60, 1.612, 95.06, 10.36, 0.009, 149.03, -44.63);
insert into SHOT values (340, 340, 344, 942, 1.750, 27.78, 9.00, 1.752, 27.90, 8.86, 0.006, 80.00, -40.20);
insert into SHOT values (341, 340, 345, 942, 3.500, 7.48, 53.10, 3.490, 7.40, 53.07, 0.010, 225.13, -60.27);
insert into SHOT values (342, 340, 346, 942, 2.740, 11.08, 46.30, 2.734, 11.01, 46.41, 0.009, 206.35, -6.16);
insert into SHOT values (343, 340, 347, 942, 6.800, 231.38, 77.20, 6.799, 231.46, 77.18, 0.003, 275.59, -19.03);
insert into SHOT values (344, 340, 348, 942, 2.570, 84.98, 19.90, 2.571, 85.02, 19.78, 0.006, 117.52, -57.24);
insert into SHOT values (345, 348, 349, 942, 1.360, 124.98, -3.60, 1.360, 125.10, -3.80, 0.005, 228.78, -58.67);
insert into SHOT values (346, 348, 350, 942, 1.720, 22.08, 46.40, 1.722, 21.80, 46.54, 0.007, 278.24, 36.63);
insert into SHOT values (347, 348, 351, 942, 7.460, 289.58, 86.00, 7.458, 289.13, 86.01, 0.005, 176.24, -22.52);
insert into SHOT values (348, 348, 352, 942, 2.820, 289.08, 4.00, 2.822, 289.08, 4.06, 0.004, 284.97, 65.79);
insert into SHOT values (349, 348, 353, 942, 3.100, 263.08, 6.40, 3.102, 263.11, 6.48, 0.005, 302.66, 64.87);
insert into SHOT values (350, 348, 354, 942, 1.950, 339.38, -77.00, 1.950, 338.68, -76.96, 0.006, 264.26, 0.22);
insert into SHOT values (351, 348, 355, 942, 0.900, 353.08, -8.70, 0.898, 352.87, -8.97, 0.006, 221.76, -42.33);
insert into SHOT values (352, 348, 356, 942, 2.540, 10.28, -18.60, 2.541, 10.28, -18.59, 0.001, 15.08, 6.54);
insert into SHOT values (353, 356, 357, 942, 0.420, 103.88, 0.70, 0.422, 103.71, 1.36, 0.005, 71.86, 63.61);
insert into SHOT values (354, 356, 358, 942, 1.230, 277.08, 20.10, 1.232, 276.94, 19.93, 0.005, 237.34, -31.41);
insert into SHOT values (355, 356, 359, 942, 1.470, 318.48, 75.60, 1.465, 318.37, 75.73, 0.006, 147.94, -41.03);
insert into SHOT values (356, 356, 360, 942, 2.670, 47.58, 0.30, 2.669, 47.58, 0.21, 0.004, 225.70, -69.82);
insert into SHOT values (357, 356, 361, 942, 2.040, 24.48, 22.80, 2.039, 24.52, 22.80, 0.002, 155.49, -17.50);
insert into SHOT values (358, 356, 362, 942, 1.780, 348.68, 9.70, 1.781, 348.50, 9.70, 0.006, 265.69, 0.90);
insert into SHOT values (359, 356, 363, 942, 1.890, 318.28, 16.50, 1.892, 318.13, 16.59, 0.006, 236.90, 33.67);
insert into SHOT values (360, 356, 364, 942, 2.950, 55.28, -5.90, 2.947, 55.28, -5.84, 0.004, 236.20, 54.50);
insert into SHOT values (361, 356, 365, 942, 4.560, 294.48, 15.40, 4.558, 294.47, 15.39, 0.002, 149.32, -24.47);
insert into SHOT values (362, 365, 366, 942, 0.940, 176.58, 13.90, 0.940, 176.86, 14.16, 0.006, 280.88, 42.92);
insert into SHOT values (363, 365, 367, 942, 1.960, 51.18, 84.00, 1.961, 50.91, 83.97, 0.002, 13.44, 24.53);
insert into SHOT values (364, 365, 368, 942, 0.590, 6.38, 43.80, 0.588, 5.44, 44.18, 0.008, 246.40, 11.56);
insert into SHOT values (365, 365, 369, 942, 1.680, 6.48, 61.00, 1.681, 6.34, 61.00, 0.002, 290.57, 17.21);
insert into SHOT values (366, 365, 370, 942, 3.290, 283.28, 42.30, 3.295, 283.29, 42.35, 0.006, 300.36, 71.28);
insert into SHOT values (367, 365, 371, 942, 2.440, 109.98, 5.60, 2.438, 110.00, 5.65, 0.003, 264.34, 40.84);
insert into SHOT values (368, 365, 372, 942, 2.260, 93.58, 10.10, 2.260, 93.61, 10.19, 0.004, 211.47, 71.71);
insert into SHOT values (369, 365, 373, 942, 3.590, 32.18, -17.00, 3.586, 32.25, -17.02, 0.006, 164.94, -3.73);
insert into SHOT values (370, 365, 374, 942, 1.830, 86.68, -34.20, 1.830, 86.59, -34.25, 0.003, 336.73, -28.29);
insert into SHOT values (371, 365, 375, 942, 3.410, 21.68, 16.40, 3.410, 21.70, 16.35, 0.003, 83.78, -61.90);
insert into SHOT values (372, 375, 376, 942, 4.130, 342.78, 73.20, 4.137, 342.47, 73.20, 0.009, 268.28, 43.38);
insert into SHOT values (373, 375, 377, 942, 9.810, 287.48, 57.90, 9.813, 287.39, 57.87, 0.010, 232.54, -1.56);
insert into SHOT values (374, 375, 378, 942, 1.530, 222.28, 38.80, 1.534, 222.63, 38.75, 0.008, 285.71, 9.08);
insert into SHOT values (375, 375, 379, 942, 1.840, 345.78, 25.70, 1.844, 345.71, 25.71, 0.004, 315.68, 27.73);
insert into SHOT values (376, 375, 380, 942, 1.620, 295.58, 13.40, 1.628, 295.43, 13.49, 0.010, 267.01, 28.01);
insert into SHOT values (377, 375, 381, 942, 0.730, 340.98, -13.00, 0.729, 340.29, -12.67, 0.010, 253.30, 26.20);
insert into SHOT values (378, 375, 382, 942, 1.530, 9.18, 2.40, 1.531, 9.03, 2.62, 0.007, 283.34, 55.95);
insert into SHOT values (379, 375, 383, 942, 2.110, 222.58, -87.90, 2.102, 225.00, -87.69, 0.012, 248.23, 46.05);
insert into SHOT values (380, 375, 384, 942, 5.030, 303.68, 73.10, 5.038, 303.58, 73.10, 0.008, 254.30, 65.17);
insert into SHOT values (381, 365, 385, 942, 2.440, 270.58, 30.60, 2.439, 270.55, 30.56, 0.002, 175.46, -57.86);
insert into SHOT values (382, 385, 386, 942, 0.370, 159.58, 16.90, 0.368, 160.02, 17.39, 0.005, 296.82, 31.80);
insert into SHOT values (383, 385, 387, 942, 1.170, 15.38, 70.40, 1.177, 14.74, 70.51, 0.009, 291.07, 60.59);
insert into SHOT values (384, 385, 388, 942, 0.610, 300.88, -11.50, 0.617, 300.80, -11.21, 0.008, 294.61, 11.87);
insert into SHOT values (385, 385, 389, 942, 2.450, 162.18, -83.20, 2.448, 162.18, -83.10, 0.005, 162.20, 34.53);
insert into SHOT values (386, 385, 390, 942, 2.170, 66.88, 8.00, 2.164, 66.91, 8.24, 0.011, 239.28, 47.46);
insert into SHOT values (387, 385, 391, 942, 1.150, 43.98, 22.20, 1.155, 43.86, 22.39, 0.007, 9.15, 54.69);
insert into SHOT values (388, 385, 392, 942, 12.660, 349.28, 47.40, 12.662, 349.24, 47.40, 0.006, 272.58, 9.31);
insert into SHOT values (389, 385, 393, 942, 5.830, 357.38, -39.40, 5.830, 357.33, -39.40, 0.004, 265.43, 6.59);
insert into SHOT values (390, 348, 394, 942, 5.720, 109.78, -3.30, 5.716, 109.77, -3.31, 0.004, 305.85, -9.48);
insert into SHOT values (391, 394, 395, 942, 0.810, 30.18, 3.50, 0.804, 30.72, 3.56, 0.010, 158.25, 3.29);
insert into SHOT values (392, 394, 396, 942, 1.250, 82.38, 7.20, 1.251, 82.59, 7.35, 0.006, 169.69, 36.53);
insert into SHOT values (393, 394, 397, 942, 0.880, 122.38, 22.00, 0.882, 122.52, 21.96, 0.003, 162.66, 6.21);
insert into SHOT values (394, 394, 398, 942, 1.420, 79.38, 58.50, 1.419, 79.90, 58.50, 0.007, 173.56, -6.31);
insert into SHOT values (395, 394, 399, 942, 0.950, 8.98, 60.30, 0.952, 9.87, 60.64, 0.009, 127.00, 30.44);
insert into SHOT values (396, 394, 400, 942, 4.170, 130.18, -82.50, 4.167, 130.60, -82.37, 0.011, 154.79, 23.92);
insert into SHOT values (397, 394, 401, 942, 5.650, 109.28, -0.70, 5.649, 109.33, -0.71, 0.005, 210.89, -10.49);
insert into SHOT values (398, 401, 402, 942, 1.360, 126.18, 82.80, 1.361, 125.54, 82.74, 0.003, 75.51, 16.17);
insert into SHOT values (399, 401, 403, 942, 0.520, 43.38, 73.80, 0.522, 42.27, 73.44, 0.005, 4.46, 8.06);
insert into SHOT values (400, 401, 404, 942, 0.520, 211.68, 72.70, 0.523, 211.61, 73.02, 0.004, 37.28, 60.41);
insert into SHOT values (401, 401, 405, 942, 0.550, 35.08, 20.50, 0.550, 35.54, 20.21, 0.005, 112.04, -31.75);
insert into SHOT values (402, 401, 406, 942, 0.560, 216.78, 10.10, 0.559, 216.87, 10.30, 0.002, 3.90, 48.74);
insert into SHOT values (403, 401, 407, 942, 0.620, 254.08, 9.70, 0.614, 253.66, 10.31, 0.010, 107.16, 34.49);
insert into SHOT values (404, 401, 408, 942, 0.700, 333.58, 10.50, 0.701, 334.18, 10.69, 0.008, 59.99, 18.68);
insert into SHOT values (405, 401, 409, 942, 0.850, 214.58, -88.20, 0.850, 206.57, -88.49, 0.006, 68.96, -4.34);
insert into SHOT values (406, 401, 410, 942, 2.290, 221.48, -72.10, 2.290, 220.96, -72.16, 0.007, 113.46, -7.15);
insert into SHOT values (407, 401, 411, 942, 4.280, 124.78, 0.10, 4.283, 124.73, 0.13, 0.006, 72.47, 27.32);
insert into SHOT values (408, 411, 412, 942, 0.480, 320.68, 76.70, 0.482, 318.81, 77.26, 0.006, 180.33, 27.91);
insert into SHOT values (409, 411, 413, 942, 0.390, 11.38, 38.30, 0.389, 11.31, 38.11, 0.002, 263.54, -76.93);
insert into SHOT values (410, 411, 414, 942, 0.670, 222.48, 17.00, 0.668, 222.46, 17.43, 0.006, 46.89, 47.93);
insert into SHOT values (411, 411, 415, 942, 2.960, 122.08, 3.70, 2.958, 122.13, 3.68, 0.003, 247.08, -18.60);
insert into SHOT values (412, 411, 416, 942, 3.910, 130.58, 2.30, 3.911, 130.54, 2.34, 0.004, 61.97, 44.29);
insert into SHOT values (413, 411, 417, 942, 1.040, 287.58, 4.00, 1.040, 287.39, 3.86, 0.004, 196.41, -35.95);
insert into SHOT values (414, 411, 418, 942, 1.520, 337.88, 6.30, 1.521, 337.85, 6.42, 0.003, 288.28, 69.71);
insert into CENTRELINE values (943, 940, NULL, '2024-07-16', '2024-01-01', 202.37, 0.00, 0.00);
 insert into TOPO values (16, 943);
 insert into TOPO values (17, 943);
 insert into TOPO values (18, 943);
 insert into EXPLO values (3, 943);
 insert into EXPLO values (19, 943);
 insert into SHOT values (415, 419, 411, 943, 12.000, 309.08, 65.40, 12.000, 309.07, 65.39, 0.003, 289.08, -18.65);
insert into SHOT values (416, 419, 420, 943, 1.050, 41.98, 21.60, 1.052, 41.68, 21.75, 0.006, 324.87, 33.54);
insert into SHOT values (417, 419, 421, 943, 1.800, 341.18, 21.10, 1.801, 341.24, 21.16, 0.003, 75.12, 48.67);
insert into SHOT values (418, 419, 422, 943, 2.840, 316.18, 12.70, 2.841, 316.17, 12.61, 0.005, 299.13, -65.31);
insert into SHOT values (419, 419, 423, 943, 1.220, 258.98, 15.50, 1.225, 258.79, 15.14, 0.010, 228.74, -36.87);
insert into SHOT values (420, 419, 424, 943, 0.930, 231.38, 9.50, 0.930, 231.63, 9.28, 0.005, 306.64, -40.01);
insert into SHOT values (421, 419, 425, 943, 1.910, 104.28, 14.20, 1.907, 104.41, 14.27, 0.006, 233.81, 14.96);
insert into SHOT values (422, 419, 426, 943, 3.640, 125.18, 6.40, 3.632, 125.19, 6.32, 0.010, 302.49, -36.50);
insert into SHOT values (423, 419, 427, 943, 5.010, 140.78, 11.20, 5.007, 140.87, 11.17, 0.008, 251.46, -21.74);
insert into SHOT values (424, 419, 428, 943, 1.030, 186.88, 31.20, 1.033, 187.13, 30.86, 0.008, 219.85, -27.24);
insert into SHOT values (425, 419, 429, 943, 7.170, 61.08, 77.60, 7.165, 61.09, 77.66, 0.009, 239.44, -17.11);
insert into SHOT values (426, 419, 430, 943, 0.530, 57.58, -71.40, 0.527, 57.26, -71.59, 0.004, 256.93, 39.87);
insert into SHOT values (427, 419, 431, 943, 3.530, 130.78, 29.40, 3.530, 130.78, 29.34, 0.003, 133.81, -58.20);
insert into SHOT values (428, 431, 432, 943, 0.450, 95.58, -1.90, 0.442, 95.19, -1.30, 0.010, 296.15, 30.09);
insert into SHOT values (429, 431, 433, 943, 0.910, 24.58, -3.30, 0.910, 24.03, -3.15, 0.009, 295.89, 15.15);
insert into SHOT values (430, 431, 434, 943, 2.040, 137.88, -0.80, 2.032, 137.99, -0.85, 0.009, 290.71, -10.02);
insert into SHOT values (431, 431, 435, 943, 1.880, 189.88, -2.40, 1.881, 190.11, -2.44, 0.008, 273.63, -9.42);
insert into SHOT values (432, 431, 436, 943, 3.480, 171.38, 0.60, 3.479, 171.40, 0.66, 0.004, 289.16, 66.27);
insert into SHOT values (433, 431, 437, 943, 0.980, 258.28, 2.40, 0.981, 258.23, 2.34, 0.002, 228.31, -31.43);
insert into SHOT values (434, 431, 438, 943, 1.580, 287.88, -3.30, 1.590, 287.98, -3.24, 0.011, 302.76, 5.18);
insert into SHOT values (435, 431, 439, 943, 5.630, 312.38, -7.50, 5.633, 312.32, -7.45, 0.009, 249.92, 33.75);
insert into SHOT values (436, 431, 440, 943, 5.690, 319.28, -7.50, 5.693, 319.31, -7.47, 0.005, 1.23, 31.93);
insert into SHOT values (437, 431, 441, 943, 5.330, 321.68, 75.80, 5.333, 321.82, 75.78, 0.005, 9.36, 34.00);
insert into SHOT values (438, 431, 442, 943, 2.870, 135.48, -82.60, 2.864, 135.00, -82.62, 0.007, 13.07, 59.03);
insert into SHOT values (439, 431, 443, 943, 3.110, 163.58, -5.00, 3.107, 163.67, -4.99, 0.006, 287.75, 9.97);
insert into SHOT values (440, 443, 444, 943, 2.520, 2.08, 8.90, 2.522, 2.07, 8.90, 0.002, 348.10, 3.66);
insert into SHOT values (441, 443, 445, 943, 1.030, 49.58, 9.70, 1.028, 49.40, 9.52, 0.005, 300.31, -45.99);
insert into SHOT values (442, 443, 446, 943, 2.630, 86.08, 1.90, 2.628, 86.07, 1.96, 0.004, 278.55, 49.00);
insert into SHOT values (443, 443, 447, 943, 0.860, 114.98, 5.10, 0.863, 114.78, 5.32, 0.005, 63.59, 41.91);
insert into SHOT values (444, 443, 448, 943, 0.840, 213.68, 9.90, 0.841, 213.69, 9.58, 0.005, 217.75, -67.96);
insert into SHOT values (445, 443, 449, 943, 1.850, 280.48, 22.00, 1.842, 280.45, 21.99, 0.008, 106.98, -23.43);
insert into SHOT values (446, 443, 450, 943, 1.980, 317.28, 16.80, 1.974, 317.36, 16.79, 0.007, 113.82, -19.49);
insert into SHOT values (447, 443, 451, 943, 2.390, 341.18, 19.60, 2.386, 341.32, 19.59, 0.007, 100.46, -15.15);
insert into SHOT values (448, 443, 452, 943, 2.370, 344.68, 83.30, 2.366, 345.47, 83.23, 0.006, 42.63, -40.26);
insert into SHOT values (449, 443, 453, 943, 1.190, 25.78, -81.90, 1.192, 25.02, -82.01, 0.004, 251.44, -31.23);
insert into SHOT values (450, 443, 454, 943, 1.810, 95.38, -21.70, 1.816, 95.44, -21.65, 0.006, 111.88, -7.06);
insert into SHOT values (451, 454, 455, 943, 0.560, 2.98, 10.50, 0.559, 2.08, 10.30, 0.009, 270.81, -13.36);
insert into SHOT values (452, 454, 456, 943, 1.660, 70.48, -4.10, 1.658, 70.58, -4.15, 0.004, 190.58, -21.92);
insert into SHOT values (453, 454, 457, 943, 2.140, 87.38, -9.50, 2.131, 87.27, -9.45, 0.010, 292.89, 19.25);
insert into SHOT values (454, 454, 458, 943, 0.760, 125.18, -4.90, 0.755, 125.80, -4.56, 0.011, 247.35, 27.01);
insert into SHOT values (455, 454, 459, 943, 0.640, 233.58, 3.00, 0.645, 233.84, 2.67, 0.007, 264.34, -31.40);
insert into SHOT values (456, 454, 460, 943, 0.700, 327.38, 7.00, 0.708, 327.22, 7.31, 0.009, 311.22, 32.78);
insert into SHOT values (457, 454, 461, 943, 1.850, 47.18, 68.70, 1.847, 46.81, 68.66, 0.006, 317.93, -39.70);
insert into SHOT values (458, 454, 462, 943, 0.810, 271.58, -79.90, 0.814, 273.81, -79.36, 0.010, 307.21, -14.24);
insert into SHOT values (459, 454, 463, 943, 22.810, 93.98, -73.50, 22.809, 93.98, -73.51, 0.003, 265.85, 13.79);
insert into SHOT values (460, 463, 464, 943, 0.380, 359.28, 2.50, 0.381, 358.49, 3.01, 0.006, 274.27, 33.10);
insert into SHOT values (461, 463, 465, 943, 0.740, 184.48, 6.40, 0.737, 184.70, 6.23, 0.005, 321.01, -31.62);
insert into SHOT values (462, 463, 466, 943, 1.400, 255.28, 6.00, 1.403, 255.47, 6.14, 0.006, 318.18, 36.00);
insert into SHOT values (463, 463, 467, 943, 4.730, 280.38, 8.60, 4.730, 280.35, 8.63, 0.004, 174.61, 44.29);
insert into SHOT values (464, 463, 468, 943, 0.430, 330.58, -5.50, 0.427, 330.42, -5.37, 0.003, 175.18, 23.15);
insert into SHOT values (465, 463, 469, 943, 0.520, 23.08, -11.60, 0.520, 23.05, -11.08, 0.005, 12.30, 72.59);
insert into SHOT values (466, 463, 470, 943, 1.520, 136.48, 3.20, 1.516, 136.61, 3.40, 0.007, 275.78, 45.55);
insert into SHOT values (467, 463, 471, 943, 3.770, 116.38, 1.60, 3.763, 116.36, 1.68, 0.009, 306.70, 32.05);
insert into SHOT values (468, 463, 472, 943, 0.960, 100.68, 6.40, 0.963, 100.84, 6.56, 0.005, 141.66, 36.43);
insert into SHOT values (469, 463, 473, 943, 5.680, 107.38, 86.30, 5.682, 107.45, 86.30, 0.002, 158.94, 73.67);
insert into SHOT values (470, 463, 474, 943, 0.670, 141.48, -55.70, 0.663, 141.58, -56.06, 0.008, 316.48, 25.06);
insert into SHOT values (471, 463, 475, 943, 3.900, 115.58, 24.90, 3.900, 115.62, 24.87, 0.003, 195.47, -37.62);
insert into SHOT values (472, 475, 476, 943, 1.060, 358.58, 1.90, 1.061, 358.38, 2.16, 0.006, 283.53, 51.39);
insert into SHOT values (473, 475, 477, 943, 1.700, 62.28, 2.50, 1.697, 62.23, 2.70, 0.007, 270.49, 59.25);
insert into SHOT values (474, 475, 478, 943, 0.810, 96.78, 10.00, 0.807, 96.50, 9.99, 0.005, 333.24, -7.94);
insert into SHOT values (475, 475, 479, 943, 1.550, 244.48, 12.50, 1.554, 244.62, 12.64, 0.007, 293.74, 43.44);
insert into SHOT values (476, 475, 480, 943, 1.750, 282.48, 1.80, 1.753, 282.53, 1.96, 0.006, 311.90, 59.55);
insert into SHOT values (477, 475, 481, 943, 1.930, 311.68, -3.60, 1.930, 311.63, -3.56, 0.002, 237.76, 35.35);
insert into SHOT values (478, 475, 482, 943, 1.300, 339.58, 3.70, 1.303, 339.75, 3.96, 0.008, 31.59, 50.95);
insert into SHOT values (479, 475, 483, 943, 4.660, 316.08, 84.70, 4.660, 315.94, 84.69, 0.001, 267.53, -3.09);
insert into SHOT values (480, 475, 484, 943, 1.710, 99.58, -88.10, 1.711, 99.46, -87.96, 0.004, 97.83, -12.81);
insert into SHOT values (481, 475, 485, 943, 3.990, 127.18, -78.70, 3.987, 127.16, -78.75, 0.005, 310.61, 34.76);
insert into SHOT values (482, 475, 486, 943, 0.910, 29.88, -17.40, 0.914, 29.50, -17.18, 0.008, 339.69, 15.73);
insert into SHOT values (483, 486, 487, 943, 7.190, 118.68, -62.40, 7.188, 118.72, -62.40, 0.003, 241.71, 33.69);
insert into SHOT values (484, 487, 488, 943, 0.720, 15.58, 7.00, 0.724, 16.16, 7.14, 0.009, 78.55, 15.35);
insert into SHOT values (485, 487, 489, 943, 1.660, 322.28, 2.10, 1.655, 322.37, 2.08, 0.005, 114.43, -8.78);
insert into SHOT values (486, 487, 490, 943, 2.360, 289.18, 0.10, 2.350, 289.13, 0.00, 0.011, 121.01, -21.47);
insert into SHOT values (487, 487, 491, 943, 1.580, 252.68, 2.50, 1.573, 252.60, 2.55, 0.007, 90.85, 8.86);
insert into SHOT values (488, 487, 492, 943, 1.440, 183.58, -4.50, 1.437, 183.60, -4.39, 0.004, 353.21, 47.03);
insert into SHOT values (489, 487, 493, 943, 1.820, 122.28, -5.30, 1.828, 122.21, -5.34, 0.008, 105.16, -13.00);
insert into SHOT values (490, 487, 494, 943, 2.340, 92.58, -2.40, 2.345, 92.69, -2.44, 0.007, 136.76, -17.29);
insert into SHOT values (491, 487, 495, 943, 0.680, 64.08, 4.20, 0.677, 64.57, 4.23, 0.006, 179.64, 1.76);
insert into SHOT values (492, 487, 496, 943, 0.820, 24.18, 11.60, 0.817, 24.33, 11.29, 0.006, 160.74, -59.01);
insert into SHOT values (493, 487, 497, 943, 5.290, 330.08, 83.80, 5.290, 330.26, 83.88, 0.007, 136.26, 7.48);
insert into SHOT values (494, 487, 498, 943, 3.380, 167.48, -78.00, 3.385, 166.94, -77.92, 0.009, 117.33, -24.08);
insert into SHOT values (495, 487, 499, 943, 3.000, 149.58, -59.20, 3.006, 149.61, -59.14, 0.007, 157.22, -28.40);
insert into SHOT values (496, 487, 500, 943, 6.280, 124.68, -73.20, 6.279, 124.48, -73.16, 0.008, 69.05, 13.99);
insert into SHOT values (497, 500, 501, 943, 1.130, 280.28, 8.10, 1.129, 280.30, 8.14, 0.001, 66.72, 43.23);
insert into SHOT values (498, 500, 502, 943, 0.940, 263.08, 1.80, 0.948, 262.72, 1.81, 0.010, 226.96, 2.71);
insert into SHOT values (499, 500, 503, 943, 1.050, 3.98, 8.90, 1.045, 3.89, 8.81, 0.006, 202.64, -24.94);
insert into SHOT values (500, 500, 504, 943, 5.510, 52.88, -1.30, 5.506, 52.90, -1.35, 0.007, 210.15, -45.42);
insert into SHOT values (501, 500, 505, 943, 0.840, 115.18, 4.00, 0.843, 115.35, 4.08, 0.004, 154.12, 20.04);
insert into SHOT values (502, 500, 506, 943, 0.580, 163.98, 11.10, 0.581, 164.74, 10.92, 0.008, 247.32, -12.26);
insert into SHOT values (503, 500, 507, 943, 2.140, 35.58, 16.00, 2.134, 35.47, 16.05, 0.008, 246.48, 1.03);
insert into SHOT values (504, 507, 508, 943, 4.010, 44.58, 1.40, 4.010, 44.70, 1.29, 0.011, 130.76, -44.53);
insert into SHOT values (505, 507, 509, 943, 0.380, 317.08, 14.90, 0.379, 317.20, 13.74, 0.008, 3.41, -82.05);
insert into SHOT values (506, 507, 510, 943, 2.390, 237.58, 2.60, 2.385, 237.51, 2.64, 0.006, 90.36, 16.19);
insert into SHOT values (507, 507, 511, 943, 1.260, 187.18, 8.10, 1.261, 186.90, 7.75, 0.010, 111.63, -49.70);
insert into SHOT values (508, 507, 512, 943, 0.720, 134.58, 2.70, 0.729, 134.44, 2.36, 0.010, 123.76, -22.80);
insert into SHOT values (509, 507, 513, 943, 1.550, 71.38, -1.10, 1.550, 71.57, -1.11, 0.005, 163.76, -2.81);
insert into SHOT values (510, 507, 514, 943, 4.710, 58.78, -2.00, 4.714, 58.81, -2.07, 0.007, 86.62, -51.38);
insert into SHOT values (511, 507, 515, 943, 4.980, 61.18, 70.50, 4.977, 61.28, 70.46, 0.006, 110.56, -49.15);
insert into SHOT values (512, 507, 516, 943, 0.180, 228.18, -87.60, 0.180, 180.00, -86.82, 0.008, 131.52, -1.21);
insert into SHOT values (513, 507, 517, 943, 4.700, 356.88, -85.90, 4.702, 358.26, -85.97, 0.010, 123.78, -11.51);
insert into SHOT values (514, 507, 518, 943, 12.660, 52.68, -66.40, 12.658, 52.70, -66.41, 0.003, 196.20, 22.14);
insert into SHOT values (515, 507, 519, 943, 8.820, 50.08, -37.70, 8.829, 50.11, -37.70, 0.010, 76.63, -38.55);
insert into SHOT values (516, 518, 520, 943, 2.290, 176.28, -4.10, 2.291, 176.24, -4.25, 0.007, 109.85, -72.54);
insert into SHOT values (517, 518, 521, 943, 3.670, 223.78, -0.60, 3.664, 223.67, -0.63, 0.009, 92.85, -9.70);
insert into SHOT values (518, 518, 522, 943, 4.050, 247.88, -3.00, 4.043, 247.88, -3.12, 0.011, 67.31, -47.48);
insert into SHOT values (519, 518, 523, 943, 3.140, 266.48, -4.90, 3.137, 266.52, -4.94, 0.004, 52.56, -28.43);
insert into SHOT values (520, 518, 524, 943, 1.370, 295.28, -3.80, 1.364, 295.25, -4.21, 0.012, 122.02, -52.17);
insert into SHOT values (521, 518, 525, 943, 0.690, 44.98, -5.20, 0.696, 45.00, -5.77, 0.009, 47.21, -52.11);
insert into SHOT values (522, 519, 526, 943, 0.620, 45.18, -5.20, 0.610, 45.00, -4.70, 0.011, 236.82, 33.00);
insert into SHOT values (523, 519, 527, 943, 1.500, 127.18, -7.20, 1.496, 127.33, -7.30, 0.006, 263.56, -19.33);
insert into SHOT values (524, 519, 528, 943, 13.970, 213.28, 79.30, 13.974, 213.38, 79.28, 0.007, 256.12, 22.87);
insert into SHOT values (525, 519, 529, 943, 1.700, 110.88, -4.10, 1.698, 111.11, -4.05, 0.007, 217.32, 12.35);
insert into SHOT values (526, 519, 530, 943, 2.660, 155.18, 2.70, 2.666, 155.36, 2.80, 0.011, 212.34, 25.40);
insert into SHOT values (527, 519, 531, 943, 2.460, 182.88, 5.20, 2.464, 183.04, 5.36, 0.010, 244.82, 42.93);
insert into SHOT values (528, 519, 532, 943, 3.290, 195.18, -3.40, 3.290, 195.18, -3.31, 0.005, 173.02, 85.46);
insert into SHOT values (529, 519, 533, 943, 6.640, 231.18, -2.40, 6.642, 231.18, -2.42, 0.003, 219.77, -48.73);
insert into SHOT values (530, 519, 534, 943, 2.920, 264.28, -2.70, 2.927, 264.31, -2.55, 0.011, 274.71, 44.13);
insert into SHOT values (531, 519, 535, 943, 2.720, 292.88, 2.60, 2.724, 292.70, 2.74, 0.011, 225.44, 35.48);
insert into SHOT values (532, 519, 536, 943, 1.570, 194.28, 68.80, 1.576, 194.28, 68.89, 0.006, 14.81, 88.06);
insert into SHOT values (533, 519, 537, 943, 1.140, 172.08, -84.30, 1.136, 175.24, -83.92, 0.011, 215.48, 24.34);
insert into SHOT values (534, 519, 538, 943, 6.120, 12.68, -74.90, 6.120, 12.72, -74.95, 0.006, 179.90, -13.62);
insert into SHOT values (535, 519, 539, 943, 14.720, 189.38, 65.00, 14.721, 189.43, 64.99, 0.006, 249.23, -7.60);
insert into SHOT values (536, 519, 540, 943, 1.420, 99.58, -31.40, 1.417, 100.01, -31.48, 0.010, 211.87, -0.98);
insert into SHOT values (537, 540, 541, 943, 0.550, 109.78, 6.50, 0.555, 109.09, 7.25, 0.011, 49.49, 45.50);
insert into SHOT values (538, 540, 542, 943, 0.900, 356.38, 13.40, 0.906, 356.75, 13.40, 0.008, 40.09, 9.91);
insert into SHOT values (539, 540, 543, 943, 0.780, 289.58, 7.20, 0.781, 289.60, 7.35, 0.003, 305.66, 63.57);
insert into SHOT values (540, 540, 544, 943, 1.360, 145.38, -3.00, 1.353, 145.25, -2.97, 0.008, 348.42, 8.54);
insert into SHOT values (541, 540, 545, 943, 0.550, 106.68, 1.70, 0.551, 105.80, 2.08, 0.009, 23.40, 23.41);
insert into SHOT values (542, 540, 546, 943, 0.590, 346.28, 6.10, 0.591, 346.20, 6.80, 0.007, 275.05, 83.18);
insert into SHOT values (543, 540, 547, 943, 0.960, 163.58, 74.50, 0.963, 163.74, 74.95, 0.008, 337.55, 36.73);
insert into SHOT values (544, 540, 548, 943, 0.860, 257.78, -80.80, 0.860, 261.25, -81.20, 0.010, 25.72, -6.01);
insert into SHOT values (545, 540, 549, 943, 4.220, 51.18, -11.50, 4.223, 51.08, -11.47, 0.008, 346.00, 9.46);
insert into SHOT values (546, 549, 550, 943, 0.830, 177.28, -2.30, 0.832, 177.24, -2.07, 0.004, 157.53, 62.35);
insert into SHOT values (547, 549, 551, 943, 0.550, 344.38, -6.50, 0.542, 344.93, -6.36, 0.010, 131.41, 13.39);
insert into SHOT values (548, 549, 552, 943, 0.810, 268.98, 8.70, 0.809, 268.57, 8.53, 0.006, 174.52, -23.53);
insert into SHOT values (549, 549, 553, 943, 0.990, 201.38, -3.30, 0.990, 201.37, -3.48, 0.003, 44.49, -81.15);
insert into SHOT values (550, 549, 554, 943, 0.950, 113.18, -4.50, 0.952, 113.59, -4.22, 0.009, 184.84, 32.14);
insert into SHOT values (551, 549, 555, 943, 0.850, 74.88, 5.80, 0.854, 74.98, 6.05, 0.006, 98.82, 48.22);
insert into SHOT values (552, 549, 556, 943, 0.620, 159.48, 72.00, 0.621, 158.75, 71.87, 0.003, 101.22, 6.78);
insert into SHOT values (553, 549, 557, 943, 0.920, 335.18, -81.50, 0.919, 337.38, -81.87, 0.008, 115.82, -0.77);
insert into SHOT values (554, 549, 558, 943, 2.490, 95.68, -25.70, 2.497, 95.86, -25.62, 0.011, 137.06, -1.00);
insert into SHOT values (555, 558, 559, 943, 1.400, 120.08, -6.60, 1.393, 119.90, -6.59, 0.008, 334.23, 6.63);
insert into SHOT values (556, 558, 560, 943, 1.010, 224.18, 4.10, 1.014, 224.60, 3.96, 0.009, 287.27, -14.97);
insert into SHOT values (557, 558, 561, 943, 2.450, 187.88, 2.50, 2.446, 188.00, 2.58, 0.007, 316.13, 26.40);
insert into SHOT values (558, 558, 562, 943, 2.360, 178.58, -3.60, 2.355, 178.78, -3.65, 0.010, 299.06, -10.80);
insert into SHOT values (559, 558, 563, 943, 2.210, 137.38, -75.10, 2.202, 137.17, -75.29, 0.011, 329.67, 31.01);
insert into SHOT values (560, 558, 564, 943, 1.030, 179.28, 65.30, 1.034, 180.00, 65.42, 0.007, 273.91, 38.06);
insert into SHOT values (561, 558, 565, 943, 2.070, 184.68, -24.80, 2.069, 184.89, -24.87, 0.007, 293.09, -13.51);
insert into SHOT values (562, 565, 566, 943, 1.360, 76.18, -2.20, 1.362, 75.96, -2.10, 0.006, 3.57, 22.18);
insert into SHOT values (563, 565, 567, 943, 3.180, 50.58, -2.30, 3.185, 50.61, -2.16, 0.010, 65.99, 52.47);
insert into SHOT values (564, 565, 568, 943, 1.990, 26.38, 2.70, 1.993, 26.57, 2.88, 0.009, 96.57, 42.69);
insert into SHOT values (565, 565, 569, 943, 1.740, 5.98, 2.90, 1.742, 5.94, 2.96, 0.003, 327.34, 44.46);
insert into SHOT values (566, 565, 570, 943, 1.800, 28.58, 47.60, 1.803, 28.46, 47.54, 0.004, 350.97, 10.49);
insert into SHOT values (567, 565, 571, 943, 1.800, 72.08, -79.70, 1.800, 72.12, -79.57, 0.004, 75.43, 14.31);
insert into SHOT values (568, 565, 572, 943, 10.560, 88.38, 77.10, 10.567, 88.30, 77.09, 0.008, 45.12, 53.50);
insert into SHOT values (569, 565, 573, 943, 5.590, 75.38, -25.40, 5.591, 75.33, -25.31, 0.010, 34.63, 48.99);
insert into SHOT values (570, 573, 574, 943, 7.730, 75.38, -25.30, 7.730, 75.41, -25.35, 0.008, 211.30, -55.65);
insert into SHOT values (571, 573, 575, 943, 5.580, 75.48, -25.50, 5.578, 75.49, -25.60, 0.010, 244.96, -51.46);
insert into SHOT values (572, 573, 576, 943, 1.610, 48.68, 6.30, 1.604, 48.81, 6.09, 0.010, 196.00, -44.28);
insert into SHOT values (573, 573, 577, 943, 2.450, 108.58, 0.20, 2.448, 108.58, 0.00, 0.009, 286.82, -74.48);
insert into SHOT values (574, 573, 578, 943, 2.340, 156.08, -1.10, 2.342, 156.06, -1.22, 0.005, 133.04, -68.72);
insert into SHOT values (575, 573, 579, 943, 4.410, 194.58, -0.70, 4.412, 194.57, -0.78, 0.007, 176.37, -68.90);
insert into SHOT values (576, 573, 580, 943, 3.340, 229.28, 1.30, 3.340, 229.25, 1.20, 0.006, 154.97, -71.75);
insert into SHOT values (577, 573, 581, 943, 2.980, 272.48, 0.30, 2.983, 272.50, 0.19, 0.006, 289.21, -61.82);
insert into SHOT values (578, 573, 582, 943, 2.140, 302.18, 8.50, 2.134, 302.03, 8.35, 0.010, 169.59, -40.59);
insert into SHOT values (579, 573, 583, 943, 1.550, 297.98, 7.20, 1.551, 297.90, 7.04, 0.005, 232.96, -59.74);
insert into SHOT values (580, 573, 584, 943, 9.630, 199.68, 85.20, 9.624, 199.56, 85.19, 0.007, 132.15, -73.25);
insert into SHOT values (581, 573, 585, 943, 1.030, 147.98, -69.50, 1.036, 148.50, -69.45, 0.007, 196.71, -50.28);
insert into SHOT values (582, 573, 586, 943, 5.570, 68.38, 65.80, 5.568, 68.39, 65.83, 0.003, 245.32, -9.87);
insert into SHOT values (583, 573, 587, 943, 11.290, 239.68, 81.00, 11.290, 239.81, 80.98, 0.006, 286.15, -10.08);
insert into SHOT values (584, 573, 588, 943, 7.570, 168.08, -28.00, 7.573, 168.08, -28.04, 0.006, 244.86, -86.00);
insert into SHOT values (585, 588, 589, 943, 2.320, 330.08, 2.00, 2.322, 330.01, 1.97, 0.004, 276.45, -15.12);
insert into SHOT values (586, 588, 590, 943, 1.360, 29.58, 5.50, 1.355, 29.80, 5.51, 0.007, 166.75, -2.68);
insert into SHOT values (587, 588, 591, 943, 0.880, 90.08, 3.90, 0.882, 90.00, 3.90, 0.002, 58.57, 3.51);
insert into SHOT values (588, 588, 592, 943, 1.380, 154.88, 4.20, 1.382, 155.11, 4.15, 0.006, 227.61, -10.57);
insert into SHOT values (589, 588, 593, 943, 1.520, 307.28, 72.30, 1.522, 307.12, 72.26, 0.003, 271.86, 40.39);
insert into SHOT values (590, 588, 594, 943, 1.350, 70.48, -83.50, 1.348, 70.35, -83.67, 0.004, 255.29, 17.56);
insert into SHOT values (591, 588, 595, 943, 4.460, 130.68, -35.40, 4.460, 130.65, -35.34, 0.005, 94.04, 49.60);
insert into SHOT values (592, 595, 596, 943, 0.590, 17.18, 10.00, 0.584, 17.18, 9.85, 0.006, 197.76, -24.57);
insert into SHOT values (593, 595, 597, 943, 0.860, 317.18, 7.10, 0.855, 316.91, 6.72, 0.009, 179.58, -46.48);
insert into SHOT values (594, 595, 598, 943, 0.940, 231.28, 0.60, 0.946, 231.43, 0.61, 0.007, 252.70, 1.29);
insert into SHOT values (595, 595, 599, 943, 0.660, 181.48, 11.20, 0.663, 181.76, 11.30, 0.005, 229.51, 22.82);
insert into SHOT values (596, 595, 600, 943, 0.650, 142.88, -5.40, 0.653, 143.13, -5.27, 0.004, 187.32, 16.19);
insert into SHOT values (597, 595, 601, 943, 1.400, 205.48, 84.90, 1.396, 206.57, 84.49, 0.011, 220.16, -23.99);
insert into SHOT values (598, 595, 602, 943, 1.050, 88.98, -83.30, 1.047, 90.00, -83.42, 0.004, 228.77, 40.57);
insert into SHOT values (599, 595, 603, 943, 4.250, 158.18, -39.30, 4.253, 158.26, -39.23, 0.007, 199.20, 14.60);
insert into SHOT values (600, 603, 604, 943, 1.330, 18.18, 6.10, 1.332, 18.02, 6.03, 0.005, 323.38, -16.72);
insert into SHOT values (601, 603, 605, 943, 0.700, 114.18, 0.70, 0.699, 113.63, 0.82, 0.007, 12.35, 11.89);
insert into SHOT values (602, 603, 606, 943, 6.130, 123.48, -7.60, 6.131, 123.45, -7.59, 0.003, 46.27, 14.20);
insert into SHOT values (603, 603, 607, 943, 3.950, 80.78, -1.00, 3.953, 80.68, -1.01, 0.008, 12.46, -8.10);
insert into SHOT values (604, 603, 608, 943, 1.900, 46.38, 1.70, 1.896, 46.28, 1.51, 0.008, 268.25, -52.44);
insert into SHOT values (605, 603, 609, 943, 1.000, 23.68, 3.80, 1.005, 23.50, 3.42, 0.009, 352.98, -45.03);
insert into SHOT values (606, 603, 610, 943, 13.800, 133.98, 77.70, 13.796, 134.03, 77.72, 0.006, 285.33, -29.99);
insert into SHOT values (607, 603, 611, 943, 1.640, 114.48, -81.10, 1.639, 113.50, -81.20, 0.005, 349.92, 2.79);
insert into SHOT values (608, 603, 612, 943, 4.760, 109.08, -30.50, 4.757, 109.10, -30.58, 0.007, 277.32, -34.20);
insert into SHOT values (609, 612, 613, 943, 5.730, 202.98, -6.20, 5.725, 202.96, -6.22, 0.006, 43.06, -11.01);
insert into SHOT values (610, 612, 614, 943, 2.750, 232.18, -1.70, 2.745, 232.25, -1.67, 0.006, 14.57, 15.66);
insert into SHOT values (611, 612, 615, 943, 3.150, 147.68, -1.90, 3.153, 147.57, -1.82, 0.008, 85.31, 32.87);
insert into SHOT values (612, 612, 616, 943, 0.540, 20.28, 12.60, 0.548, 20.81, 12.64, 0.010, 52.23, 13.37);
insert into SHOT values (613, 612, 617, 943, 3.390, 325.68, 24.20, 3.393, 325.80, 24.18, 0.007, 28.06, 2.94);
insert into SHOT values (614, 612, 618, 943, 13.670, 211.08, 76.10, 13.669, 211.02, 76.12, 0.006, 65.21, 2.98);
insert into SHOT values (615, 612, 619, 943, 1.410, 235.78, -72.50, 1.406, 235.56, -72.43, 0.005, 159.01, 70.53);
insert into SHOT values (616, 612, 620, 943, 5.760, 209.58, -15.90, 5.752, 209.58, -15.94, 0.009, 31.73, -12.63);
insert into SHOT values (617, 612, 621, 943, 6.340, 186.98, -42.40, 6.331, 186.88, -42.42, 0.013, 51.91, 23.82);
insert into SHOT values (618, 621, 622, 943, 1.510, 235.18, 3.40, 1.512, 235.26, 3.41, 0.003, 284.73, 9.71);
insert into SHOT values (619, 621, 623, 943, 1.930, 194.88, 2.00, 1.937, 194.97, 1.78, 0.010, 218.36, -44.51);
insert into SHOT values (620, 621, 624, 943, 2.030, 77.08, 8.70, 2.021, 77.28, 8.53, 0.013, 214.16, -34.12);
insert into SHOT values (621, 621, 625, 943, 4.250, 21.98, 35.40, 4.245, 21.89, 35.42, 0.007, 249.83, -15.25);
insert into SHOT values (622, 621, 626, 943, 5.760, 289.98, 34.80, 5.758, 289.89, 34.73, 0.011, 218.11, -42.66);
insert into SHOT values (623, 621, 627, 943, 10.360, 139.98, -5.80, 10.360, 140.04, -5.82, 0.011, 229.77, -16.72);
insert into SHOT values (624, 621, 628, 943, 14.440, 159.18, 78.00, 14.436, 159.33, 77.99, 0.009, 241.79, -29.15);
insert into SHOT values (625, 621, 629, 943, 1.360, 121.38, -81.40, 1.365, 122.91, -81.47, 0.008, 221.44, -44.05);
insert into SHOT values (626, 621, 630, 943, 14.120, 148.38, -34.80, 14.122, 148.43, -34.80, 0.011, 232.94, -8.01);
insert into SHOT values (627, 630, 631, 943, 4.800, 232.18, 4.10, 4.795, 232.22, 4.07, 0.007, 20.17, -27.86);
insert into SHOT values (628, 630, 632, 943, 8.410, 181.28, 5.60, 8.412, 181.23, 5.59, 0.008, 107.31, -5.12);
insert into SHOT values (629, 630, 633, 943, 8.010, 291.48, 17.90, 8.006, 291.48, 17.89, 0.004, 114.11, -32.07);
insert into SHOT values (630, 630, 634, 943, 5.250, 348.48, 19.40, 5.245, 348.58, 19.37, 0.010, 103.89, -22.90);
insert into SHOT values (631, 630, 635, 943, 8.750, 331.68, 32.00, 8.745, 331.67, 31.97, 0.007, 178.38, -70.81);
insert into SHOT values (632, 630, 636, 943, 2.910, 46.38, 9.10, 2.908, 46.41, 9.10, 0.002, 184.38, -6.17);
insert into SHOT values (633, 630, 637, 943, 3.740, 107.28, 7.70, 3.741, 107.26, 7.68, 0.002, 45.95, -37.66);
insert into SHOT values (634, 630, 638, 943, 8.360, 141.68, 7.80, 8.363, 141.66, 7.77, 0.007, 110.25, -43.92);
insert into SHOT values (635, 630, 639, 943, 9.860, 177.18, -2.30, 9.860, 177.15, -2.32, 0.007, 88.58, -37.93);
insert into SHOT values (636, 630, 640, 943, 15.240, 178.88, 81.40, 15.242, 178.74, 81.39, 0.006, 105.39, 13.32);
insert into SHOT values (637, 630, 641, 943, 10.520, 225.78, 65.60, 10.518, 225.75, 65.62, 0.005, 80.17, -4.80);
insert into SHOT values (638, 630, 642, 943, 8.120, 168.38, -8.40, 8.123, 168.37, -8.42, 0.005, 127.87, -53.86);
insert into SHOT values (639, 642, 643, 943, 4.470, 78.08, 41.30, 4.474, 77.99, 41.25, 0.008, 33.30, -1.54);
insert into SHOT values (640, 642, 644, 943, 7.350, 31.48, 21.00, 7.358, 31.49, 20.94, 0.011, 39.02, -20.85);
insert into SHOT values (641, 642, 645, 943, 3.220, 181.28, -0.10, 3.221, 181.25, 0.00, 0.006, 112.03, 68.98);
insert into SHOT values (642, 642, 646, 943, 9.260, 155.78, -2.20, 9.254, 155.74, -2.17, 0.011, 25.36, 29.42);
insert into SHOT values (643, 642, 647, 943, 3.180, 294.58, 8.70, 3.182, 294.61, 8.68, 0.003, 328.41, -19.77);
insert into SHOT values (644, 642, 648, 943, 12.600, 112.48, 81.40, 12.601, 112.48, 81.41, 0.002, 295.77, 57.48);
insert into SHOT values (645, 642, 649, 943, 10.110, 168.38, -8.00, 10.105, 168.35, -8.02, 0.008, 29.67, -21.68);
insert into SHOT values (646, 630, 650, 943, 5.120, 217.58, -1.00, 5.113, 217.61, -1.01, 0.007, 17.20, -5.07);
insert into CENTRELINE values (944, 940, NULL, '2024-07-17', '2024-01-01', 134.08, 0.00, 0.00);
 insert into TOPO values (8, 944);
 insert into TOPO values (17, 944);
 insert into TOPO values (18, 944);
 insert into EXPLO values (3, 944);
 insert into EXPLO values (19, 944);
 insert into SHOT values (647, 650, 651, 944, 2.960, 161.68, 12.60, 2.967, 161.69, 12.46, 0.010, 164.75, -35.66);
insert into SHOT values (648, 650, 652, 944, 15.230, 128.68, 20.10, 15.233, 128.67, 20.08, 0.007, 101.96, -36.96);
insert into SHOT values (649, 650, 653, 944, 7.330, 95.88, 17.80, 7.328, 95.92, 17.80, 0.005, 206.19, -7.93);
insert into SHOT values (650, 650, 654, 944, 6.490, 25.68, 25.50, 6.481, 25.73, 25.50, 0.010, 171.25, -23.53);
insert into SHOT values (651, 650, 655, 944, 8.150, 10.58, 12.30, 8.141, 10.58, 12.27, 0.010, 197.01, -38.30);
insert into SHOT values (652, 650, 656, 944, 4.540, 324.48, 20.40, 4.535, 324.48, 20.39, 0.005, 148.38, -31.59);
insert into SHOT values (653, 650, 657, 944, 12.720, 143.48, 88.40, 12.715, 144.09, 88.39, 0.007, 196.47, -46.63);
insert into SHOT values (654, 650, 658, 944, 2.120, 180.18, -87.70, 2.122, 180.00, -87.57, 0.005, 176.86, -19.11);
insert into SHOT values (655, 650, 659, 944, 9.890, 161.58, -87.90, 9.897, 161.08, -87.86, 0.011, 138.24, -38.82);
insert into SHOT values (656, 659, 660, 944, 2.760, 211.58, 4.00, 2.760, 211.78, 4.16, 0.012, 304.28, 37.42);
insert into SHOT values (657, 659, 661, 944, 4.430, 173.68, 4.30, 4.429, 173.76, 4.40, 0.010, 276.47, 51.71);
insert into SHOT values (658, 659, 662, 944, 0.660, 145.38, 7.30, 0.661, 145.58, 7.83, 0.007, 236.77, 69.58);
insert into SHOT values (659, 659, 663, 944, 0.930, 60.38, 8.50, 0.933, 60.10, 8.63, 0.006, 4.18, 25.01);
insert into SHOT values (660, 659, 664, 944, 2.810, 6.18, 8.60, 2.808, 6.20, 8.60, 0.002, 160.10, -4.64);
insert into SHOT values (661, 659, 665, 944, 4.430, 327.18, 6.20, 4.431, 327.14, 6.22, 0.004, 249.27, 25.32);
insert into SHOT values (662, 659, 666, 944, 4.800, 321.68, 3.40, 4.800, 321.70, 3.46, 0.005, 54.18, 78.22);
insert into SHOT values (663, 659, 667, 944, 2.330, 287.68, 2.80, 2.334, 287.74, 2.95, 0.007, 319.20, 56.00);
insert into SHOT values (664, 659, 668, 944, 5.110, 293.88, 18.80, 5.118, 293.87, 18.81, 0.008, 283.16, 24.82);
insert into SHOT values (665, 659, 669, 944, 8.910, 69.78, 89.10, 8.911, 68.96, 89.10, 0.002, 320.86, 27.57);
insert into SHOT values (666, 659, 670, 944, 16.130, 181.08, -80.90, 16.123, 181.12, -80.90, 0.007, 289.05, 74.44);
insert into SHOT values (667, 659, 671, 944, 16.220, 294.98, -85.00, 16.212, 295.11, -85.00, 0.009, 25.37, 68.36);
insert into SHOT values (668, 671, 672, 944, 1.700, 256.58, -2.50, 1.709, 256.45, -2.68, 0.012, 233.63, -30.54);
insert into SHOT values (669, 671, 673, 944, 2.650, 315.18, -1.00, 2.652, 315.15, -1.08, 0.004, 282.18, -56.74);
insert into SHOT values (670, 671, 674, 944, 4.910, 344.98, -3.30, 4.909, 344.86, -3.39, 0.013, 245.68, -34.40);
insert into SHOT values (671, 671, 675, 944, 3.460, 19.78, -0.50, 3.454, 19.80, -0.50, 0.006, 189.48, 1.92);
insert into SHOT values (672, 671, 676, 944, 2.940, 59.28, 0.70, 2.933, 59.24, 0.59, 0.010, 256.96, -38.31);
insert into SHOT values (673, 671, 677, 944, 2.230, 104.68, -0.50, 2.224, 104.85, -0.52, 0.009, 235.80, -3.60);
insert into SHOT values (674, 671, 678, 944, 1.870, 133.98, -3.00, 1.870, 134.13, -3.07, 0.005, 229.44, -23.44);
insert into SHOT values (675, 671, 679, 944, 2.220, 155.78, 10.70, 2.218, 155.90, 10.65, 0.005, 263.10, -24.09);
insert into SHOT values (676, 671, 680, 944, 10.070, 160.68, 30.90, 10.072, 160.75, 30.89, 0.010, 235.64, -7.54);
insert into SHOT values (677, 671, 681, 944, 2.960, 198.88, 20.10, 2.958, 198.89, 19.97, 0.007, 287.49, -86.36);
insert into SHOT values (678, 671, 682, 944, 1.750, 232.18, 8.00, 1.749, 232.27, 7.89, 0.005, 338.39, -51.95);
insert into SHOT values (679, 671, 683, 944, 0.780, 328.78, -56.90, 0.786, 327.43, -57.09, 0.012, 245.11, -32.90);
insert into SHOT values (680, 671, 684, 944, 13.950, 288.18, 81.60, 13.950, 287.99, 81.59, 0.007, 213.49, -2.84);
insert into SHOT values (681, 671, 685, 944, 5.140, 326.68, 1.80, 5.142, 326.59, 1.78, 0.009, 249.36, -9.58);
insert into SHOT values (682, 685, 686, 944, 1.520, 75.68, -4.70, 1.524, 75.51, -4.89, 0.008, 22.04, -43.34);
insert into SHOT values (683, 685, 687, 944, 0.480, 264.68, -14.40, 0.477, 265.03, -14.57, 0.004, 43.34, -8.41);
insert into SHOT values (684, 685, 688, 944, 5.290, 307.88, -67.40, 5.295, 308.00, -67.45, 0.008, 69.30, -52.00);
insert into SHOT values (685, 671, 689, 944, 11.130, 162.18, 32.80, 11.132, 162.20, 32.80, 0.004, 220.39, 10.43);
insert into SHOT values (686, 689, 690, 944, 2.100, 39.68, -1.40, 2.103, 39.60, -1.63, 0.010, 353.43, -63.44);
insert into SHOT values (687, 689, 691, 944, 4.550, 0.38, -0.40, 4.550, 0.38, -0.50, 0.008, 304.02, -87.37);
insert into SHOT values (688, 689, 692, 944, 15.440, 342.48, 0.10, 15.447, 342.48, 0.07, 0.010, 338.43, -46.59);
insert into SHOT values (689, 689, 693, 944, 4.390, 321.58, 4.80, 4.392, 321.59, 4.70, 0.008, 327.05, -67.78);
insert into SHOT values (690, 689, 694, 944, 1.000, 331.08, 6.90, 1.001, 331.11, 6.89, 0.001, 3.29, -7.56);
insert into SHOT values (691, 689, 695, 944, 3.240, 132.58, 20.10, 3.239, 132.60, 20.04, 0.004, 196.32, -70.01);
insert into SHOT values (692, 689, 696, 944, 0.810, 260.88, 5.80, 0.814, 260.77, 5.64, 0.005, 242.08, -20.74);
insert into SHOT values (693, 689, 697, 944, 1.380, 115.78, -81.60, 1.385, 116.57, -81.64, 0.006, 213.39, -59.98);
insert into SHOT values (694, 689, 698, 944, 14.410, 0.48, 84.60, 14.404, 0.42, 84.58, 0.007, 340.45, -55.29);
insert into SHOT values (695, 689, 699, 944, 8.860, 140.88, 42.50, 8.857, 140.90, 42.47, 0.006, 214.81, -67.35);
insert into SHOT values (696, 699, 700, 944, 6.440, 317.58, -2.40, 6.440, 317.58, -2.40, 0.000, 114.74, -53.91);
insert into SHOT values (697, 699, 701, 944, 0.670, 32.98, 5.50, 0.669, 32.74, 6.00, 0.007, 280.44, 61.80);
insert into SHOT values (698, 699, 702, 944, 0.580, 169.38, 10.40, 0.579, 169.88, 10.94, 0.007, 277.82, 45.73);
insert into SHOT values (699, 699, 703, 944, 1.670, 223.98, 5.80, 1.664, 224.02, 5.87, 0.007, 34.28, 10.49);
insert into SHOT values (700, 699, 704, 944, 1.630, 234.48, 9.30, 1.627, 234.63, 9.19, 0.006, 350.80, -36.70);
insert into SHOT values (701, 699, 705, 944, 2.410, 277.68, 1.00, 2.413, 277.86, 0.95, 0.008, 345.86, -14.19);
insert into SHOT values (702, 699, 706, 944, 4.970, 306.48, 1.80, 4.971, 306.57, 1.84, 0.009, 32.64, 26.87);
insert into SHOT values (703, 699, 707, 944, 7.490, 283.58, 87.30, 7.488, 284.83, 87.31, 0.008, 22.51, -12.29);
insert into SHOT values (704, 699, 708, 944, 1.500, 236.48, -72.40, 1.501, 236.66, -72.35, 0.002, 283.67, -6.36);
insert into SHOT values (705, 699, 709, 944, 1.940, 218.48, -11.50, 1.933, 218.57, -11.64, 0.009, 19.94, -20.39);
insert into SHOT values (706, 709, 710, 944, 1.180, 69.68, 3.70, 1.173, 70.02, 3.91, 0.011, 205.68, 21.35);
insert into SHOT values (707, 709, 711, 944, 1.700, 139.48, -3.00, 1.697, 139.55, -2.70, 0.009, 280.85, 71.43);
insert into SHOT values (708, 709, 712, 944, 6.400, 152.88, -5.20, 6.404, 152.95, -5.20, 0.009, 217.07, 0.32);
insert into SHOT values (709, 709, 713, 944, 0.590, 199.18, -6.60, 0.598, 199.65, -5.76, 0.013, 229.05, 38.45);
insert into SHOT values (710, 709, 714, 944, 1.500, 312.28, -2.40, 1.495, 312.02, -2.30, 0.009, 188.28, 18.59);
insert into SHOT values (711, 709, 715, 944, 8.160, 111.48, 78.60, 8.161, 111.47, 78.61, 0.001, 307.42, 42.90);
insert into SHOT values (712, 709, 716, 944, 1.460, 260.88, -76.30, 1.454, 260.27, -75.86, 0.013, 238.79, 40.13);
insert into SHOT values (713, 709, 717, 944, 6.010, 164.48, -35.30, 6.011, 164.52, -35.26, 0.005, 211.11, 33.22);
insert into SHOT values (714, 717, 718, 944, 0.740, 56.98, -4.50, 0.740, 57.17, -4.65, 0.003, 144.36, -38.43);
insert into SHOT values (715, 717, 719, 944, 0.310, 246.88, 6.30, 0.307, 246.80, 7.48, 0.007, 73.84, 59.50);
insert into SHOT values (716, 717, 720, 944, 1.310, 166.28, -4.80, 1.312, 166.28, -4.81, 0.002, 166.92, -11.48);
insert into SHOT values (717, 717, 721, 944, 0.610, 25.48, 2.70, 0.609, 25.30, 2.82, 0.002, 268.68, 30.52);
insert into SHOT values (718, 717, 722, 944, 3.710, 94.98, 71.70, 3.708, 94.93, 71.70, 0.003, 336.19, -61.86);
insert into SHOT values (719, 717, 723, 944, 0.790, 337.58, -54.10, 0.792, 337.29, -53.93, 0.004, 298.00, -1.02);
insert into SHOT values (720, 717, 724, 944, 2.170, 296.08, -82.90, 2.167, 296.57, -82.89, 0.004, 23.47, 56.01);
insert into SHOT values (721, 724, 725, 944, 0.420, 253.58, 12.00, 0.427, 253.30, 12.16, 0.008, 236.79, 20.69);
insert into SHOT values (722, 724, 726, 944, 0.320, 105.48, -1.30, 0.323, 106.19, -1.77, 0.006, 159.84, -29.19);
insert into SHOT values (723, 724, 727, 944, 0.760, 199.98, 6.90, 0.761, 200.11, 6.79, 0.003, 246.97, -28.91);
insert into SHOT values (724, 724, 728, 944, 0.530, 341.68, -19.00, 0.525, 341.20, -18.90, 0.007, 203.56, 22.20);
insert into SHOT values (725, 724, 729, 944, 4.160, 184.18, -33.30, 4.166, 184.29, -33.35, 0.009, 250.42, -41.50);
insert into SHOT values (726, 729, 730, 944, 0.380, 62.88, -3.30, 0.381, 63.43, -3.01, 0.004, 141.42, 26.59);
insert into SHOT values (727, 729, 731, 944, 1.270, 139.18, -0.30, 1.269, 139.15, 0.00, 0.007, 352.83, 80.48);
insert into SHOT values (728, 729, 732, 944, 1.530, 331.28, 13.50, 1.524, 331.36, 13.66, 0.007, 134.21, 22.66);
insert into SHOT values (729, 729, 733, 944, 0.780, 143.08, 78.90, 0.784, 143.13, 78.98, 0.005, 285.94, 87.38);
insert into SHOT values (730, 729, 734, 944, 0.960, 224.38, -75.80, 0.959, 223.26, -75.91, 0.005, 109.75, 7.59);
insert into SHOT values (731, 729, 735, 944, 3.710, 161.48, -23.60, 3.705, 161.46, -23.55, 0.006, 3.58, 55.17);
insert into SHOT values (732, 735, 736, 944, 0.360, 255.18, 6.60, 0.357, 253.61, 6.44, 0.010, 146.18, -7.63);
insert into SHOT values (733, 735, 737, 944, 0.430, 97.38, 15.10, 0.438, 98.13, 14.54, 0.011, 128.79, -10.74);
insert into SHOT values (734, 735, 738, 944, 0.680, 177.98, 9.10, 0.680, 177.44, 9.31, 0.007, 80.84, 20.86);
insert into SHOT values (735, 735, 739, 944, 0.520, 293.08, -6.10, 0.514, 293.05, -6.70, 0.008, 115.56, -37.07);
insert into SHOT values (736, 735, 740, 944, 1.290, 238.88, -75.40, 1.290, 237.80, -75.68, 0.009, 103.10, -10.89);
insert into SHOT values (737, 735, 741, 944, 3.450, 77.68, 80.50, 3.448, 77.91, 80.44, 0.005, 111.83, -34.01);
insert into SHOT values (738, 735, 742, 944, 3.240, 173.28, -20.00, 3.247, 173.22, -19.99, 0.008, 148.78, -14.13);
insert into SHOT values (739, 742, 743, 944, 0.560, 60.98, 0.70, 0.560, 61.14, 1.02, 0.004, 168.34, 62.23);
insert into SHOT values (740, 742, 744, 944, 0.270, 258.18, 12.00, 0.271, 259.11, 12.77, 0.006, 339.88, 41.58);
insert into SHOT values (741, 742, 745, 944, 0.860, 141.38, 1.80, 0.861, 141.13, 2.00, 0.005, 65.45, 37.71);
insert into SHOT values (742, 742, 746, 944, 2.150, 75.98, 71.60, 2.151, 75.56, 71.53, 0.006, 15.59, -0.82);
insert into SHOT values (743, 742, 747, 944, 0.760, 205.88, -86.10, 0.761, 206.57, -86.63, 0.007, 21.51, -14.12);
insert into SHOT values (744, 742, 748, 944, 2.670, 158.48, -13.50, 2.664, 158.49, -13.46, 0.007, 336.52, 29.85);
insert into SHOT values (745, 748, 749, 944, 0.550, 254.88, 0.40, 0.551, 254.20, 0.00, 0.008, 171.74, -30.09);
insert into SHOT values (746, 748, 750, 944, 0.380, 71.58, 2.80, 0.380, 71.57, 3.02, 0.001, 308.13, 84.73);
insert into SHOT values (747, 748, 751, 944, 2.920, 169.18, 1.10, 2.923, 169.15, 0.98, 0.007, 140.01, -62.42);
insert into SHOT values (748, 748, 752, 944, 2.180, 222.18, -74.30, 2.181, 221.55, -74.36, 0.007, 115.12, -11.16);
insert into SHOT values (749, 748, 753, 944, 2.030, 97.78, 75.20, 2.029, 97.67, 75.01, 0.007, 88.05, -23.07);
insert into SHOT values (750, 748, 754, 944, 2.380, 182.68, -24.20, 2.383, 182.64, -24.28, 0.005, 134.29, -63.42);
insert into SHOT values (751, 754, 755, 944, 0.650, 73.48, -10.60, 0.647, 73.56, -10.68, 0.003, 236.91, -8.10);
insert into SHOT values (752, 754, 756, 944, 0.300, 229.98, 12.50, 0.299, 229.18, 13.54, 0.007, 111.12, 47.67);
insert into SHOT values (753, 754, 757, 944, 2.510, 351.98, 9.10, 2.506, 352.10, 9.19, 0.008, 126.20, 23.14);
insert into SHOT values (754, 754, 758, 944, 1.610, 166.88, -2.00, 1.614, 166.74, -1.78, 0.008, 121.67, 47.57);
insert into SHOT values (755, 754, 759, 944, 1.610, 315.48, -67.40, 1.603, 315.66, -67.43, 0.008, 106.97, 58.01);
insert into SHOT values (756, 754, 760, 944, 2.420, 48.48, 70.40, 2.421, 48.48, 70.34, 0.003, 48.91, 4.38);
insert into SHOT values (757, 754, 761, 944, 4.700, 248.88, -71.40, 4.696, 248.91, -71.37, 0.005, 274.36, 70.72);
insert into SHOT values (758, 754, 762, 944, 4.900, 229.78, -70.00, 4.895, 229.84, -69.99, 0.005, 351.98, 64.43);
insert into SHOT values (759, 762, 763, 944, 0.460, 79.48, 2.00, 0.457, 79.92, 1.25, 0.007, 206.97, -53.99);
insert into SHOT values (760, 762, 764, 944, 0.350, 254.18, 16.70, 0.347, 254.29, 16.74, 0.003, 61.49, -11.26);
insert into SHOT values (761, 762, 765, 944, 1.350, 181.28, 6.50, 1.349, 181.28, 6.39, 0.003, 0.21, -70.75);
insert into SHOT values (762, 762, 766, 944, 1.280, 150.58, 3.20, 1.287, 150.64, 3.12, 0.007, 161.52, -11.47);
insert into SHOT values (763, 762, 767, 944, 3.470, 164.98, 1.30, 3.470, 164.96, 1.32, 0.002, 59.96, 46.13);
insert into SHOT values (764, 762, 768, 944, 2.780, 349.38, 0.10, 2.777, 349.42, 0.00, 0.006, 136.70, -55.88);
insert into SHOT values (765, 762, 769, 944, 5.300, 70.28, 67.10, 5.297, 70.42, 67.12, 0.006, 193.75, -20.82);
insert into SHOT values (766, 762, 770, 944, 2.430, 171.88, 7.70, 2.435, 171.90, 7.55, 0.008, 180.59, -42.75);
insert into SHOT values (767, 770, 771, 944, 0.510, 85.38, -7.80, 0.506, 85.43, -7.94, 0.004, 259.37, -11.97);
insert into SHOT values (768, 770, 772, 944, 0.260, 259.38, 16.70, 0.256, 260.54, 18.20, 0.009, 39.01, 34.90);
insert into SHOT values (769, 770, 773, 944, 5.160, 85.38, 66.70, 5.163, 85.24, 66.64, 0.008, 44.73, 5.85);
insert into SHOT values (770, 770, 774, 944, 0.990, 325.78, -82.10, 0.991, 326.31, -81.63, 0.008, 335.05, 4.19);
insert into SHOT values (771, 770, 775, 944, 4.770, 196.88, -57.80, 4.764, 196.94, -57.78, 0.007, 320.79, 65.08);
insert into SHOT values (772, 776, 775, 944, 1.500, 345.68, 39.30, 1.497, 345.48, 39.39, 0.006, 211.96, -0.74);
insert into SHOT values (773, 776, 777, 944, 0.480, 243.58, 15.60, 0.479, 242.88, 15.76, 0.006, 136.83, 8.84);
insert into SHOT values (774, 776, 778, 944, 0.330, 42.98, 15.20, 0.328, 43.73, 14.11, 0.008, 135.83, -57.57);
insert into SHOT values (775, 776, 779, 944, 3.220, 62.78, 70.50, 3.216, 62.96, 70.42, 0.007, 111.28, -49.92);
insert into SHOT values (776, 776, 780, 944, 2.130, 319.78, -50.20, 2.132, 319.76, -50.28, 0.004, 161.45, -71.86);
insert into SHOT values (777, 776, 781, 944, 3.560, 164.38, 4.90, 3.565, 164.32, 4.83, 0.008, 128.19, -32.41);
insert into SHOT values (778, 776, 782, 944, 5.880, 174.28, -18.30, 5.886, 174.25, -18.32, 0.007, 143.87, -30.25);
insert into SHOT values (779, 782, 783, 944, 0.470, 276.38, 2.90, 0.473, 276.07, 2.42, 0.006, 238.22, -42.46);
insert into SHOT values (780, 782, 784, 944, 1.290, 318.58, 5.00, 1.287, 318.48, 4.90, 0.004, 177.62, -33.35);
insert into SHOT values (781, 782, 785, 944, 1.250, 81.78, 5.30, 1.249, 81.67, 5.51, 0.005, 318.03, 58.30);
insert into SHOT values (782, 782, 786, 944, 3.130, 147.58, 10.00, 3.126, 147.60, 9.95, 0.005, 309.77, -47.39);
insert into SHOT values (783, 782, 787, 944, 11.170, 154.38, 4.10, 11.170, 154.42, 4.11, 0.008, 242.05, 9.50);
insert into SHOT values (784, 782, 788, 944, 2.010, 179.78, 8.60, 2.012, 180.00, 8.57, 0.008, 250.95, -4.04);
insert into SHOT values (785, 782, 789, 944, 5.860, 58.38, 71.80, 5.861, 58.23, 71.88, 0.009, 273.07, 20.18);
insert into SHOT values (786, 782, 790, 944, 1.370, 222.98, -69.70, 1.367, 223.32, -69.40, 0.008, 249.03, 37.58);
insert into SHOT values (787, 782, 791, 944, 3.720, 164.38, 14.70, 3.714, 164.34, 14.66, 0.007, 13.17, -35.77);
insert into SHOT values (788, 791, 792, 944, 1.160, 69.08, -0.90, 1.155, 69.21, -0.50, 0.010, 219.69, 56.98);
insert into SHOT values (789, 791, 793, 944, 1.960, 118.78, -2.40, 1.958, 119.05, -2.34, 0.010, 221.68, 12.26);
insert into SHOT values (790, 791, 794, 944, 6.260, 138.78, -3.50, 6.255, 138.83, -3.48, 0.008, 270.16, 16.72);
insert into SHOT values (791, 791, 795, 944, 8.080, 157.18, -3.80, 8.085, 157.25, -3.76, 0.012, 217.17, 26.66);
insert into SHOT values (792, 791, 796, 944, 5.550, 164.48, -5.50, 5.554, 164.58, -5.48, 0.011, 229.19, 10.37);
insert into SHOT values (793, 791, 797, 944, 2.530, 317.98, 18.00, 2.533, 317.69, 18.17, 0.015, 230.92, 34.10);
insert into SHOT values (794, 791, 798, 944, 3.860, 97.28, 68.70, 3.863, 97.38, 68.73, 0.004, 200.26, 56.50);
insert into SHOT values (795, 791, 799, 944, 2.570, 212.28, -84.80, 2.571, 213.02, -84.68, 0.006, 241.20, -5.16);
insert into SHOT values (796, 791, 800, 944, 8.870, 235.08, -74.60, 8.871, 235.17, -74.55, 0.009, 258.76, 9.90);
insert into SHOT values (797, 791, 801, 944, 3.020, 123.68, -1.10, 3.021, 123.80, -0.95, 0.010, 205.15, 52.81);
insert into SHOT values (798, 791, 802, 944, 7.790, 128.28, -14.70, 7.786, 128.32, -14.66, 0.008, 248.99, 52.86);
insert into SHOT values (799, 791, 803, 944, 1.330, 51.38, 7.40, 1.329, 51.48, 7.79, 0.009, 188.99, 69.71);
insert into SHOT values (800, 791, 804, 944, 2.720, 21.08, 7.70, 2.713, 20.93, 7.84, 0.012, 242.10, 27.19);
insert into SHOT values (801, 791, 805, 944, 9.030, 245.78, -76.10, 9.025, 245.80, -76.08, 0.006, 265.17, 73.36);
insert into SHOT values (802, 805, 806, 944, 6.490, 129.18, 0.50, 6.490, 129.18, 0.53, 0.003, 282.38, 81.26);
insert into SHOT values (803, 805, 807, 944, 10.950, 153.78, 1.20, 10.955, 153.83, 1.20, 0.011, 216.96, 3.57);
insert into SHOT values (804, 805, 808, 944, 8.210, 110.58, -0.80, 8.207, 110.62, -0.84, 0.009, 231.78, -38.95);
insert into SHOT values (805, 805, 809, 944, 1.570, 85.28, 8.90, 1.563, 85.54, 8.83, 0.010, 217.59, -16.82);
insert into SHOT values (806, 805, 810, 944, 1.100, 0.68, 5.00, 1.094, 0.53, 4.72, 0.009, 207.91, -42.13);
insert into SHOT values (807, 805, 811, 944, 3.840, 337.48, 1.80, 3.835, 337.45, 1.79, 0.006, 180.95, -6.43);
insert into SHOT values (808, 805, 812, 944, 3.450, 177.48, -0.90, 3.454, 177.51, -1.00, 0.007, 202.64, -54.98);
insert into SHOT values (809, 805, 813, 944, 9.110, 81.68, 79.80, 9.103, 81.77, 79.83, 0.009, 241.60, -40.19);
insert into SHOT values (810, 805, 814, 944, 12.230, 125.48, -75.80, 12.234, 125.65, -75.79, 0.010, 199.16, -22.01);
insert into SHOT values (811, 805, 815, 944, 19.040, 135.48, -81.90, 19.041, 135.60, -81.89, 0.007, 187.84, 0.40);
insert into CENTRELINE values (945, 940, NULL, '2024-07-18', '2024-01-01', 255.62, 0.00, 0.00);
 insert into TOPO values (1, 945);
 insert into TOPO values (18, 945);
 insert into EXPLO values (3, 945);
 insert into EXPLO values (19, 945);
 insert into SHOT values (812, 816, 817, 945, 7.160, 109.98, 3.20, 7.164, 110.03, 3.20, 0.007, 167.73, 2.53);
insert into SHOT values (813, 816, 818, 945, 2.470, 164.28, 10.90, 2.474, 164.48, 10.95, 0.009, 233.30, 18.45);
insert into SHOT values (814, 816, 819, 945, 1.800, 204.48, 7.50, 1.805, 204.42, 7.32, 0.008, 184.33, -40.13);
insert into SHOT values (815, 816, 820, 945, 1.340, 24.08, 6.40, 1.333, 24.05, 6.46, 0.007, 210.44, 5.42);
insert into SHOT values (816, 816, 821, 945, 9.070, 313.48, 4.00, 9.069, 313.43, 3.98, 0.008, 218.91, -18.87);
insert into SHOT values (817, 816, 822, 945, 4.270, 296.18, 2.10, 4.270, 296.14, 2.15, 0.005, 194.05, 51.01);
insert into SHOT values (818, 816, 823, 945, 13.950, 111.98, 61.10, 13.948, 112.04, 61.09, 0.007, 194.51, -22.36);
insert into SHOT values (819, 816, 824, 945, 3.640, 277.88, 1.50, 3.646, 277.89, 1.41, 0.008, 280.02, -42.77);
insert into SHOT values (820, 816, 825, 945, 13.590, 133.78, 2.40, 13.591, 133.81, 2.40, 0.006, 210.93, 8.75);
insert into SHOT values (821, 816, 826, 945, 7.000, 154.58, -2.80, 7.004, 154.61, -2.78, 0.006, 190.21, 20.48);
insert into SHOT values (822, 816, 827, 945, 17.710, 171.08, -15.00, 17.709, 171.09, -14.99, 0.004, 262.39, 63.57);
insert into SHOT values (823, 816, 828, 945, 14.120, 181.08, -18.20, 14.119, 181.11, -18.20, 0.007, 280.32, 1.43);
insert into SHOT values (824, 816, 829, 945, 2.600, 68.88, 6.20, 2.598, 68.90, 6.19, 0.002, 223.49, -24.57);
insert into SHOT values (825, 816, 830, 945, 2.720, 54.38, 7.30, 2.716, 54.36, 7.19, 0.007, 249.21, -58.48);
insert into SHOT values (826, 816, 831, 945, 0.450, 259.18, 9.30, 0.455, 258.44, 8.86, 0.008, 209.78, -19.55);
insert into SHOT values (827, 816, 832, 945, 1.600, 68.08, 61.10, 1.601, 68.06, 60.99, 0.003, 62.67, -14.05);
insert into SHOT values (828, 816, 833, 945, 1.450, 55.48, -81.10, 1.446, 56.31, -81.40, 0.009, 214.19, 16.45);
insert into SHOT values (829, 816, 834, 945, 5.110, 139.28, -43.10, 5.108, 139.35, -43.10, 0.005, 242.42, 18.97);
insert into SHOT values (830, 816, 835, 945, 8.460, 120.28, 13.20, 8.461, 120.33, 13.19, 0.007, 201.49, -14.44);
insert into SHOT values (831, 816, 836, 945, 7.120, 100.88, 15.90, 7.115, 100.87, 15.91, 0.005, 301.73, -6.41);
insert into SHOT values (832, 816, 837, 945, 2.870, 77.98, 9.50, 2.871, 77.98, 9.42, 0.004, 66.25, -67.47);
insert into SHOT values (833, 816, 838, 945, 7.440, 150.68, 1.30, 7.443, 150.71, 1.31, 0.005, 204.35, 13.42);
insert into SHOT values (834, 816, 839, 945, 12.380, 144.58, 5.50, 12.377, 144.58, 5.52, 0.005, 328.30, 48.26);
insert into SHOT values (835, 816, 840, 945, 14.410, 129.48, 9.70, 14.407, 129.49, 9.71, 0.004, 295.96, 32.19);
insert into SHOT values (836, 816, 841, 945, 9.310, 126.38, 8.20, 9.314, 126.40, 8.21, 0.005, 161.59, 26.40);
insert into SHOT values (837, 816, 842, 945, 4.270, 119.18, 1.90, 4.264, 119.21, 1.88, 0.006, 278.16, -14.60);
insert into SHOT values (838, 816, 843, 945, 3.440, 110.18, -0.40, 3.442, 110.22, -0.50, 0.007, 158.03, -59.98);
insert into SHOT values (839, 816, 815, 945, 9.150, 132.98, -3.70, 9.153, 133.00, -3.70, 0.005, 178.50, 5.60);
insert into SHOT values (840, 816, 844, 945, 9.520, 358.88, 7.50, 9.513, 358.85, 7.49, 0.009, 220.97, -16.25);
insert into SHOT values (841, 844, 845, 945, 2.250, 315.08, 1.70, 2.250, 315.36, 1.78, 0.011, 47.14, 16.57);
insert into SHOT values (842, 844, 846, 945, 3.330, 332.38, -3.70, 3.334, 332.43, -3.61, 0.007, 4.88, 41.18);
insert into SHOT values (843, 844, 847, 945, 6.560, 349.38, 4.60, 6.562, 349.43, 4.63, 0.007, 57.42, 34.18);
insert into SHOT values (844, 844, 848, 945, 2.260, 348.48, 8.20, 2.266, 348.69, 8.12, 0.011, 39.20, -12.55);
insert into SHOT values (845, 844, 849, 945, 4.990, 188.38, -6.10, 4.981, 188.36, -6.11, 0.009, 20.68, 1.58);
insert into SHOT values (846, 844, 850, 945, 2.530, 199.88, -3.30, 2.525, 199.94, -3.18, 0.008, 349.15, 46.51);
insert into SHOT values (847, 844, 851, 945, 1.590, 231.28, 6.60, 1.583, 231.45, 6.53, 0.009, 16.53, -18.39);
insert into SHOT values (848, 844, 852, 945, 1.370, 241.78, 8.80, 1.367, 241.73, 8.83, 0.003, 87.22, 7.83);
insert into SHOT values (849, 844, 853, 945, 2.130, 85.38, 86.20, 2.135, 81.87, 86.20, 0.010, 355.33, 28.39);
insert into SHOT values (850, 844, 854, 945, 1.600, 271.58, -36.00, 1.597, 271.78, -36.07, 0.006, 42.72, 4.50);
insert into SHOT values (851, 844, 855, 945, 1.440, 253.48, -2.00, 1.438, 253.84, -1.99, 0.009, 358.33, 1.60);
insert into SHOT values (852, 844, 856, 945, 4.090, 333.58, 14.30, 4.089, 333.63, 14.30, 0.003, 79.80, -3.84);
insert into SHOT values (853, 856, 857, 945, 5.700, 159.28, -10.20, 5.692, 159.30, -10.22, 0.009, 327.25, -4.15);
insert into SHOT values (854, 856, 858, 945, 1.760, 134.68, -0.20, 1.754, 134.54, 0.00, 0.010, 349.65, 38.57);
insert into SHOT values (855, 856, 859, 945, 1.150, 93.38, -1.50, 1.152, 92.99, -1.49, 0.008, 17.03, 0.72);
insert into SHOT values (856, 856, 860, 945, 1.430, 39.08, 6.90, 1.439, 39.04, 6.78, 0.010, 32.01, -10.76);
insert into SHOT values (857, 856, 861, 945, 2.180, 5.78, -0.40, 2.181, 5.79, -0.26, 0.005, 18.23, 77.00);
insert into SHOT values (858, 856, 862, 945, 3.990, 359.28, 11.70, 3.993, 359.27, 11.70, 0.003, 341.84, 14.59);
insert into SHOT values (859, 856, 863, 945, 6.600, 352.58, 16.00, 6.609, 352.58, 15.99, 0.009, 354.00, 5.14);
insert into SHOT values (860, 856, 864, 945, 6.420, 64.28, 62.30, 6.427, 64.21, 62.30, 0.008, 14.90, 48.12);
insert into SHOT values (861, 856, 865, 945, 1.590, 326.88, -84.10, 1.589, 327.26, -83.99, 0.004, 347.28, 26.32);
insert into SHOT values (862, 856, 866, 945, 6.650, 352.98, 14.90, 6.651, 353.03, 14.90, 0.005, 71.34, 0.70);
insert into SHOT values (863, 856, 867, 945, 5.100, 70.58, 65.30, 5.106, 70.55, 65.32, 0.007, 3.72, 77.19);
insert into SHOT values (864, 867, 868, 945, 2.760, 152.98, -6.20, 2.758, 152.87, -6.24, 0.006, 38.89, -18.75);
insert into SHOT values (865, 867, 869, 945, 1.420, 125.78, -2.00, 1.419, 125.82, -2.02, 0.001, 259.97, -18.99);
insert into SHOT values (866, 867, 870, 945, 0.980, 107.48, -2.70, 0.975, 107.32, -2.94, 0.007, 317.78, -34.89);
insert into SHOT values (867, 867, 871, 945, 0.700, 70.18, -4.40, 0.705, 70.02, -4.88, 0.008, 45.17, -52.73);
insert into SHOT values (868, 867, 872, 945, 0.930, 36.28, 9.70, 0.928, 36.12, 9.30, 0.007, 292.69, -68.19);
insert into SHOT values (869, 867, 873, 945, 2.090, 15.68, 20.90, 2.089, 15.74, 20.75, 0.006, 85.09, -68.06);
insert into SHOT values (870, 867, 874, 945, 1.810, 343.78, 26.50, 1.810, 343.91, 26.23, 0.009, 27.44, -55.61);
insert into SHOT values (871, 867, 875, 945, 1.610, 74.08, 64.10, 1.605, 73.61, 63.79, 0.012, 27.53, -45.88);
insert into SHOT values (872, 867, 876, 945, 6.190, 254.88, -72.90, 6.194, 255.05, -72.90, 0.007, 328.45, -33.47);
insert into SHOT values (873, 867, 877, 945, 4.790, 350.28, 17.30, 4.791, 350.31, 17.24, 0.005, 40.14, -55.58);
insert into SHOT values (874, 877, 878, 945, 2.340, 175.98, -6.60, 2.341, 176.05, -6.62, 0.003, 246.96, -18.56);
insert into SHOT values (875, 877, 879, 945, 1.680, 191.68, -5.10, 1.682, 191.71, -5.12, 0.002, 221.84, -20.46);
insert into SHOT values (876, 877, 880, 945, 1.180, 197.18, -2.50, 1.184, 197.21, -2.42, 0.004, 205.06, 19.63);
insert into SHOT values (877, 877, 881, 945, 0.730, 239.38, -1.30, 0.731, 239.57, -1.57, 0.004, 311.29, -53.16);
insert into SHOT values (878, 877, 882, 945, 0.790, 284.38, 0.30, 0.796, 284.56, 0.00, 0.007, 308.37, -34.22);
insert into SHOT values (879, 877, 883, 945, 1.310, 306.48, -1.80, 1.309, 306.61, -1.75, 0.003, 61.70, 20.02);
insert into SHOT values (880, 877, 884, 945, 3.590, 330.18, -2.50, 3.592, 330.08, -2.55, 0.008, 255.07, -26.53);
insert into SHOT values (881, 877, 885, 945, 4.660, 343.88, -3.90, 4.663, 343.90, -3.93, 0.005, 10.92, -40.23);
insert into SHOT values (882, 877, 886, 945, 0.790, 227.48, 77.40, 0.790, 227.29, 77.06, 0.005, 220.13, -11.90);
insert into SHOT values (883, 877, 887, 945, 1.560, 142.38, -88.40, 1.560, 146.31, -88.68, 0.008, 304.35, -4.36);
insert into SHOT values (884, 877, 888, 945, 9.980, 337.18, -1.60, 9.985, 337.19, -1.61, 0.005, 344.87, -15.74);
insert into SHOT values (885, 877, 889, 945, 10.260, 337.38, -1.50, 10.264, 337.36, -1.51, 0.006, 292.87, -13.34);
insert into SHOT values (886, 889, 890, 945, 1.320, 307.78, 0.10, 1.318, 307.91, 0.00, 0.004, 68.40, -33.35);
insert into SHOT values (887, 889, 891, 945, 1.790, 315.08, 1.00, 1.789, 315.23, 0.96, 0.005, 54.40, -15.19);
insert into SHOT values (888, 889, 892, 945, 2.200, 4.08, 11.40, 2.200, 4.26, 11.53, 0.008, 99.85, 38.09);
insert into SHOT values (889, 889, 893, 945, 1.240, 21.28, 14.50, 1.243, 21.45, 14.45, 0.005, 72.23, -6.01);
insert into SHOT values (890, 889, 894, 945, 0.770, 52.28, 16.10, 0.771, 52.67, 15.80, 0.006, 118.38, -32.96);
insert into SHOT values (891, 889, 895, 945, 1.160, 119.38, 14.80, 1.163, 119.30, 14.95, 0.005, 84.76, 53.14);
insert into SHOT values (892, 889, 896, 945, 1.870, 135.68, 18.70, 1.874, 135.68, 18.68, 0.004, 136.93, 7.02);
insert into SHOT values (893, 889, 897, 945, 2.770, 145.78, 10.60, 2.768, 145.78, 10.62, 0.002, 322.61, 14.07);
insert into SHOT values (894, 889, 898, 945, 11.070, 158.48, 0.30, 11.071, 158.49, 0.31, 0.003, 190.63, 50.00);
insert into SHOT values (895, 889, 899, 945, 4.090, 166.08, 4.40, 4.091, 166.10, 4.35, 0.004, 206.05, -62.40);
insert into SHOT values (896, 889, 900, 945, 3.300, 175.28, 10.40, 3.306, 175.24, 10.46, 0.007, 149.75, 35.40);
insert into SHOT values (897, 889, 901, 945, 2.060, 198.48, 3.00, 2.058, 198.43, 3.06, 0.003, 63.44, 42.37);
insert into SHOT values (898, 889, 902, 945, 1.550, 242.08, 21.50, 1.549, 241.83, 21.59, 0.007, 137.96, 16.64);
insert into SHOT values (899, 889, 903, 945, 0.800, 260.58, 4.60, 0.794, 260.54, 5.06, 0.009, 85.85, 41.11);
insert into SHOT values (900, 889, 904, 945, 2.360, 168.78, 80.50, 2.362, 168.11, 80.54, 0.005, 63.89, 26.70);
insert into SHOT values (901, 889, 905, 945, 1.130, 271.08, -66.20, 1.124, 271.27, -66.39, 0.007, 76.82, 32.69);
insert into SHOT values (902, 889, 906, 945, 6.510, 275.28, -58.80, 6.507, 275.29, -58.87, 0.008, 93.29, -11.10);
insert into SHOT values (903, 889, 907, 945, 4.860, 341.68, 30.00, 4.855, 341.69, 30.04, 0.006, 153.47, -0.00);
insert into SHOT values (904, 907, 908, 945, 4.320, 355.68, -4.20, 4.324, 355.74, -4.24, 0.007, 48.80, -31.84);
insert into SHOT values (905, 907, 909, 945, 1.790, 14.88, -2.70, 1.792, 14.89, -2.56, 0.005, 21.67, 63.93);
insert into SHOT values (906, 907, 910, 945, 1.310, 33.28, -3.60, 1.317, 33.21, -3.48, 0.008, 19.86, 16.79);
insert into SHOT values (907, 907, 911, 945, 1.030, 63.28, -0.10, 1.033, 62.94, 0.00, 0.007, 359.77, 14.57);
insert into SHOT values (908, 907, 912, 945, 1.320, 105.38, 1.80, 1.318, 105.41, 1.74, 0.003, 269.05, -35.01);
insert into SHOT values (909, 907, 913, 945, 2.010, 139.58, 5.90, 2.011, 139.46, 5.99, 0.005, 59.53, 38.22);
insert into SHOT values (910, 907, 914, 945, 2.710, 144.78, -3.40, 2.710, 144.78, -3.38, 0.001, 319.06, 81.65);
insert into SHOT values (911, 907, 915, 945, 1.650, 157.58, -10.20, 1.649, 157.54, -10.13, 0.003, 30.43, 57.59);
insert into SHOT values (912, 907, 916, 945, 2.860, 72.48, 72.50, 2.862, 72.41, 72.51, 0.003, 353.26, 64.30);
insert into SHOT values (913, 907, 917, 945, 2.290, 271.98, -75.40, 2.295, 271.97, -75.35, 0.005, 270.63, -51.79);
insert into SHOT values (914, 907, 918, 945, 3.940, 71.68, 73.00, 3.942, 71.25, 73.02, 0.009, 335.82, 13.90);
insert into SHOT values (915, 907, 919, 945, 2.500, 1.48, 13.90, 2.504, 1.41, 13.87, 0.005, 325.42, -6.66);
insert into SHOT values (916, 919, 920, 945, 2.540, 330.28, 15.40, 2.542, 330.40, 15.51, 0.008, 50.32, 46.97);
insert into SHOT values (917, 919, 921, 945, 2.020, 351.98, 15.00, 2.017, 352.04, 14.94, 0.004, 134.27, -43.13);
insert into SHOT values (918, 919, 922, 945, 1.310, 352.78, 13.30, 1.305, 352.76, 13.29, 0.005, 177.88, -15.99);
insert into SHOT values (919, 919, 923, 945, 2.340, 306.58, 5.80, 2.342, 306.62, 5.88, 0.004, 346.95, 53.35);
insert into SHOT values (920, 919, 924, 945, 1.740, 288.88, 7.10, 1.737, 288.96, 7.27, 0.006, 72.02, 51.45);
insert into SHOT values (921, 919, 925, 945, 1.190, 264.38, 8.60, 1.190, 264.14, 8.70, 0.005, 168.63, 22.67);
insert into SHOT values (922, 919, 926, 945, 1.270, 237.98, 3.00, 1.264, 237.95, 3.17, 0.007, 65.70, 31.11);
insert into SHOT values (923, 919, 927, 945, 1.420, 199.48, 1.40, 1.421, 199.33, 1.61, 0.007, 116.26, 54.07);
insert into SHOT values (924, 919, 928, 945, 3.330, 175.98, 3.00, 3.334, 175.87, 3.10, 0.009, 111.36, 37.29);
insert into SHOT values (925, 919, 929, 945, 4.230, 165.48, 3.00, 4.231, 165.47, 2.98, 0.002, 122.26, -47.44);
insert into SHOT values (926, 919, 930, 945, 3.520, 116.58, 83.30, 3.524, 115.94, 83.30, 0.006, 35.90, 40.94);
insert into SHOT values (927, 919, 931, 945, 8.970, 358.28, 84.30, 8.974, 358.71, 84.31, 0.008, 94.24, 32.91);
insert into SHOT values (928, 919, 932, 945, 2.110, 240.18, -72.70, 2.104, 240.14, -72.79, 0.007, 65.51, 43.28);
insert into SHOT values (929, 919, 933, 945, 9.620, 9.38, 82.90, 9.623, 9.70, 82.92, 0.008, 117.00, 28.57);
insert into SHOT values (930, 919, 934, 945, 5.990, 16.28, 76.30, 5.990, 16.39, 76.31, 0.003, 128.03, 8.37);
insert into SHOT values (931, 919, 935, 945, 9.720, 0.58, 82.30, 9.717, 0.88, 82.31, 0.008, 108.61, -18.27);
insert into SHOT values (932, 919, 936, 945, 4.450, 296.18, 31.00, 4.446, 296.16, 31.01, 0.005, 134.93, -24.22);
insert into SHOT values (933, 936, 937, 945, 0.980, 180.88, -8.20, 0.980, 180.59, -8.21, 0.005, 91.56, -2.59);
insert into SHOT values (934, 936, 938, 945, 2.860, 200.48, -9.70, 2.860, 200.56, -9.66, 0.004, 284.09, 27.20);
insert into SHOT values (935, 936, 939, 945, 4.940, 209.38, -8.70, 4.937, 209.45, -8.62, 0.010, 320.35, 47.94);
insert into SHOT values (936, 936, 940, 945, 6.140, 217.28, -7.30, 6.136, 217.32, -7.30, 0.006, 351.16, 1.73);
insert into SHOT values (937, 936, 941, 945, 4.010, 222.28, -4.90, 4.007, 222.36, -4.87, 0.007, 341.31, 21.98);
insert into SHOT values (938, 936, 942, 945, 2.970, 229.68, -4.80, 2.969, 229.80, -4.64, 0.010, 325.30, 54.87);
insert into SHOT values (939, 936, 943, 945, 2.570, 241.28, -2.10, 2.566, 241.34, -2.01, 0.006, 30.34, 41.68);
insert into SHOT values (940, 936, 944, 945, 2.320, 262.58, 2.20, 2.321, 262.57, 2.22, 0.002, 237.82, 35.60);
insert into SHOT values (941, 936, 945, 945, 1.360, 287.68, 4.40, 1.358, 287.63, 4.65, 0.006, 134.02, 64.65);
insert into SHOT values (942, 936, 946, 945, 0.730, 308.18, 5.90, 0.731, 308.29, 6.29, 0.005, 34.47, 74.55);
insert into SHOT values (943, 936, 947, 945, 0.320, 353.48, 7.40, 0.325, 352.87, 7.07, 0.006, 319.85, -11.14);
insert into SHOT values (944, 936, 948, 945, 5.460, 29.98, 83.00, 5.461, 29.64, 82.98, 0.004, 325.24, 8.96);
insert into SHOT values (945, 936, 949, 945, 0.860, 265.98, 72.80, 0.867, 265.43, 73.19, 0.009, 120.63, 63.16);
insert into SHOT values (946, 936, 950, 945, 1.250, 68.18, -84.40, 1.246, 65.56, -84.43, 0.007, 325.21, 35.38);
insert into SHOT values (947, 936, 951, 945, 4.140, 220.08, -62.50, 4.137, 220.11, -62.52, 0.004, 18.40, 38.68);
insert into SHOT values (948, 936, 952, 945, 17.750, 213.88, -57.90, 17.745, 213.89, -57.89, 0.007, 289.94, 75.12);
insert into SHOT values (949, 936, 953, 945, 6.580, 310.78, 37.60, 6.587, 310.80, 37.61, 0.008, 332.12, 44.17);
insert into SHOT values (950, 919, 954, 945, 7.960, 344.88, 32.70, 7.961, 344.95, 32.69, 0.008, 64.06, -2.31);
insert into SHOT values (951, 954, 955, 945, 1.200, 332.48, 6.20, 1.192, 332.35, 6.26, 0.008, 171.58, 2.83);
insert into SHOT values (952, 954, 956, 945, 4.490, 352.88, 15.50, 4.487, 352.83, 15.51, 0.005, 229.12, 1.11);
insert into SHOT values (953, 954, 957, 945, 2.370, 7.98, 10.70, 2.363, 7.92, 10.73, 0.007, 208.54, -0.24);
insert into SHOT values (954, 954, 958, 945, 1.240, 34.98, 7.50, 1.231, 34.99, 7.47, 0.009, 213.61, -11.97);
insert into SHOT values (955, 954, 959, 945, 0.860, 71.08, 1.20, 0.854, 71.57, 1.34, 0.010, 201.03, 11.97);
insert into SHOT values (956, 954, 960, 945, 0.930, 86.78, 1.20, 0.932, 86.92, 1.23, 0.003, 142.69, 10.76);
insert into SHOT values (957, 954, 961, 945, 1.570, 128.68, -5.70, 1.572, 128.77, -5.48, 0.007, 172.43, 58.51);
insert into SHOT values (958, 954, 962, 945, 3.060, 154.98, -6.10, 3.059, 155.12, -6.00, 0.009, 247.46, 35.28);
insert into SHOT values (959, 954, 963, 945, 4.280, 162.38, -5.10, 4.286, 162.41, -5.09, 0.007, 182.35, 3.88);
insert into SHOT values (960, 954, 964, 945, 1.970, 172.08, -13.90, 1.974, 172.21, -13.77, 0.008, 210.06, 25.41);
insert into SHOT values (961, 954, 965, 945, 2.660, 99.78, 72.30, 2.664, 100.05, 72.47, 0.010, 249.58, 38.52);
insert into SHOT values (962, 954, 966, 945, 1.280, 100.08, -85.50, 1.274, 101.31, -85.41, 0.007, 155.09, 66.22);
insert into SHOT values (963, 954, 967, 945, 10.940, 348.48, 20.80, 10.942, 348.44, 20.82, 0.010, 262.49, 32.61);
insert into SHOT values (964, 967, 968, 945, 0.810, 266.68, 0.00, 0.802, 266.42, 0.00, 0.009, 109.86, 0.00);
insert into SHOT values (965, 967, 969, 945, 1.330, 308.78, 6.80, 1.317, 308.80, 6.54, 0.014, 127.20, -32.12);
insert into SHOT values (966, 967, 970, 945, 2.380, 324.88, 8.80, 2.375, 324.89, 8.72, 0.006, 142.09, -40.05);
insert into SHOT values (967, 967, 971, 945, 6.030, 333.78, 1.20, 6.030, 333.82, 1.14, 0.007, 65.40, -59.40);
insert into SHOT values (968, 967, 972, 945, 3.420, 340.88, -1.80, 3.417, 341.03, -1.84, 0.010, 88.69, -15.11);
insert into SHOT values (969, 967, 973, 945, 0.310, 81.98, 12.50, 0.309, 82.41, 11.21, 0.007, 172.11, -72.52);
insert into SHOT values (970, 967, 974, 945, 2.160, 162.28, 11.50, 2.165, 162.16, 11.46, 0.007, 122.76, -5.22);
insert into SHOT values (971, 967, 975, 945, 1.650, 182.58, 3.50, 1.655, 182.43, 3.47, 0.006, 138.53, -6.57);
insert into SHOT values (972, 967, 976, 945, 1.070, 210.28, 2.90, 1.072, 209.68, 2.67, 0.012, 129.01, -19.92);
insert into SHOT values (973, 967, 977, 945, 0.760, 236.58, 5.70, 0.760, 236.31, 5.28, 0.007, 160.85, -55.90);
insert into SHOT values (974, 967, 978, 945, 0.890, 227.08, 84.80, 0.883, 219.81, 84.93, 0.012, 119.21, -31.37);
insert into SHOT values (975, 967, 979, 945, 1.540, 248.58, -75.30, 1.540, 247.38, -75.33, 0.008, 152.49, -2.84);
insert into SHOT values (976, 967, 980, 945, 8.470, 268.08, -57.50, 8.471, 267.98, -57.57, 0.013, 132.58, -29.64);
insert into SHOT values (977, 967, 981, 945, 7.020, 267.48, -56.50, 7.025, 267.48, -56.53, 0.006, 76.16, -81.79);
insert into SHOT values (978, 967, 982, 945, 8.120, 339.58, 14.30, 8.113, 339.61, 14.27, 0.009, 129.10, -41.16);
insert into SHOT values (979, 982, 983, 945, 1.070, 315.18, -7.20, 1.069, 315.00, -6.99, 0.005, 210.12, 49.62);
insert into SHOT values (980, 982, 984, 945, 3.820, 333.68, -5.20, 3.821, 333.64, -5.11, 0.007, 270.68, 61.51);
insert into SHOT values (981, 982, 985, 945, 2.500, 357.48, 7.20, 2.503, 357.46, 7.35, 0.007, 333.72, 70.58);
insert into SHOT values (982, 982, 986, 945, 1.300, 14.08, 5.50, 1.304, 13.82, 5.72, 0.009, 315.13, 38.15);
insert into SHOT values (983, 982, 987, 945, 0.900, 40.68, 4.30, 0.896, 40.46, 4.48, 0.006, 263.39, 26.47);
insert into SHOT values (984, 982, 988, 945, 0.360, 241.88, -5.20, 0.364, 242.02, -4.73, 0.005, 254.74, 33.75);
insert into SHOT values (985, 982, 989, 945, 1.380, 122.98, -0.10, 1.381, 122.88, 0.00, 0.004, 62.69, 41.69);
insert into SHOT values (986, 982, 990, 945, 2.790, 151.58, -3.00, 2.791, 151.50, -2.87, 0.007, 83.77, 55.80);
insert into SHOT values (987, 982, 991, 945, 2.990, 157.88, -4.20, 2.987, 157.91, -4.22, 0.004, 312.65, -15.24);
insert into SHOT values (988, 982, 992, 945, 2.940, 165.78, -18.50, 2.936, 165.86, -18.47, 0.006, 299.21, 27.73);
insert into SHOT values (989, 982, 993, 945, 2.670, 66.18, 74.70, 2.674, 65.62, 74.77, 0.008, 320.40, 33.05);
insert into SHOT values (990, 982, 994, 945, 2.210, 269.08, -71.20, 2.207, 269.19, -71.23, 0.003, 56.35, 39.50);
insert into SHOT values (991, 982, 995, 945, 3.770, 334.58, 1.00, 3.776, 334.59, 1.06, 0.007, 338.90, 35.76);
insert into SHOT values (992, 995, 996, 945, 0.310, 264.68, 5.80, 0.313, 264.47, 5.50, 0.004, 244.08, -22.28);
insert into SHOT values (993, 995, 997, 945, 1.340, 307.48, 9.50, 1.338, 307.30, 9.46, 0.005, 196.30, -14.80);
insert into SHOT values (994, 995, 998, 945, 2.240, 323.28, -0.90, 2.236, 323.18, -1.02, 0.007, 189.84, -41.62);
insert into SHOT values (995, 995, 999, 945, 1.230, 342.38, 4.50, 1.221, 342.31, 4.23, 0.011, 172.58, -36.57);
insert into SHOT values (996, 995, 1000, 945, 1.410, 26.18, 15.50, 1.412, 26.19, 15.62, 0.003, 35.69, 75.07);
insert into SHOT values (997, 995, 1001, 945, 0.960, 60.18, 15.90, 0.954, 60.64, 15.82, 0.010, 186.53, -18.16);
insert into SHOT values (998, 995, 1002, 945, 1.050, 94.88, 15.70, 1.052, 95.09, 15.44, 0.006, 144.42, -40.23);
insert into SHOT values (999, 995, 1003, 945, 1.950, 120.88, 10.60, 1.958, 120.96, 10.60, 0.008, 140.98, 9.22);
insert into SHOT values (1000, 995, 1004, 945, 0.870, 169.48, -4.00, 0.877, 169.46, -3.92, 0.007, 166.77, 5.71);
insert into SHOT values (1001, 995, 1005, 945, 3.770, 72.88, 60.60, 3.766, 73.03, 60.57, 0.007, 164.91, -42.40);
insert into SHOT values (1002, 995, 1006, 945, 1.300, 237.48, -65.70, 1.305, 237.20, -65.78, 0.006, 155.59, -62.81);
insert into SHOT values (1003, 995, 1007, 945, 2.080, 57.28, 67.40, 2.079, 57.31, 67.48, 0.003, 230.92, -4.89);
insert into SHOT values (1004, 1007, 1008, 945, 0.780, 327.48, 6.80, 0.774, 327.76, 6.68, 0.007, 115.94, -18.45);
insert into SHOT values (1005, 1007, 1009, 945, 1.840, 354.88, 5.30, 1.835, 354.98, 5.32, 0.006, 144.59, 0.37);
insert into SHOT values (1006, 1007, 1010, 945, 0.850, 7.68, 5.70, 0.852, 8.13, 5.39, 0.008, 75.50, -31.68);
insert into SHOT values (1007, 1007, 1011, 945, 0.600, 52.18, 2.40, 0.606, 52.37, 1.89, 0.009, 69.31, -36.68);
insert into SHOT values (1008, 1007, 1012, 945, 0.560, 98.08, 3.80, 0.567, 98.13, 4.04, 0.008, 102.00, 22.61);
insert into SHOT values (1009, 1007, 1013, 945, 0.930, 131.28, 7.40, 0.936, 131.07, 7.36, 0.007, 102.38, 1.77);
insert into SHOT values (1010, 1007, 1014, 945, 0.310, 247.98, 12.10, 0.310, 246.80, 11.14, 0.008, 171.02, -37.71);
insert into SHOT values (1011, 1007, 1015, 945, 0.490, 256.18, 15.20, 0.484, 255.07, 15.60, 0.012, 127.60, 7.51);
insert into SHOT values (1012, 1007, 1016, 945, 1.250, 49.18, 47.40, 1.248, 49.33, 47.47, 0.003, 185.94, -2.26);
insert into SHOT values (1013, 1007, 1017, 945, 3.320, 200.88, -70.40, 3.321, 200.56, -70.46, 0.007, 85.52, -18.71);
insert into SHOT values (1014, 1007, 1018, 945, 3.760, 342.48, 3.10, 3.759, 342.48, 3.05, 0.003, 163.36, -83.27);
insert into SHOT values (1015, 1018, 1019, 945, 1.460, 244.78, -1.30, 1.459, 244.84, -1.18, 0.004, 15.23, 57.93);
insert into SHOT values (1016, 1018, 1020, 945, 1.530, 277.38, 3.50, 1.525, 277.17, 3.76, 0.010, 144.18, 40.70);
insert into SHOT values (1017, 1018, 1021, 945, 1.950, 293.78, 6.70, 1.948, 293.78, 6.78, 0.003, 113.90, 45.62);
insert into SHOT values (1018, 1018, 1022, 945, 3.360, 315.78, 11.30, 3.354, 315.86, 11.35, 0.008, 100.24, 11.56);
insert into SHOT values (1019, 1018, 1023, 945, 2.840, 347.38, 15.00, 2.842, 347.58, 15.09, 0.011, 71.90, 26.98);
insert into SHOT values (1020, 1018, 1024, 945, 0.370, 53.88, 20.40, 0.368, 54.46, 20.70, 0.005, 181.85, 13.10);
insert into SHOT values (1021, 1018, 1025, 945, 0.960, 347.48, 27.60, 0.961, 347.76, 27.92, 0.007, 96.90, 49.78);
insert into SHOT values (1022, 1018, 1026, 945, 1.540, 146.68, 12.70, 1.547, 146.63, 12.70, 0.007, 133.81, 12.19);
insert into SHOT values (1023, 1018, 1027, 945, 2.770, 172.68, 20.00, 2.770, 172.49, 20.06, 0.009, 78.32, 16.79);
insert into SHOT values (1024, 1018, 1028, 945, 2.680, 195.48, 8.60, 2.684, 195.29, 8.57, 0.010, 130.54, -4.46);
insert into SHOT values (1025, 1018, 1029, 945, 2.230, 205.88, 1.00, 2.232, 205.76, 1.03, 0.005, 140.43, 11.80);
insert into SHOT values (1026, 1018, 1030, 945, 1.670, 201.88, 14.50, 1.669, 201.80, 14.57, 0.003, 82.95, 35.63);
insert into SHOT values (1027, 1018, 1031, 945, 2.170, 304.98, 80.90, 2.167, 304.16, 81.01, 0.007, 169.97, -21.37);
insert into SHOT values (1028, 1018, 1032, 945, 2.250, 261.78, -66.60, 2.244, 261.60, -66.64, 0.007, 117.29, 44.93);
insert into SHOT values (1029, 1018, 1033, 945, 5.840, 337.38, 25.40, 5.839, 337.47, 25.46, 0.010, 88.35, 29.53);
insert into SHOT values (1030, 1033, 1034, 945, 1.060, 233.78, 4.20, 1.068, 233.78, 3.76, 0.012, 232.93, -40.57);
insert into SHOT values (1031, 1033, 1035, 945, 2.000, 272.78, 13.00, 2.003, 272.64, 12.98, 0.006, 217.77, 0.97);
insert into SHOT values (1032, 1033, 1036, 945, 2.990, 288.78, 11.20, 2.991, 288.68, 11.18, 0.005, 215.68, -8.07);
insert into SHOT values (1033, 1033, 1037, 945, 2.340, 299.38, 16.00, 2.337, 299.30, 15.89, 0.006, 179.84, -54.15);
insert into SHOT values (1034, 1033, 1038, 945, 2.220, 325.18, 18.20, 2.221, 325.03, 18.10, 0.007, 256.77, -29.33);
insert into SHOT values (1035, 1033, 1039, 945, 1.560, 338.28, 14.60, 1.557, 338.20, 14.50, 0.004, 209.28, -48.75);
insert into SHOT values (1036, 1033, 1040, 945, 0.440, 42.88, 3.60, 0.432, 42.18, 2.65, 0.012, 258.62, -40.27);
insert into SHOT values (1037, 1033, 1041, 945, 0.910, 136.88, 2.10, 0.913, 137.22, 1.88, 0.007, 194.21, -27.65);
insert into SHOT values (1038, 1033, 1042, 945, 0.830, 167.38, 4.50, 0.832, 167.47, 4.14, 0.006, 196.47, -62.63);
insert into SHOT values (1039, 1033, 1043, 945, 0.720, 176.98, 10.40, 0.722, 177.58, 10.37, 0.008, 248.90, 0.19);
insert into SHOT values (1040, 1033, 1044, 945, 1.500, 252.68, 82.70, 1.493, 252.47, 82.33, 0.012, 247.91, -42.09);
insert into SHOT values (1041, 1033, 1045, 945, 1.020, 138.88, -63.40, 1.029, 139.40, -63.39, 0.010, 183.28, -53.28);
insert into SHOT values (1042, 1033, 1046, 945, 3.250, 270.68, 34.70, 3.257, 270.64, 34.62, 0.008, 257.57, -1.08);
insert into SHOT values (1043, 1046, 1047, 945, 1.140, 299.48, 16.40, 1.139, 299.61, 16.32, 0.003, 48.50, -34.94);
insert into SHOT values (1044, 1046, 1048, 945, 0.710, 332.68, 11.50, 0.712, 332.70, 11.35, 0.003, 339.14, -38.13);
insert into SHOT values (1045, 1046, 1049, 945, 0.630, 359.08, 4.70, 0.632, 359.09, 4.54, 0.003, 1.50, -36.39);
insert into SHOT values (1046, 1046, 1050, 945, 0.900, 37.58, 2.50, 0.899, 37.76, 2.55, 0.003, 147.70, 13.81);
insert into SHOT values (1047, 1046, 1051, 945, 0.970, 59.58, -3.60, 0.974, 59.74, -3.53, 0.005, 91.59, 9.95);
insert into SHOT values (1048, 1046, 1052, 945, 1.100, 83.38, 0.10, 1.108, 83.26, 0.00, 0.008, 66.22, -13.48);
insert into SHOT values (1049, 1046, 1053, 945, 0.900, 125.58, 11.20, 0.899, 125.31, 10.91, 0.006, 28.17, -48.82);
insert into SHOT values (1050, 1046, 1054, 945, 0.340, 149.18, 11.80, 0.343, 149.62, 11.76, 0.004, 186.88, 6.39);
insert into SHOT values (1051, 1046, 1055, 945, 4.200, 5.08, 74.20, 4.199, 5.01, 74.18, 0.002, 305.18, -39.52);
insert into SHOT values (1052, 1046, 1056, 945, 4.100, 10.38, 76.10, 4.100, 10.51, 76.08, 0.003, 64.54, 1.29);
insert into SHOT values (1053, 1046, 1057, 945, 4.740, 13.18, 73.00, 4.738, 13.34, 72.97, 0.005, 80.33, -35.67);
insert into SHOT values (1054, 1046, 1058, 945, 1.860, 42.98, -83.00, 1.865, 43.26, -82.81, 0.008, 52.61, -29.36);
insert into SHOT values (1055, 1046, 1059, 945, 5.040, 319.08, 59.00, 5.039, 319.06, 59.01, 0.002, 173.17, -4.63);
insert into SHOT values (1056, 1059, 1060, 945, 1.040, 191.58, 3.00, 1.043, 191.63, 2.75, 0.005, 209.94, -56.16);
insert into SHOT values (1057, 1059, 1061, 945, 1.200, 215.28, 0.90, 1.199, 215.15, 0.96, 0.003, 100.08, 20.45);
insert into SHOT values (1058, 1059, 1062, 945, 1.360, 226.98, -1.80, 1.359, 226.79, -2.11, 0.009, 124.26, -57.31);
insert into SHOT values (1059, 1059, 1063, 945, 2.240, 240.98, -5.40, 2.239, 241.02, -5.38, 0.002, 3.81, 24.46);
insert into SHOT values (1060, 1059, 1064, 945, 2.290, 262.78, -2.20, 2.290, 262.72, -2.25, 0.003, 175.90, -39.93);
insert into SHOT values (1061, 1059, 1065, 945, 2.470, 274.48, 2.30, 2.469, 274.42, 2.32, 0.003, 170.86, 16.73);
insert into SHOT values (1062, 1059, 1066, 945, 1.880, 300.38, 6.80, 1.882, 300.54, 6.71, 0.006, 4.04, -23.91);
insert into SHOT values (1063, 1059, 1067, 945, 1.710, 313.38, 11.00, 1.707, 313.31, 10.81, 0.007, 180.50, -64.82);
insert into SHOT values (1064, 1059, 1068, 945, 0.970, 328.88, 21.30, 0.963, 329.15, 21.32, 0.008, 117.67, -16.47);
insert into SHOT values (1065, 1059, 1069, 945, 0.430, 13.48, 26.50, 0.434, 13.32, 25.94, 0.006, 2.79, -17.86);
insert into SHOT values (1066, 1059, 1070, 945, 0.850, 134.78, 6.40, 0.846, 134.52, 6.10, 0.007, 4.99, -43.30);
insert into SHOT values (1067, 1059, 1071, 945, 0.340, 171.78, 0.90, 0.344, 171.63, 0.00, 0.007, 158.28, -54.55);
insert into SHOT values (1068, 1059, 1072, 945, 0.310, 178.28, 5.00, 0.311, 178.15, 3.69, 0.007, 150.61, -77.83);
insert into SHOT values (1069, 1059, 1073, 945, 1.250, 241.78, 79.70, 1.249, 242.24, 80.10, 0.009, 50.72, 0.92);
insert into SHOT values (1070, 1059, 1074, 945, 1.010, 193.78, 77.20, 1.006, 192.80, 77.04, 0.006, 129.00, -49.03);
insert into SHOT values (1071, 1059, 1075, 945, 3.200, 278.98, 70.00, 3.193, 278.95, 69.98, 0.007, 130.02, -79.02);
insert into SHOT values (1072, 1059, 1076, 945, 0.990, 182.68, -64.90, 0.993, 182.73, -64.96, 0.004, 214.68, -80.06);
insert into SHOT values (1073, 1059, 1077, 945, 3.350, 200.08, -55.40, 3.353, 199.96, -55.39, 0.005, 136.74, -28.25);
insert into SHOT values (1074, 1059, 1078, 945, 2.250, 261.48, -10.40, 2.252, 261.43, -10.49, 0.005, 211.85, -55.80);
insert into SHOT values (1075, 1078, 1079, 945, 0.810, 5.08, 13.90, 0.818, 5.06, 14.15, 0.009, 2.92, 38.45);
insert into SHOT values (1076, 1078, 1080, 945, 1.510, 37.88, 12.60, 1.519, 37.87, 12.55, 0.009, 36.64, 4.02);
insert into SHOT values (1077, 1078, 1081, 945, 2.040, 69.28, 12.50, 2.048, 69.21, 12.41, 0.009, 52.80, -9.72);
insert into SHOT values (1078, 1078, 1082, 945, 2.860, 97.18, 8.60, 2.864, 97.10, 8.63, 0.006, 50.75, 22.54);
insert into SHOT values (1079, 1078, 1083, 945, 2.110, 106.98, 8.50, 2.114, 106.96, 8.43, 0.005, 96.73, -24.09);
insert into SHOT values (1080, 1078, 1084, 945, 1.180, 119.88, 5.90, 1.179, 119.62, 5.84, 0.005, 25.67, -13.72);
insert into SHOT values (1081, 1078, 1085, 945, 0.440, 160.48, -4.40, 0.438, 159.90, -3.93, 0.006, 44.46, 37.50);
insert into SHOT values (1082, 1078, 1086, 945, 0.340, 284.08, 10.40, 0.335, 284.04, 10.31, 0.005, 107.40, -16.75);
insert into SHOT values (1083, 1078, 1087, 945, 14.560, 39.68, 63.30, 14.565, 39.67, 63.28, 0.006, 27.27, 23.15);
insert into SHOT values (1084, 1078, 1088, 945, 3.800, 20.88, 73.10, 3.807, 21.04, 72.98, 0.011, 38.35, 22.21);
insert into SHOT values (1085, 1078, 1089, 945, 1.870, 94.78, -66.80, 1.873, 94.64, -66.65, 0.006, 76.50, -11.35);
insert into SHOT values (1086, 1078, 1090, 945, 14.690, 47.78, 65.60, 14.694, 47.80, 65.58, 0.006, 68.32, 18.56);
insert into SHOT values (1087, 816, 1091, 945, 9.300, 214.38, -65.10, 9.303, 214.38, -65.12, 0.005, 38.09, -66.60);
insert into SHOT values (1088, 1091, 1092, 945, 19.160, 155.98, 27.00, 19.166, 155.99, 27.00, 0.007, 167.05, 13.22);
insert into SHOT values (1089, 1091, 1093, 945, 2.320, 118.08, 21.50, 2.318, 118.23, 21.51, 0.006, 228.89, -2.74);
insert into SHOT values (1090, 1091, 1094, 945, 22.110, 113.48, 44.30, 22.115, 113.50, 44.32, 0.010, 216.47, 53.86);
insert into SHOT values (1091, 1091, 1095, 945, 14.440, 114.58, -12.10, 14.442, 114.61, -12.07, 0.009, 175.60, 46.84);
insert into SHOT values (1092, 1091, 1096, 945, 3.370, 217.28, 14.30, 3.374, 217.29, 14.41, 0.008, 228.21, 71.47);
insert into SHOT values (1093, 1091, 1097, 945, 1.120, 20.38, 21.20, 1.122, 20.17, 21.44, 0.006, 287.72, 52.23);
insert into SHOT values (1094, 1091, 1098, 945, 5.410, 310.68, 24.00, 5.410, 310.65, 23.99, 0.003, 231.00, -9.42);
insert into SHOT values (1095, 1091, 1099, 945, 8.280, 303.88, 25.90, 8.285, 303.84, 25.91, 0.008, 250.10, 25.40);
insert into SHOT values (1096, 1091, 1100, 945, 4.530, 282.98, 36.90, 4.529, 282.92, 36.91, 0.004, 180.32, 1.45);
insert into SHOT values (1097, 1091, 1101, 945, 2.950, 231.38, 9.80, 2.954, 231.28, 9.94, 0.010, 167.36, 53.43);
insert into SHOT values (1098, 1091, 1102, 945, 14.080, 335.18, -84.70, 14.080, 335.01, -84.69, 0.004, 263.53, -2.72);
insert into SHOT values (1099, 1102, 1103, 945, 0.780, 340.88, 7.60, 0.779, 341.10, 8.11, 0.008, 98.96, 64.55);
insert into SHOT values (1100, 1102, 1104, 945, 5.320, 262.18, 2.20, 5.324, 262.11, 2.26, 0.010, 205.81, 37.05);
insert into SHOT values (1101, 1102, 1105, 945, 7.310, 242.68, 2.80, 7.312, 242.70, 2.82, 0.004, 283.89, 43.22);
insert into SHOT values (1102, 1102, 1106, 945, 1.260, 207.88, 2.70, 1.267, 207.78, 2.71, 0.008, 190.63, 4.83);
insert into SHOT values (1103, 1102, 1107, 945, 13.260, 106.78, -0.20, 13.265, 106.78, -0.17, 0.008, 106.26, 51.33);
insert into SHOT values (1104, 1102, 1108, 945, 6.640, 108.38, 0.70, 6.641, 108.43, 0.69, 0.006, 186.60, -10.17);
insert into SHOT values (1105, 1102, 1109, 945, 3.790, 123.58, 1.80, 3.796, 123.61, 1.81, 0.006, 138.43, 8.70);
insert into SHOT values (1106, 1102, 1110, 945, 1.850, 145.18, 2.40, 1.855, 145.11, 2.47, 0.006, 118.68, 25.59);
insert into SHOT values (1107, 1102, 1111, 945, 1.490, 197.48, 6.00, 1.495, 197.22, 6.14, 0.009, 142.03, 26.90);
insert into SHOT values (1108, 1102, 1112, 945, 11.540, 241.48, -73.30, 11.537, 241.35, -73.30, 0.008, 150.76, 22.87);
insert into SHOT values (1109, 1112, 1113, 945, 4.170, 260.58, 14.70, 4.171, 260.58, 14.72, 0.002, 270.91, 64.82);
insert into SHOT values (1110, 1112, 1114, 945, 16.680, 97.98, 6.00, 16.671, 97.97, 5.99, 0.009, 294.38, -22.16);
insert into SHOT values (1111, 1112, 1115, 945, 2.020, 46.78, 8.80, 2.019, 46.62, 8.83, 0.006, 302.58, 9.73);
insert into SHOT values (1112, 1112, 1116, 945, 1.180, 354.68, 15.60, 1.189, 354.49, 15.61, 0.010, 330.83, 15.61);
insert into SHOT values (1113, 1112, 1117, 945, 9.740, 276.08, -63.90, 9.743, 276.16, -63.91, 0.007, 8.43, -27.97);
insert into SHOT values (1114, 1112, 1118, 945, 15.200, 268.88, -75.80, 15.205, 268.92, -75.80, 0.006, 323.37, -52.38);
insert into SHOT values (1115, 1118, 1119, 945, 9.890, 89.98, 33.60, 9.896, 90.00, 33.63, 0.008, 136.75, 63.19);
insert into SHOT values (1116, 1118, 1120, 945, 9.070, 200.68, -5.00, 9.067, 200.68, -5.00, 0.003, 20.47, 8.41);
insert into SHOT values (1117, 1118, 1121, 945, 1.760, 145.28, 5.80, 1.762, 145.22, 5.86, 0.004, 105.14, 36.93);
insert into SHOT values (1118, 1118, 1122, 945, 1.980, 102.08, 29.50, 1.978, 102.09, 29.70, 0.007, 277.91, 44.00);
insert into SHOT values (1119, 1118, 1123, 945, 0.590, 344.78, 23.40, 0.590, 344.93, 24.02, 0.007, 139.42, 60.03);
insert into SHOT values (1120, 1118, 1124, 945, 8.940, 190.48, -29.60, 8.935, 190.53, -29.58, 0.009, 301.51, 40.61);
insert into SHOT values (1121, 1124, 1125, 945, 2.230, 349.38, 1.50, 2.229, 349.40, 1.54, 0.002, 144.82, 51.23);
insert into SHOT values (1122, 1124, 1126, 945, 4.330, 27.58, 4.70, 4.326, 27.63, 4.64, 0.007, 159.49, -42.04);
insert into SHOT values (1123, 1124, 1127, 945, 3.160, 39.68, 7.70, 3.160, 39.69, 7.64, 0.003, 90.25, -82.56);
insert into SHOT values (1124, 1124, 1128, 945, 9.670, 29.18, 29.60, 9.671, 29.19, 29.62, 0.004, 156.80, 76.05);
insert into SHOT values (1125, 1124, 1129, 945, 5.510, 242.28, 16.50, 5.504, 242.22, 16.47, 0.009, 111.78, -33.70);
insert into SHOT values (1126, 1124, 1130, 945, 5.220, 286.88, 7.80, 5.211, 286.89, 7.83, 0.009, 102.07, 9.84);
insert into SHOT values (1127, 1124, 1131, 945, 2.310, 317.88, 3.50, 2.305, 317.99, 3.48, 0.006, 92.59, -9.17);
insert into SHOT values (1128, 1124, 1132, 945, 10.430, 277.38, 55.40, 10.424, 277.38, 55.40, 0.006, 105.56, -55.49);
insert into SHOT values (1129, 1124, 1133, 945, 1.730, 343.08, -80.50, 1.733, 343.50, -80.65, 0.006, 135.78, -40.06);
insert into SHOT values (1130, 1124, 1134, 945, 7.990, 30.18, -76.70, 7.995, 30.32, -76.68, 0.007, 79.51, -35.66);
insert into SHOT values (1131, 1124, 1135, 945, 20.810, 264.88, -75.20, 20.809, 264.82, -75.21, 0.007, 141.41, -3.12);
insert into SHOT values (1132, 1124, 1136, 945, 5.570, 260.28, 12.70, 5.564, 260.24, 12.67, 0.008, 116.00, -35.34);
insert into SHOT values (1133, 1136, 1137, 945, 2.070, 4.58, 5.50, 2.066, 4.46, 5.56, 0.006, 229.88, 14.86);
insert into SHOT values (1134, 1136, 1138, 945, 3.250, 42.58, 0.10, 3.248, 42.63, 0.18, 0.005, 163.27, 54.14);
insert into SHOT values (1135, 1136, 1139, 945, 7.820, 69.68, 0.00, 7.818, 69.64, 0.00, 0.006, 323.64, 0.00);
insert into SHOT values (1136, 1136, 1140, 945, 4.610, 77.38, 3.70, 4.610, 77.44, 3.73, 0.006, 171.78, 26.66);
insert into SHOT values (1137, 1136, 1141, 945, 6.830, 76.58, 4.00, 6.833, 76.60, 4.03, 0.005, 111.74, 51.67);
insert into SHOT values (1138, 1136, 1142, 945, 3.880, 88.98, 2.20, 3.884, 88.97, 2.21, 0.004, 71.98, 16.12);
insert into SHOT values (1139, 1136, 1143, 945, 3.320, 117.18, 3.20, 3.319, 117.11, 3.28, 0.006, 16.53, 46.29);
insert into SHOT values (1140, 1136, 1144, 945, 1.350, 160.38, 10.60, 1.349, 160.61, 10.68, 0.006, 269.34, 16.79);
insert into SHOT values (1141, 1136, 1145, 945, 2.560, 165.28, 5.00, 2.564, 165.26, 5.15, 0.008, 148.63, 59.81);
insert into SHOT values (1142, 1136, 1146, 945, 1.060, 210.08, 2.50, 1.063, 209.95, 2.70, 0.005, 167.47, 45.21);
insert into SHOT values (1143, 1136, 1147, 945, 3.310, 266.58, 12.50, 3.315, 266.63, 12.55, 0.006, 302.24, 35.78);
insert into SHOT values (1144, 1136, 1148, 945, 7.020, 314.58, 29.20, 7.025, 314.54, 29.23, 0.008, 255.78, 43.02);
insert into SHOT values (1145, 1136, 1149, 945, 7.730, 53.08, -67.10, 7.729, 52.98, -67.11, 0.006, 303.77, 7.48);
insert into SHOT values (1146, 1136, 1150, 945, 20.830, 125.78, -76.70, 20.829, 125.75, -76.70, 0.003, 53.87, 22.52);
insert into SHOT values (1147, 1136, 1151, 945, 20.850, 288.48, -88.70, 20.845, 288.43, -88.70, 0.005, 271.87, 73.55);
insert into SCRAPS values (947, 938, 'SP-Gouffre_du_Colonney_00', 1, 2.34354, 0.03982);
 insert into SCRAPS values (983, 938, 'SP-Gouffre_du_Colonney_01', 1, 100.00000, 2.46657);
 insert into SCRAPS values (1085, 938, 'SP-Gouffre_du_Colonney_02', 1, 0.57211, 0.01499);
 insert into SCRAPS values (1150, 938, 'SP-Gouffre_du_Colonney_03', 1, 0.80578, 0.05932);
 insert into SCRAPS values (1179, 938, 'SP-Gouffre_du_Colonney_04', 1, 7.79901, 0.04892);
 insert into SCRAPS values (1283, 938, 'SC-Gouffre_du_Colonney_00', 2, 12.20203, 0.08003);
 insert into SCRAPS values (1336, 938, 'SC-Gouffre_du_Colonney_01', 2, 0.03591, 0.00045);
 insert into SCRAPS values (1419, 938, 'SC-Gouffre_du_Colonney_02', 2, 0.43620, 0.00283);
 insert into SCRAPS values (1476, 938, 'SC-Gouffre_du_Colonney_03', 2, 4.91530, 0.18519);
 insert into MAPS values (1557, 938, 'MP-Gouffre_du_Colonney', 'Gouffre du Colonney', 1, 693.430, -246.130);
 insert into MAPITEMS values (1557, 4, 947);
 insert into MAPITEMS values (1557, 4, 983);
 insert into MAPITEMS values (1557, 4, 1085);
 insert into MAPITEMS values (1557, 4, 1150);
 insert into MAPITEMS values (1557, 4, 1179);
 insert into MAPS values (1558, 938, 'MC-Gouffre_du_Colonney', 'Gouffre du Colonney', 2, 693.430, -246.130);
 insert into MAPITEMS values (1558, 4, 1283);
 insert into MAPITEMS values (1558, 4, 1336);
 insert into MAPITEMS values (1558, 4, 1419);
 insert into MAPITEMS values (1558, 4, 1476);
 insert into SURVEY values (1560, 54, 'Grotte_des_3_gros', 'Grotte_des_3_gros.Flaine_Plate', 'Grotte des trois gros (GRSIF 70-12)');
 insert into CENTRELINE values (1561, 1560, NULL, NULL, NULL, 0.00, 0.00, 0.00);
 insert into SURVEY values (1562, 1560, 'Grotte_des_3_gros', 'Grotte_des_3_gros.Grotte_des_3_gros.Flaine_Plate', 'Grotte des trois gros (GRSIF 70-12)');
 insert into CENTRELINE values (1563, 1562, NULL, NULL, NULL, 0.00, 0.00, 0.00);
 insert into CENTRELINE values (1564, 1562, NULL, '2024-07-21', '2024-01-01', 25.76, 0.00, 23.84);
 insert into TOPO values (1, 1564);
 insert into TOPO values (2, 1564);
 insert into TOPO values (18, 1564);
 insert into EXPLO values (3, 1564);
 insert into PERSON values (20, NULL, 'GRSIF');
insert into EXPLO values (20, 1564);
 insert into SHOT values (1148, 1152, 1153, 1564, 3.990, 348.58, 1.40, 3.990, 348.58, 1.44, 0.003, 283.81, 79.39);
insert into SHOT values (1149, 1152, 1154, 1564, 8.490, 57.48, 5.30, 8.489, 57.51, 5.27, 0.006, 160.12, -43.27);
insert into SHOT values (1150, 1152, 1155, 1564, 8.450, 226.58, 3.70, 8.457, 226.58, 3.73, 0.008, 227.80, 35.36);
insert into SHOT values (1151, 1152, 1156, 1564, 6.000, 252.58, 2.80, 6.001, 252.62, 2.77, 0.005, 333.00, -36.38);
insert into SHOT values (1152, 1152, 1157, 1564, 5.260, 288.68, 6.60, 5.258, 288.64, 6.55, 0.006, 183.16, -50.03);
insert into SHOT values (1153, 1152, 1158, 1564, 5.330, 305.98, 5.90, 5.333, 306.03, 5.92, 0.005, 1.34, 23.20);
insert into SHOT values (1154, 1152, 1159, 1564, 6.670, 85.98, 62.50, 6.672, 85.90, 62.53, 0.006, 331.73, 36.85);
insert into SHOT values (1155, 1152, 1160, 1564, 7.030, 73.28, 25.60, 7.028, 73.31, 25.63, 0.005, 208.68, 30.86);
insert into SHOT values (1156, 1152, 1161, 1564, 1.000, 356.98, -40.70, 1.001, 356.99, -40.50, 0.004, 357.95, 35.72);
insert into SHOT values (1157, 1152, 1162, 1564, 0.620, 219.68, -78.30, 0.623, 218.66, -78.14, 0.004, 175.01, -41.53);
insert into SHOT values (1158, 1152, 1163, 1564, 5.840, 79.88, 68.90, 5.842, 79.87, 68.90, 0.002, 23.05, 63.34);
insert into SHOT values (1159, 1152, 1164, 1564, 8.930, 57.78, 3.50, 8.908, 57.45, 4.06, 0.103, 298.85, 55.51);
insert into SHOT values (1160, 1164, 1165, 1564, 5.170, 283.08, 0.70, 5.174, 283.07, 0.78, 0.008, 266.86, 56.13);
insert into SHOT values (1161, 1164, 1166, 1564, 9.880, 304.38, -0.10, 9.885, 304.37, -0.06, 0.010, 274.37, 48.97);
insert into SHOT values (1162, 1164, 1167, 1564, 9.970, 331.98, 6.40, 9.977, 331.96, 6.45, 0.011, 298.07, 51.74);
insert into SHOT values (1163, 1164, 1168, 1564, 9.920, 338.78, 8.40, 9.921, 338.79, 8.40, 0.002, 42.72, 21.64);
insert into SHOT values (1164, 1164, 1169, 1564, 6.530, 261.28, 4.80, 6.539, 261.26, 4.83, 0.010, 244.28, 21.84);
insert into SHOT values (1165, 1164, 1170, 1564, 1.410, 304.98, -86.10, 1.403, 302.01, -86.14, 0.008, 195.97, 52.41);
insert into SHOT values (1166, 1164, 1171, 1564, 0.190, 338.58, 82.70, 0.191, 333.43, 83.29, 0.003, 205.57, 29.30);
insert into SHOT values (1167, 1164, 1172, 1564, 6.360, 336.48, -2.20, 6.378, 336.13, -1.71, 0.070, 273.27, 50.76);
insert into SHOT values (1168, 1172, 1173, 1564, 4.220, 242.68, 4.70, 4.223, 242.70, 4.75, 0.005, 271.21, 52.82);
insert into SHOT values (1169, 1172, 1174, 1564, 4.760, 273.08, 7.60, 4.759, 273.04, 7.61, 0.004, 160.37, 6.50);
insert into SHOT values (1170, 1172, 1175, 1564, 4.030, 304.28, 9.70, 4.030, 304.33, 9.72, 0.003, 42.80, 16.79);
insert into SHOT values (1171, 1172, 1176, 1564, 4.080, 325.78, 13.70, 4.083, 325.79, 13.74, 0.004, 335.08, 57.24);
insert into SHOT values (1172, 1172, 1177, 1564, 2.680, 357.28, 11.80, 2.680, 357.16, 11.84, 0.006, 265.80, 18.94);
insert into SHOT values (1173, 1172, 1178, 1564, 1.730, 15.08, 10.90, 1.730, 15.02, 11.00, 0.004, 262.81, 53.93);
insert into SHOT values (1174, 1172, 1179, 1564, 1.050, 3.68, 8.00, 1.052, 3.30, 8.19, 0.008, 289.19, 28.24);
insert into SHOT values (1175, 1172, 1180, 1564, 0.850, 89.18, 5.80, 0.845, 89.32, 6.12, 0.007, 249.77, 34.68);
insert into SHOT values (1176, 1172, 1181, 1564, 1.860, 136.58, 1.70, 1.861, 136.52, 1.85, 0.005, 77.98, 65.08);
insert into SHOT values (1177, 1172, 1182, 1564, 4.470, 143.78, 1.60, 4.466, 143.75, 1.67, 0.007, 359.82, 46.38);
insert into SHOT values (1178, 1172, 1183, 1564, 5.870, 155.58, 3.90, 5.867, 155.58, 3.91, 0.003, 342.30, 15.16);
insert into SHOT values (1179, 1172, 1184, 1564, 3.110, 110.88, 85.10, 3.111, 109.80, 85.10, 0.005, 21.02, 15.20);
insert into SHOT values (1180, 1172, 1185, 1564, 0.450, 263.88, -79.00, 0.449, 263.66, -78.37, 0.005, 259.57, 20.22);
insert into SHOT values (1181, 1172, 1186, 1564, 3.670, 349.68, 6.00, 3.687, 349.30, 6.39, 0.038, 289.07, 43.41);
insert into SHOT values (1182, 1186, 1187, 1564, 6.790, 343.38, 4.70, 6.793, 343.44, 4.64, 0.010, 43.59, -40.34);
insert into SHOT values (1183, 1186, 1188, 1564, 1.840, 262.08, 14.60, 1.835, 262.23, 14.52, 0.007, 34.61, -30.89);
insert into SHOT values (1184, 1186, 1189, 1564, 3.640, 311.58, 11.90, 3.641, 311.70, 11.89, 0.007, 34.73, -4.56);
insert into SHOT values (1185, 1186, 1190, 1564, 7.250, 333.98, 7.60, 7.251, 334.01, 7.61, 0.003, 48.40, 21.83);
insert into SHOT values (1186, 1186, 1191, 1564, 4.880, 342.88, 11.20, 4.885, 342.89, 11.21, 0.006, 347.57, 22.79);
insert into SHOT values (1187, 1186, 1192, 1564, 2.950, 346.68, 18.00, 2.948, 346.81, 17.98, 0.006, 91.67, -14.43);
insert into SHOT values (1188, 1186, 1193, 1564, 0.310, 17.08, 11.00, 0.310, 17.24, 11.18, 0.001, 145.38, 38.53);
insert into SHOT values (1189, 1186, 1194, 1564, 0.160, 73.78, -1.20, 0.168, 72.65, 0.00, 0.009, 50.23, 21.92);
insert into SHOT values (1190, 1186, 1195, 1564, 0.230, 201.08, -72.50, 0.229, 198.43, -73.96, 0.007, 47.11, -5.53);
insert into SHOT values (1191, 1186, 1196, 1564, 2.070, 184.48, 80.80, 2.067, 183.47, 80.79, 0.007, 90.57, -29.87);
insert into SHOT values (1192, 1186, 1197, 1564, 1.400, 4.48, 85.10, 1.395, 4.76, 85.05, 0.005, 39.81, -78.22);
insert into SHOT values (1193, 1186, 1198, 1564, 6.800, 343.48, 4.60, 6.818, 343.14, 5.05, 0.070, 272.10, 51.75);
insert into SHOT values (1194, 1198, 1199, 1564, 0.250, 326.18, 2.10, 0.253, 326.31, 2.27, 0.003, 338.47, 17.78);
insert into SHOT values (1195, 1198, 1200, 1564, 0.980, 134.08, 1.30, 0.976, 134.17, 1.17, 0.005, 293.16, -28.52);
insert into SHOT values (1196, 1198, 1201, 1564, 2.030, 162.68, 2.60, 2.023, 162.73, 2.55, 0.007, 328.97, -16.61);
insert into SHOT values (1197, 1198, 1202, 1564, 2.380, 187.48, 4.10, 2.376, 187.51, 4.10, 0.004, 347.47, -2.48);
insert into SHOT values (1198, 1198, 1203, 1564, 0.670, 198.88, -1.00, 0.667, 199.25, -0.86, 0.005, 320.30, 18.72);
insert into SHOT values (1199, 1198, 1204, 1564, 1.900, 212.88, -1.20, 1.895, 212.94, -1.21, 0.005, 14.45, -2.22);
insert into SHOT values (1200, 1198, 1205, 1564, 1.050, 230.08, -1.00, 1.051, 230.40, -1.09, 0.006, 307.30, -15.54);
insert into SHOT values (1201, 1198, 1206, 1564, 0.380, 248.28, -56.10, 0.386, 248.20, -56.05, 0.006, 243.02, -52.88);
insert into SHOT values (1202, 1198, 1207, 1564, 0.680, 313.08, 80.70, 0.679, 315.00, 80.42, 0.005, 3.01, -12.12);
insert into SHOT values (1203, 1198, 1208, 1564, 3.840, 183.48, -5.00, 3.831, 183.90, -4.64, 0.038, 286.80, 40.60);
insert into SHOT_FLAG values(1203, 'dpl');
insert into SHOT values (1204, 1198, 1209, 1564, 0.530, 314.88, 9.20, 0.529, 315.00, 8.69, 0.005, 40.81, -77.31);
insert into SHOT_FLAG values(1204, 'dpl');
insert into SHOT values (1205, 1198, 1210, 1564, 1.440, 55.48, 2.70, 1.439, 55.20, 2.79, 0.007, 313.58, 16.83);
insert into SHOT_FLAG values(1205, 'dpl');
insert into SHOT values (1206, 1198, 1211, 1564, 1.740, 102.78, 2.90, 1.735, 102.67, 2.97, 0.007, 313.85, 16.81);
insert into SHOT_FLAG values(1206, 'dpl');
insert into SHOT values (1207, 1198, 1212, 1564, 2.590, 126.58, -0.60, 2.588, 126.52, -0.66, 0.005, 6.01, -38.96);
insert into SHOT_FLAG values(1207, 'dpl');
insert into SHOT values (1208, 1198, 1213, 1564, 5.720, 152.28, -4.40, 5.720, 152.31, -4.41, 0.003, 243.78, -22.62);
insert into SHOT_FLAG values(1208, 'dpl');
insert into SHOT values (1209, 1198, 1214, 1564, 1.530, 193.88, -0.60, 1.526, 194.04, -0.75, 0.007, 330.96, -33.67);
insert into SHOT_FLAG values(1209, 'dpl');
insert into SHOT values (1210, 1198, 1215, 1564, 0.470, 228.08, 7.20, 0.471, 228.47, 7.31, 0.004, 296.49, 17.94);
insert into SHOT_FLAG values(1210, 'dpl');
insert into SHOT values (1211, 1198, 1216, 1564, 0.950, 136.18, 33.80, 0.947, 136.55, 34.02, 0.007, 266.74, 13.01);
insert into SHOT_FLAG values(1211, 'dpl');
insert into SHOT values (1212, 1198, 1217, 1564, 0.180, 65.58, -64.80, 0.177, 66.80, -64.55, 0.003, 172.74, 59.44);
insert into SHOT_FLAG values(1212, 'dpl');
insert into SHOT values (1213, 1208, 1218, 1564, 3.390, 163.48, -6.40, 3.374, 163.73, -6.13, 0.027, 299.08, 41.37);
insert into SHOT_FLAG values(1213, 'dpl');
insert into SHOT values (1214, 1218, 1219, 1564, 0.410, 256.98, 3.80, 0.411, 257.32, 4.18, 0.004, 326.59, 47.78);
insert into SHOT_FLAG values(1214, 'dpl');
insert into SHOT values (1215, 1218, 1220, 1564, 0.420, 309.98, 12.90, 0.423, 311.05, 13.67, 0.010, 28.05, 38.44);
insert into SHOT_FLAG values(1215, 'dpl');
insert into SHOT values (1216, 1218, 1221, 1564, 1.700, 27.48, 8.70, 1.697, 27.33, 8.81, 0.006, 261.83, 27.16);
insert into SHOT_FLAG values(1216, 'dpl');
insert into SHOT values (1217, 1218, 1222, 1564, 1.540, 38.28, 11.50, 1.542, 38.01, 11.60, 0.008, 317.64, 22.00);
insert into SHOT_FLAG values(1217, 'dpl');
insert into SHOT values (1218, 1218, 1223, 1564, 1.590, 84.68, 5.90, 1.586, 84.54, 6.15, 0.009, 305.90, 48.06);
insert into SHOT_FLAG values(1218, 'dpl');
insert into SHOT values (1219, 1218, 1224, 1564, 2.100, 109.58, 9.50, 2.098, 109.49, 9.60, 0.006, 341.81, 37.39);
insert into SHOT_FLAG values(1219, 'dpl');
insert into SHOT values (1220, 1218, 1225, 1564, 1.430, 53.08, 74.40, 1.435, 52.25, 74.14, 0.010, 15.75, 15.95);
insert into SHOT_FLAG values(1220, 'dpl');
insert into SHOT values (1221, 1218, 1226, 1564, 0.230, 241.08, -59.20, 0.220, 243.43, -59.53, 0.011, 23.96, 44.85);
insert into SHOT_FLAG values(1221, 'dpl');
insert into SHOT values (1222, 1218, 1227, 1564, 2.230, 230.78, 27.10, 2.270, 231.25, 27.55, 0.047, 261.34, 46.56);
insert into SHOT_FLAG values(1222, 'dpl');
insert into SHOT values (1223, 1227, 1228, 1564, 2.890, 234.08, -3.90, 2.899, 234.00, -3.96, 0.011, 209.51, -19.10);
insert into SHOT_FLAG values(1223, 'dpl');
insert into SHOT values (1224, 1227, 1229, 1564, 5.630, 159.78, -7.40, 5.632, 159.78, -7.45, 0.005, 142.25, -77.63);
insert into SHOT_FLAG values(1224, 'dpl');
insert into SHOT values (1225, 1227, 1230, 1564, 8.120, 136.08, -5.50, 8.128, 136.10, -5.51, 0.009, 153.52, -11.42);
insert into SHOT_FLAG values(1225, 'dpl');
insert into SHOT values (1226, 1227, 1231, 1564, 4.200, 100.48, -4.30, 4.204, 100.59, -4.37, 0.010, 167.69, -32.02);
insert into SHOT_FLAG values(1226, 'dpl');
insert into SHOT values (1227, 1227, 1232, 1564, 3.820, 51.68, -3.20, 3.816, 51.72, -3.31, 0.009, 207.80, -51.69);
insert into SHOT_FLAG values(1227, 'dpl');
insert into SHOT values (1228, 1227, 1233, 1564, 0.320, 351.68, -0.70, 0.314, 350.84, -1.82, 0.010, 209.35, -38.76);
insert into SHOT_FLAG values(1228, 'dpl');
insert into SHOT values (1229, 1227, 1234, 1564, 1.470, 78.68, -86.40, 1.473, 83.66, -86.47, 0.009, 183.58, -19.64);
insert into SHOT_FLAG values(1229, 'dpl');
insert into SHOT values (1230, 1227, 1235, 1564, 1.810, 146.78, 77.70, 1.813, 147.53, 77.54, 0.008, 189.38, 11.63);
insert into SHOT_FLAG values(1230, 'dpl');
insert into SHOT values (1231, 1227, 1236, 1564, 0.610, 190.18, 82.00, 0.607, 192.53, 81.26, 0.009, 217.76, -26.50);
insert into SHOT_FLAG values(1231, 'dpl');
insert into SHOT values (1232, 1227, 1237, 1564, 3.470, 183.38, -7.10, 3.461, 183.67, -6.80, 0.026, 293.78, 45.87);
insert into SHOT_FLAG values(1232, 'dpl');
insert into SHOT values (1233, 1237, 1238, 1564, 7.000, 118.38, -6.00, 6.996, 118.41, -5.99, 0.005, 262.45, 19.49);
insert into SHOT_FLAG values(1233, 'dpl');
insert into SHOT values (1234, 1237, 1239, 1564, 4.830, 89.68, -5.70, 4.824, 89.76, -5.71, 0.009, 222.72, -1.84);
insert into SHOT_FLAG values(1234, 'dpl');
insert into SHOT values (1235, 1237, 1240, 1564, 5.390, 52.78, -2.10, 5.386, 52.85, -2.13, 0.008, 176.17, -17.60);
insert into SHOT_FLAG values(1235, 'dpl');
insert into SHOT values (1236, 1237, 1241, 1564, 5.820, 39.38, -0.40, 5.812, 39.41, -0.39, 0.009, 198.39, 4.14);
insert into SHOT_FLAG values(1236, 'dpl');
insert into SHOT values (1237, 1237, 1242, 1564, 6.620, 28.98, -1.20, 6.617, 28.93, -1.21, 0.007, 272.95, -10.88);
insert into SHOT_FLAG values(1237, 'dpl');
insert into SHOT values (1238, 1237, 1243, 1564, 4.920, 20.08, 0.90, 4.920, 20.09, 0.93, 0.003, 109.55, 74.06);
insert into SHOT_FLAG values(1238, 'dpl');
insert into SHOT values (1239, 1237, 1244, 1564, 3.600, 6.48, 1.00, 3.593, 6.39, 0.96, 0.010, 225.04, -17.26);
insert into SHOT_FLAG values(1239, 'dpl');
insert into SHOT values (1240, 1237, 1245, 1564, 3.030, 347.18, -1.70, 3.029, 347.02, -1.70, 0.009, 248.52, -0.73);
insert into SHOT_FLAG values(1240, 'dpl');
insert into SHOT values (1241, 1237, 1246, 1564, 2.280, 327.78, -4.10, 2.280, 327.57, -4.02, 0.009, 242.03, 19.31);
insert into SHOT_FLAG values(1241, 'dpl');
insert into SHOT values (1242, 1237, 1247, 1564, 0.580, 314.98, -3.90, 0.574, 314.29, -3.99, 0.009, 184.48, -3.47);
insert into SHOT_FLAG values(1242, 'dpl');
insert into SHOT values (1243, 1237, 1248, 1564, 2.390, 358.68, 63.50, 2.388, 358.38, 63.64, 0.008, 221.89, 7.65);
insert into SHOT_FLAG values(1243, 'dpl');
insert into SHOT values (1244, 1237, 1249, 1564, 1.540, 55.48, -87.00, 1.542, 56.31, -87.32, 0.009, 228.50, -13.85);
insert into SHOT_FLAG values(1244, 'dpl');
insert into SHOT values (1245, 1237, 1250, 1564, 1.550, 1.28, -88.10, 1.551, 0.00, -88.15, 0.002, 219.88, -25.39);
insert into SHOT_FLAG values(1245, 'dpl');
insert into SHOT values (1246, 1237, 1251, 1564, 2.860, 131.08, -39.70, 2.806, 131.44, -39.64, 0.056, 292.59, 41.40);
insert into SHOT_FLAG values(1246, 'dpl');
insert into SHOT values (1247, 1251, 1252, 1564, 1.360, 217.08, 2.30, 1.365, 216.95, 2.52, 0.008, 185.88, 42.31);
insert into SHOT_FLAG values(1247, 'dpl');
insert into SHOT values (1248, 1251, 1253, 1564, 1.640, 278.78, 14.00, 1.638, 278.69, 14.14, 0.005, 138.76, 39.23);
insert into SHOT_FLAG values(1248, 'dpl');
insert into SHOT values (1249, 1251, 1254, 1564, 2.730, 305.38, 14.40, 2.725, 305.44, 14.45, 0.006, 101.01, 10.28);
insert into SHOT_FLAG values(1249, 'dpl');
insert into SHOT values (1250, 1251, 1255, 1564, 4.510, 312.28, 13.40, 4.506, 312.32, 13.48, 0.008, 106.59, 38.65);
insert into SHOT_FLAG values(1250, 'dpl');
insert into SHOT values (1251, 1251, 1256, 1564, 6.220, 344.68, 13.20, 6.219, 344.68, 13.20, 0.001, 214.54, -26.23);
insert into SHOT_FLAG values(1251, 'dpl');
insert into SHOT values (1252, 1251, 1257, 1564, 6.230, 356.18, 14.70, 6.227, 356.19, 14.70, 0.003, 157.91, -17.29);
insert into SHOT_FLAG values(1252, 'dpl');
insert into SHOT values (1253, 1251, 1258, 1564, 6.590, 16.88, 12.50, 6.585, 16.91, 12.54, 0.008, 167.35, 28.89);
insert into SHOT_FLAG values(1253, 'dpl');
insert into SHOT values (1254, 1251, 1259, 1564, 5.060, 31.18, 15.40, 5.061, 31.25, 15.47, 0.008, 130.26, 49.50);
insert into SHOT_FLAG values(1254, 'dpl');
insert into SHOT values (1255, 1251, 1260, 1564, 4.250, 42.98, 11.70, 4.248, 43.05, 11.68, 0.006, 149.87, -19.58);
insert into SHOT_FLAG values(1255, 'dpl');
insert into SHOT values (1256, 1251, 1261, 1564, 0.310, 115.78, 2.60, 0.314, 116.57, 3.66, 0.008, 167.75, 47.60);
insert into SHOT_FLAG values(1256, 'dpl');
insert into SHOT values (1257, 1251, 1262, 1564, 4.730, 112.88, 7.90, 4.733, 112.85, 7.89, 0.004, 62.98, -1.59);
insert into SHOT_FLAG values(1257, 'dpl');
insert into SHOT values (1258, 1251, 1263, 1564, 2.820, 30.78, 68.60, 2.824, 31.06, 68.66, 0.007, 139.61, 40.24);
insert into SHOT_FLAG values(1258, 'dpl');
insert into SHOT values (1259, 1251, 1264, 1564, 1.360, 147.98, 81.60, 1.365, 147.09, 81.47, 0.007, 108.31, 43.01);
insert into SHOT_FLAG values(1259, 'dpl');
insert into SHOT values (1260, 1251, 1265, 1564, 0.140, 31.68, -81.30, 0.142, 26.57, -80.93, 0.003, 330.45, -35.29);
insert into SHOT_FLAG values(1260, 'dpl');
insert into SHOT values (1261, 1251, 1152, 1564, 8.050, 199.68, 2.10, 8.060, 200.12, 2.63, 0.097, 283.53, 50.38);
insert into SHOT_FLAG values(1261, 'dpl');
insert into SCRAPS values (1566, 1560, 'SP-Grotte_des_3_gros_00', 1, 0.31667, 0.04217);
 insert into MAPS values (1594, 1560, 'MP-Grotte_des_3_gros', 'Grotte des trois gros', 1, 25.760, -2.200);
 insert into MAPITEMS values (1594, 4, 1566);
 insert into SURVEY values (1596, 54, 'Grotte_du_lac', 'Grotte_du_lac.Flaine_Plate', 'Grotte du Lac (L100)');
 insert into CENTRELINE values (1597, 1596, NULL, NULL, NULL, 0.00, 0.00, 0.00);
 insert into SURVEY values (1598, 1596, 'Grotte_du_lac', 'Grotte_du_lac.Grotte_du_lac.Flaine_Plate', 'Grotte du lac (L100)');
 insert into CENTRELINE values (1599, 1598, NULL, NULL, NULL, 0.00, 0.00, 0.00);
 insert into CENTRELINE values (1600, 1598, NULL, '2010-08-28', '2010-01-01', 27.23, 0.00, 0.00);
 insert into PERSON values (21, NULL, '?');
insert into TOPO values (21, 1600);
 insert into TOPO values (9, 1600);
 insert into EXPLO values (20, 1600);
 insert into PERSON values (22, NULL, 'S.C.M.B.');
insert into EXPLO values (22, 1600);
 insert into SHOT values (1262, 1266, 1267, 1600, 0.000, 2.60, 0.00, 0.000, 90.00, 0.00, 0.000, 90.00, 0.00);
insert into SHOT values (1263, 1267, 1268, 1600, 5.700, 5.60, 25.00, 5.699, 5.56, 25.02, 0.005, 253.59, 13.39);
insert into SHOT values (1264, 1268, 1269, 1600, 6.180, 324.60, -2.00, 6.180, 324.69, -2.04, 0.010, 54.34, -24.93);
insert into SHOT values (1265, 1269, 1270, 1600, 6.540, 71.60, 0.00, 6.533, 71.62, 0.00, 0.007, 234.66, 0.00);
insert into SHOT values (1266, 1270, 1271, 1600, 3.440, 39.60, -3.00, 3.443, 39.57, -3.00, 0.003, 2.71, 0.65);
insert into SHOT values (1267, 1271, 1272, 1600, 2.650, 101.60, -2.00, 2.657, 101.73, -1.94, 0.010, 142.07, 14.92);
insert into SHOT values (1268, 1272, 1273, 1600, 2.720, 149.60, 10.00, 2.717, 149.70, 9.96, 0.006, 274.82, -23.21);
insert into STATION values (1, 'Gouffre_de_la_petite_Marielle', 58, 322898.00, 5094854.00, 2300.00);
insert into STATION_FLAG values(1, 'ent');
insert into STATION_FLAG values(1, 'fix');
insert into STATION values (2, '0d', 58, 322898.00, 5094854.00, 2300.00);
insert into STATION values (3, '1.2', 58, 322898.00, 5094854.00, 2300.00);
insert into STATION values (4, '1.0', 58, 322895.82, 5094854.70, 2289.73);
insert into STATION values (5, '2.0', 58, 322895.82, 5094854.70, 2289.73);
insert into STATION values (6, '1.0d', 58, 322895.82, 5094854.70, 2289.73);
insert into STATION values (7, '1.1', 58, 322897.57, 5094854.07, 2293.72);
insert into STATION values (8, '1.2d', 58, 322898.00, 5094854.00, 2300.00);
insert into STATION values (9, '2f.0', 58, 322895.82, 5094854.70, 2289.73);
insert into STATION values (10, '2f.1', 58, 322891.38, 5094854.97, 2289.05);
insert into STATION values (11, '2.1', 58, 322904.79, 5094858.19, 2289.10);
insert into STATION values (12, '2.2', 58, 322909.38, 5094858.70, 2290.43);
insert into STATION values (13, '2.3', 58, 322918.25, 5094861.12, 2289.43);
insert into STATION values (14, '2.4', 58, 322931.91, 5094862.38, 2287.55);
insert into STATION values (15, '2.5', 58, 322934.11, 5094863.18, 2287.50);
insert into STATION values (16, '2.6', 58, 322939.07, 5094865.81, 2284.80);
insert into STATION values (17, '2.7', 58, 322945.34, 5094867.97, 2285.28);
insert into STATION values (18, '2.8', 58, 322948.56, 5094869.06, 2284.24);
insert into STATION values (19, '2.9', 58, 322953.37, 5094870.28, 2284.85);
insert into STATION values (20, '2.10', 58, 322960.50, 5094873.52, 2283.20);
insert into STATION values (21, '2.11', 58, 322964.66, 5094874.42, 2285.97);
insert into STATION values (22, '2.12', 58, 322968.97, 5094876.43, 2284.22);
insert into STATION values (23, '2.13', 58, 322969.46, 5094877.47, 2284.61);
insert into STATION values (24, '3.0', 58, 322918.25, 5094861.12, 2289.43);
insert into STATION values (25, '3.1', 58, 322920.82, 5094856.89, 2294.21);
insert into STATION values (26, '4.0', 58, 322933.59, 5094858.64, 2286.82);
insert into STATION values (27, '4.0d', 58, 322933.59, 5094858.64, 2286.82);
insert into STATION values (28, '4.1', 58, 322934.11, 5094863.18, 2287.50);
insert into STATION values (29, '10.0', 58, 322978.68, 5094881.91, 2224.44);
insert into STATION values (30, '10.0d', 58, 322978.68, 5094881.91, 2224.44);
insert into STATION values (31, '10.1', 58, 322974.39, 5094882.63, 2235.77);
insert into STATION values (32, '10.2', 58, 322974.15, 5094883.63, 2243.34);
insert into STATION values (33, '10.3', 58, 322975.08, 5094883.20, 2244.39);
insert into STATION values (34, '10.4', 58, 322976.41, 5094883.75, 2259.06);
insert into STATION values (35, '10.5', 58, 322976.39, 5094882.01, 2272.86);
insert into STATION values (36, '10.6', 58, 322976.65, 5094880.69, 2275.03);
insert into STATION values (37, '10.7', 58, 322971.46, 5094878.17, 2283.56);
insert into STATION values (38, '10.8', 58, 322970.22, 5094876.96, 2283.82);
insert into STATION values (39, '10.9', 58, 322969.46, 5094877.47, 2284.61);
insert into STATION values (40, '11.0', 58, 322974.39, 5094882.63, 2235.78);
insert into STATION values (41, '11.1', 58, 322976.08, 5094889.97, 2230.49);
insert into STATION values (42, '11.2', 58, 322975.71, 5094888.17, 2224.54);
insert into STATION values (43, '11.3', 58, 322974.45, 5094889.00, 2216.10);
insert into STATION values (44, '11.4', 58, 322978.16, 5094889.45, 2211.46);
insert into STATION values (45, '12.0', 58, 322974.44, 5094889.00, 2216.11);
insert into STATION values (46, '12.1', 58, 322974.62, 5094887.01, 2216.20);
insert into STATION values (47, '12.2', 58, 322970.99, 5094889.43, 2213.79);
insert into STATION values (48, '12.3', 58, 322970.51, 5094890.46, 2212.68);
insert into STATION values (49, '12.4', 58, 322972.99, 5094890.90, 2213.04);
insert into STATION values (50, '12.5', 58, 322975.51, 5094891.32, 2213.52);
insert into STATION values (51, '12.6', 58, 322980.02, 5094892.81, 2217.56);
insert into STATION values (52, '12.7', 58, 322983.48, 5094894.40, 2215.06);
insert into STATION values (53, '12.8', 58, 322987.76, 5094892.85, 2234.02);
insert into STATION values (54, '13.0', 58, 322970.51, 5094890.46, 2212.68);
insert into STATION values (55, '13.1', 58, 322967.65, 5094889.39, 2216.32);
insert into STATION values (56, '13.2', 58, 322965.45, 5094888.89, 2216.80);
insert into STATION values (57, '13.3', 58, 322962.35, 5094887.68, 2217.88);
insert into STATION values (58, '13.4', 58, 322951.88, 5094885.42, 2218.18);
insert into STATION values (59, '13.5', 58, 322946.96, 5094884.17, 2218.64);
insert into STATION values (60, '13.6', 58, 322944.30, 5094883.87, 2216.86);
insert into STATION values (61, '13.7', 58, 322938.67, 5094882.67, 2216.72);
insert into STATION values (62, '13.8', 58, 322934.10, 5094882.43, 2213.58);
insert into STATION values (63, '13.9', 58, 322933.32, 5094887.75, 2203.64);
insert into STATION values (64, '20.0', 58, 322983.47, 5094894.39, 2215.07);
insert into STATION values (65, '20.1', 58, 322985.15, 5094893.62, 2218.45);
insert into STATION values (66, '20.2', 58, 322987.49, 5094894.05, 2218.87);
insert into STATION values (67, '20.3', 58, 322990.53, 5094891.56, 2225.20);
insert into STATION values (68, '20.4', 58, 322993.06, 5094889.89, 2226.08);
insert into STATION values (69, '20.5', 58, 322990.12, 5094889.86, 2240.79);
insert into STATION values (70, '20.6', 58, 322991.28, 5094890.11, 2254.89);
insert into STATION values (71, '20.7', 58, 322987.17, 5094888.86, 2254.12);
insert into STATION values (72, '20.8', 58, 322981.70, 5094886.80, 2253.58);
insert into STATION values (73, '20.9', 58, 322980.83, 5094885.84, 2258.96);
insert into STATION values (74, '20.10', 58, 322980.51, 5094885.05, 2259.07);
insert into STATION values (75, '20.11', 58, 322976.42, 5094883.76, 2259.05);
insert into STATION values (76, '21.0', 58, 322993.06, 5094889.89, 2226.08);
insert into STATION values (77, '21.1', 58, 322988.30, 5094888.33, 2224.41);
insert into STATION values (78, '21.2', 58, 322985.62, 5094889.11, 2209.63);
insert into STATION values (79, '15.0', 58, 322976.65, 5094880.69, 2275.03);
insert into STATION values (80, '15.1', 58, 322978.85, 5094883.50, 2264.06);
insert into STATION values (81, '15.2', 58, 322980.94, 5094884.42, 2264.21);
insert into STATION values (82, '15.3', 58, 322985.58, 5094885.34, 2263.82);
insert into STATION values (83, '30.0', 58, 322923.74, 5094882.91, 2214.36);
insert into STATION values (84, '30.0d', 58, 322923.74, 5094882.91, 2214.36);
insert into STATION values (85, '30.1', 58, 322926.19, 5094883.64, 2216.31);
insert into STATION values (86, '30.2', 58, 322928.49, 5094882.72, 2217.05);
insert into STATION values (87, '30.3', 58, 322930.44, 5094883.45, 2217.39);
insert into STATION values (88, '30.4', 58, 322932.95, 5094883.37, 2217.17);
insert into STATION values (89, '30.5', 58, 322937.80, 5094884.80, 2216.60);
insert into STATION values (90, '30.6', 58, 322935.41, 5094883.99, 2216.33);
insert into STATION values (91, '30.7', 58, 322933.83, 5094884.04, 2215.48);
insert into STATION values (92, '30.8', 58, 322931.54, 5094884.71, 2214.76);
insert into STATION values (93, '30.9', 58, 322933.32, 5094887.75, 2203.64);
insert into STATION values (94, '30.10', 58, 322930.88, 5094888.97, 2204.27);
insert into STATION values (95, '30.11', 58, 322932.61, 5094893.03, 2202.65);
insert into STATION values (96, '30.12', 58, 322934.05, 5094898.94, 2202.57);
insert into STATION values (97, '30.13', 58, 322935.83, 5094901.04, 2202.86);
insert into STATION values (98, '30.14', 58, 322935.04, 5094904.77, 2202.82);
insert into STATION values (99, '30.15', 58, 322937.04, 5094910.27, 2201.47);
insert into STATION values (100, '30.16', 58, 322938.35, 5094912.62, 2200.43);
insert into STATION values (101, '30.17', 58, 322939.04, 5094913.88, 2186.33);
insert into STATION values (102, '30.18', 58, 322942.98, 5094913.01, 2177.47);
insert into STATION values (103, '30.19', 58, 322937.84, 5094911.45, 2175.64);
insert into STATION values (104, '30.20', 58, 322937.08, 5094910.67, 2166.37);
insert into STATION values (105, '30.21', 58, 322941.64, 5094911.33, 2166.04);
insert into STATION values (106, '30.22', 58, 322946.77, 5094912.45, 2165.52);
insert into STATION values (107, '30.23', 58, 322948.86, 5094911.58, 2165.22);
insert into STATION values (108, '30.24', 58, 322953.16, 5094912.20, 2164.62);
insert into STATION values (109, '30.25', 58, 322959.16, 5094913.37, 2165.06);
insert into STATION values (110, '30.26', 58, 322961.09, 5094912.64, 2164.72);
insert into STATION values (111, '30.27', 58, 322961.99, 5094910.21, 2164.54);
insert into STATION values (112, '30.28', 58, 322962.23, 5094908.06, 2165.04);
insert into STATION values (113, '30.29', 58, 322963.17, 5094907.60, 2165.38);
insert into STATION values (114, '31.0', 58, 322937.08, 5094910.67, 2166.37);
insert into STATION values (115, '31.1', 58, 322938.61, 5094902.89, 2165.33);
insert into STATION values (116, '41.0', 58, 322963.17, 5094907.60, 2165.38);
insert into STATION values (117, '41.1', 58, 322963.09, 5094905.94, 2164.74);
insert into STATION values (118, '41.2', 58, 322963.95, 5094905.90, 2164.38);
insert into STATION values (119, '41.3', 58, 322964.16, 5094905.62, 2161.51);
insert into STATION values (120, '42.0', 58, 322964.16, 5094905.62, 2161.51);
insert into STATION values (121, '42.1', 58, 322967.25, 5094904.45, 2162.33);
insert into STATION values (122, '42.2', 58, 322975.35, 5094900.85, 2163.90);
insert into STATION values (123, '41.4', 58, 322965.03, 5094906.73, 2156.47);
insert into STATION values (124, '41.5', 58, 322969.59, 5094902.90, 2138.02);
insert into STATION values (125, '41.6', 58, 322973.64, 5094900.90, 2140.17);
insert into STATION values (126, '41.7', 58, 322976.54, 5094901.99, 2122.44);
insert into STATION values (127, '41.8', 58, 322977.20, 5094901.85, 2113.26);
insert into STATION values (128, '41.9', 58, 322979.64, 5094906.61, 2092.44);
insert into STATION values (129, '41.10', 58, 322983.73, 5094908.96, 2085.79);
insert into STATION values (130, '41.11', 58, 322987.24, 5094909.68, 2084.16);
insert into STATION values (131, '41.12', 58, 322986.86, 5094909.36, 2074.17);
insert into STATION values (132, '41.13', 58, 322985.23, 5094909.96, 2073.84);
insert into STATION values (133, '41.14', 58, 322979.41, 5094913.50, 2053.13);
insert into STATION values (134, '41.15', 58, 322977.27, 5094915.44, 2048.45);
insert into STATION values (135, '41.16', 58, 322977.76, 5094919.24, 2049.28);
insert into STATION values (136, '41.17', 58, 322964.08, 5094930.25, 2017.97);
insert into STATION values (137, '41.18', 58, 322960.21, 5094933.36, 2003.81);
insert into STATION values (138, 'Gouffre_Moquette_qui_suinte', 491, 322894.00, 5094747.00, 2330.00);
insert into STATION_FLAG values(138, 'ent');
insert into STATION_FLAG values(138, 'fix');
insert into STATION values (139, '0d', 491, 322894.00, 5094747.00, 2330.00);
insert into STATION values (140, '1.0', 491, 322894.00, 5094747.00, 2330.00);
insert into STATION values (141, '1.1', 491, 322895.07, 5094747.09, 2325.16);
insert into STATION values (142, '1.2', 491, 322900.08, 5094746.78, 2323.38);
insert into STATION values (143, '1.3', 491, 322901.04, 5094746.50, 2320.32);
insert into STATION values (144, '1.4', 491, 322903.20, 5094746.53, 2319.60);
insert into STATION values (145, '1.5', 491, 322906.31, 5094746.76, 2314.27);
insert into STATION values (146, '1.6', 491, 322911.07, 5094745.30, 2321.06);
insert into STATION values (147, '1.7', 491, 322910.83, 5094743.85, 2320.43);
insert into STATION values (148, '1.8', 491, 322914.41, 5094744.09, 2320.17);
insert into STATION values (149, '1.9', 491, 322915.52, 5094743.57, 2320.05);
insert into STATION values (150, '1.10', 491, 322917.71, 5094744.65, 2320.25);
insert into STATION values (151, '1.11', 491, 322919.86, 5094743.72, 2319.86);
insert into STATION values (152, '1.12', 491, 322920.71, 5094746.08, 2319.05);
insert into STATION values (153, '1.13', 491, 322920.38, 5094746.87, 2319.29);
insert into STATION values (154, '1.14', 491, 322921.14, 5094749.51, 2319.76);
insert into STATION values (155, '1.15', 491, 322921.99, 5094751.24, 2321.17);
insert into STATION values (156, '1.16', 491, 322922.33, 5094754.64, 2324.47);
insert into STATION values (157, '2.0', 491, 322900.08, 5094746.78, 2323.38);
insert into STATION values (158, '2.1', 491, 322898.69, 5094743.88, 2322.59);
insert into STATION values (159, '2.2', 491, 322898.39, 5094742.20, 2318.83);
insert into STATION values (160, '3.0', 491, 322920.71, 5094746.08, 2319.05);
insert into STATION values (161, '3.1', 491, 322920.50, 5094745.53, 2319.09);
insert into STATION values (162, '3.2', 491, 322920.40, 5094745.43, 2308.70);
insert into STATION values (163, '4.0', 491, 322920.71, 5094746.08, 2319.05);
insert into STATION values (164, '4.1', 491, 322921.92, 5094745.02, 2318.56);
insert into STATION values (165, '4.2', 491, 322924.14, 5094745.73, 2318.82);
insert into STATION values (166, '4.3', 491, 322925.49, 5094745.37, 2318.94);
insert into STATION values (167, '6.0', 491, 322906.31, 5094746.76, 2314.27);
insert into STATION values (168, '6.1', 491, 322904.12, 5094746.09, 2313.50);
insert into STATION values (169, '6.2', 491, 322906.95, 5094747.85, 2312.38);
insert into STATION values (170, '6.3', 491, 322907.29, 5094749.11, 2311.09);
insert into STATION values (171, '6.4', 491, 322908.29, 5094751.72, 2309.41);
insert into STATION values (172, '6.5', 491, 322907.03, 5094752.55, 2309.52);
insert into STATION values (173, '6.6', 491, 322912.19, 5094753.33, 2306.90);
insert into STATION values (174, '6.7', 491, 322912.12, 5094755.79, 2304.90);
insert into STATION values (175, '6.8', 491, 322916.11, 5094755.74, 2303.73);
insert into STATION values (176, '6.9', 491, 322919.78, 5094757.60, 2301.20);
insert into STATION values (177, '6.10', 491, 322919.59, 5094758.08, 2297.94);
insert into STATION values (178, '6.11', 491, 322921.66, 5094758.66, 2297.02);
insert into STATION values (179, '6.12', 491, 322920.53, 5094758.89, 2295.05);
insert into STATION values (180, '8.0', 491, 322920.53, 5094758.89, 2295.05);
insert into STATION values (181, '8.1', 491, 322916.55, 5094760.64, 2295.04);
insert into STATION values (182, '8.2', 491, 322914.59, 5094760.70, 2295.38);
insert into STATION values (183, '8.3', 491, 322913.05, 5094761.86, 2294.67);
insert into STATION values (184, '7.0', 491, 322919.59, 5094758.08, 2297.94);
insert into STATION values (185, '7.1', 491, 322924.59, 5094756.29, 2296.83);
insert into STATION values (186, '7.2', 491, 322923.57, 5094755.84, 2297.26);
insert into STATION values (187, '7.3', 491, 322926.73, 5094754.85, 2296.43);
insert into STATION values (188, '6.13', 491, 322921.98, 5094758.84, 2294.91);
insert into STATION values (189, '6.14', 491, 322922.69, 5094760.87, 2294.75);
insert into STATION values (190, '6.15', 491, 322924.45, 5094762.18, 2294.65);
insert into STATION values (191, '40.0', 491, 322959.38, 5094733.64, 2292.87);
insert into STATION values (192, '40.0d', 491, 322959.38, 5094733.64, 2292.87);
insert into STATION values (193, '41.0', 491, 322959.38, 5094733.64, 2292.87);
insert into STATION values (194, '40.1', 491, 322958.40, 5094737.31, 2291.49);
insert into STATION values (195, '40.2', 491, 322956.45, 5094738.32, 2291.96);
insert into STATION values (196, '40.3', 491, 322955.99, 5094740.07, 2292.58);
insert into STATION values (197, '40.4', 491, 322956.56, 5094742.61, 2293.12);
insert into STATION values (198, '40.5', 491, 322953.90, 5094744.58, 2293.28);
insert into STATION values (199, '40.6', 491, 322953.67, 5094745.78, 2291.85);
insert into STATION values (200, '40.7', 491, 322953.87, 5094748.07, 2293.66);
insert into STATION values (201, '40.8', 491, 322952.65, 5094748.07, 2293.42);
insert into STATION values (202, '40.9', 491, 322952.52, 5094749.55, 2293.63);
insert into STATION values (203, '40.10', 491, 322950.32, 5094756.98, 2293.72);
insert into STATION values (204, '43.0', 491, 322950.32, 5094756.98, 2293.72);
insert into STATION values (205, '43.1', 491, 322947.46, 5094756.44, 2293.82);
insert into STATION values (206, '40.11', 491, 322948.44, 5094768.89, 2293.51);
insert into STATION values (207, '44.0', 491, 322948.44, 5094768.89, 2293.51);
insert into STATION values (208, '44.1', 491, 322943.48, 5094769.62, 2292.02);
insert into STATION values (209, '44.2', 491, 322940.07, 5094771.29, 2291.84);
insert into STATION values (210, '45.0', 491, 322948.44, 5094768.89, 2293.51);
insert into STATION values (211, '45.1', 491, 322949.39, 5094761.59, 2301.13);
insert into STATION values (212, '45.2', 491, 322946.06, 5094760.65, 2304.98);
insert into STATION values (213, '45.3', 491, 322945.55, 5094758.89, 2304.75);
insert into STATION values (214, '45.4', 491, 322944.64, 5094758.94, 2310.21);
insert into STATION values (215, '45.5', 491, 322939.43, 5094757.25, 2311.78);
insert into STATION values (216, '46.0', 491, 322939.43, 5094757.25, 2311.78);
insert into STATION values (217, '46.1', 491, 322941.23, 5094753.00, 2316.90);
insert into STATION values (218, '45.6', 491, 322937.90, 5094756.90, 2311.97);
insert into STATION values (219, '45.7', 491, 322934.10, 5094752.82, 2311.52);
insert into STATION values (220, '45.8', 491, 322937.36, 5094751.74, 2312.75);
insert into STATION values (221, '45.9', 491, 322935.39, 5094749.52, 2316.73);
insert into STATION values (222, '45.10', 491, 322931.97, 5094748.92, 2316.48);
insert into STATION values (223, '45.11', 491, 322929.69, 5094748.09, 2319.00);
insert into STATION values (224, '45.12', 491, 322926.26, 5094746.56, 2318.90);
insert into STATION values (225, '45.13', 491, 322922.37, 5094745.78, 2318.74);
insert into STATION values (226, '45.14', 491, 322920.71, 5094746.08, 2319.05);
insert into STATION values (227, '42.0', 491, 322952.52, 5094749.55, 2293.63);
insert into STATION values (228, '42.1', 491, 322947.59, 5094747.39, 2293.63);
insert into STATION values (229, '41.1', 491, 322965.07, 5094735.06, 2291.67);
insert into STATION values (230, '41.2', 491, 322972.20, 5094735.49, 2291.20);
insert into STATION values (231, '41.3', 491, 322981.12, 5094737.42, 2290.50);
insert into STATION values (232, '41.4', 491, 322983.24, 5094737.29, 2290.23);
insert into STATION values (233, '41.5', 491, 322988.20, 5094738.82, 2289.82);
insert into STATION values (234, '41.6', 491, 322991.49, 5094739.05, 2290.02);
insert into STATION values (235, '41.7', 491, 323001.44, 5094740.01, 2290.02);
insert into STATION values (236, 'Gouffre_Chimelle', 866, 321222.00, 5094742.00, 2425.00);
insert into STATION_FLAG values(236, 'ent');
insert into STATION_FLAG values(236, 'fix');
insert into STATION values (237, '0d', 866, 321222.00, 5094742.00, 2425.00);
insert into STATION values (238, '9', 866, 321222.00, 5094742.00, 2425.00);
insert into STATION values (239, 'fd', 866, 321220.94, 5094746.09, 2332.07);
insert into STATION values (240, '1', 866, 321221.77, 5094746.69, 2356.64);
insert into STATION values (241, '2', 866, 321222.72, 5094747.63, 2360.09);
insert into STATION values (242, '3', 866, 321224.56, 5094752.21, 2364.69);
insert into STATION values (243, '4', 866, 321224.34, 5094749.91, 2391.59);
insert into STATION values (244, '5', 866, 321223.42, 5094746.34, 2393.67);
insert into STATION values (245, '6', 866, 321223.94, 5094746.91, 2404.36);
insert into STATION values (246, '7', 866, 321223.43, 5094745.42, 2409.23);
insert into STATION values (247, '8', 866, 321222.67, 5094741.38, 2423.12);
insert into STATION values (248, 'Grotte_de_Monthieu', 926, 321516.09, 5094605.91, 2200.00);
insert into STATION_FLAG values(248, 'ent');
insert into STATION_FLAG values(248, 'fix');
insert into STATION values (249, '0d', 926, 321516.09, 5094605.91, 2200.00);
insert into STATION values (250, '1ht', 926, 321519.15, 5094607.94, 2203.72);
insert into STATION values (251, '1bas', 926, 321511.87, 5094605.93, 2196.82);
insert into STATION values (252, 'A0', 926, 321513.55, 5094606.25, 2198.11);
insert into STATION values (253, 'A1', 926, 321513.55, 5094606.25, 2200.60);
insert into STATION values (254, 'A2', 926, 321516.26, 5094601.70, 2198.47);
insert into STATION values (255, '1A0', 926, 321516.80, 5094603.48, 2199.30);
insert into STATION values (256, '2', 926, 321510.96, 5094603.79, 2195.44);
insert into STATION values (257, '3', 926, 321510.96, 5094603.79, 2188.54);
insert into STATION values (258, '4', 926, 321512.03, 5094587.74, 2185.94);
insert into STATION values (259, '5', 926, 321513.26, 5094587.13, 2187.64);
insert into STATION values (260, '6', 926, 321511.57, 5094584.45, 2185.81);
insert into STATION values (261, 'L_oeil_central_des_3_yeux', 933, 322869.00, 5094842.00, 2294.00);
insert into STATION_FLAG values(261, 'ent');
insert into STATION_FLAG values(261, 'fix');
insert into STATION values (262, '0d', 933, 322869.00, 5094842.00, 2294.00);
insert into STATION values (263, '1.0', 933, 322869.00, 5094842.00, 2294.00);
insert into STATION values (264, '1.1', 933, 322873.60, 5094845.40, 2294.98);
insert into STATION values (265, '1.2', 933, 322883.51, 5094848.40, 2294.23);
insert into STATION values (266, '1.3', 933, 322892.20, 5094852.23, 2294.28);
insert into STATION values (267, '1.4', 933, 322896.96, 5094853.92, 2294.49);
insert into STATION values (268, '1.5', 933, 322898.14, 5094853.32, 2295.38);
insert into STATION values (269, '1.6', 933, 322901.51, 5094854.58, 2295.53);
insert into STATION values (270, '2.0', 933, 322883.56, 5094848.42, 2294.23);
insert into STATION values (271, '2.1', 933, 322881.14, 5094849.45, 2293.02);
insert into STATION values (272, '2.2', 933, 322879.61, 5094851.84, 2292.95);
insert into STATION values (273, '2.3', 933, 322879.66, 5094851.27, 2292.89);
insert into STATION values (274, '2.4', 933, 322874.13, 5094851.63, 2292.59);
insert into STATION values (275, '2.5', 933, 322869.68, 5094849.81, 2293.10);
insert into STATION values (276, '2.6', 933, 322867.49, 5094848.28, 2292.10);
insert into STATION values (277, '2.7', 933, 322866.90, 5094846.48, 2292.71);
insert into STATION values (278, '2.8', 933, 322868.94, 5094841.98, 2294.01);
insert into STATION values (279, 'Gouffre_du_Colonney', 940, 322803.00, 5094375.00, 2290.00);
insert into STATION_FLAG values(279, 'ent');
insert into STATION_FLAG values(279, 'fix');
insert into STATION values (280, '1', 940, 322801.38, 5094375.06, 2289.40);
insert into STATION values (281, '2', 940, 322800.36, 5094376.11, 2280.39);
insert into STATION values (282, '.', 940, 322800.65, 5094374.70, 2280.36);
insert into STATION values (283, '.', 940, 322801.85, 5094375.84, 2280.56);
insert into STATION values (284, '.', 940, 322800.09, 5094377.22, 2280.24);
insert into STATION values (285, '.', 940, 322800.92, 5094375.51, 2278.92);
insert into STATION values (286, '.', 940, 322800.95, 5094376.59, 2278.55);
insert into STATION values (287, '3', 940, 322799.91, 5094377.92, 2274.49);
insert into STATION values (288, '.', 940, 322798.49, 5094378.85, 2274.71);
insert into STATION values (289, '.', 940, 322796.86, 5094378.28, 2274.65);
insert into STATION values (290, '.', 940, 322798.24, 5094376.31, 2274.52);
insert into STATION values (291, '.', 940, 322799.66, 5094376.38, 2274.46);
insert into STATION values (292, '.', 940, 322799.14, 5094377.38, 2280.01);
insert into STATION values (293, '.', 940, 322798.11, 5094378.53, 2277.70);
insert into STATION values (294, '.', 940, 322799.87, 5094378.31, 2278.55);
insert into STATION values (295, '.', 940, 322798.80, 5094377.91, 2273.06);
insert into STATION values (296, '4', 940, 322800.60, 5094376.28, 2273.09);
insert into STATION values (297, '.', 940, 322800.74, 5094376.29, 2273.97);
insert into STATION values (298, '.', 940, 322800.76, 5094377.27, 2274.15);
insert into STATION values (299, '.', 940, 322800.75, 5094377.19, 2273.28);
insert into STATION values (300, '.', 940, 322800.68, 5094376.37, 2271.73);
insert into STATION values (301, '.', 940, 322799.47, 5094376.28, 2273.25);
insert into STATION values (302, '.', 940, 322798.32, 5094376.23, 2274.03);
insert into STATION values (303, '.', 940, 322799.84, 5094376.61, 2273.01);
insert into STATION values (304, '5', 940, 322806.04, 5094374.34, 2269.39);
insert into STATION values (305, '.', 940, 322805.99, 5094374.85, 2269.30);
insert into STATION values (306, '.', 940, 322805.96, 5094374.63, 2269.75);
insert into STATION values (307, '.', 940, 322808.20, 5094375.62, 2268.98);
insert into STATION values (308, '.', 940, 322804.25, 5094375.35, 2269.50);
insert into STATION values (309, '.', 940, 322802.41, 5094375.05, 2270.36);
insert into STATION values (310, '.', 940, 322803.84, 5094373.74, 2269.73);
insert into STATION values (311, '.', 940, 322804.62, 5094374.22, 2270.61);
insert into STATION values (312, '.', 940, 322804.32, 5094375.14, 2270.52);
insert into STATION values (313, '6', 940, 322808.58, 5094376.01, 2268.14);
insert into STATION values (314, '.', 940, 322808.99, 5094375.95, 2268.24);
insert into STATION values (315, '.', 940, 322808.90, 5094375.75, 2268.77);
insert into STATION values (316, '.', 940, 322808.35, 5094375.46, 2268.59);
insert into STATION values (317, '.', 940, 322806.65, 5094375.32, 2268.41);
insert into STATION values (318, '.', 940, 322804.29, 5094373.53, 2269.68);
insert into STATION values (319, '.', 940, 322807.25, 5094374.82, 2268.64);
insert into STATION values (320, '.', 940, 322808.55, 5094375.91, 2266.77);
insert into STATION values (321, '.', 940, 322808.20, 5094374.53, 2267.64);
insert into STATION values (322, '7', 940, 322808.90, 5094373.22, 2266.25);
insert into STATION values (323, '.', 940, 322808.00, 5094372.74, 2266.21);
insert into STATION values (324, '.', 940, 322808.51, 5094372.87, 2266.86);
insert into STATION values (325, '.', 940, 322808.86, 5094373.11, 2266.91);
insert into STATION values (326, '.', 940, 322808.29, 5094374.08, 2267.59);
insert into STATION values (327, '.', 940, 322808.85, 5094373.10, 2265.66);
insert into STATION values (328, '.', 940, 322808.34, 5094372.19, 2265.69);
insert into STATION values (329, '8', 940, 322809.33, 5094371.37, 2265.61);
insert into STATION values (330, '.', 940, 322809.41, 5094370.62, 2265.65);
insert into STATION values (331, '.', 940, 322810.22, 5094371.49, 2265.83);
insert into STATION values (332, '.', 940, 322809.76, 5094371.32, 2266.39);
insert into STATION values (333, '.', 940, 322809.15, 5094370.86, 2265.84);
insert into STATION values (334, '.', 940, 322810.07, 5094370.75, 2265.32);
insert into STATION values (335, '.', 940, 322809.85, 5094372.41, 2265.81);
insert into STATION values (336, '.', 940, 322809.58, 5094372.51, 2266.25);
insert into STATION values (337, '.', 940, 322808.75, 5094372.59, 2265.46);
insert into STATION values (338, '.', 940, 322809.29, 5094372.53, 2264.35);
insert into STATION values (339, '.', 940, 322809.02, 5094371.41, 2264.46);
insert into STATION values (340, '9', 940, 322809.09, 5094370.62, 2256.78);
insert into STATION values (341, '.', 940, 322808.44, 5094370.32, 2256.97);
insert into STATION values (342, '.', 940, 322809.32, 5094369.52, 2256.96);
insert into STATION values (343, '.', 940, 322810.67, 5094370.48, 2257.07);
insert into STATION values (344, '.', 940, 322809.90, 5094372.15, 2257.05);
insert into STATION values (345, '.', 940, 322809.36, 5094372.70, 2259.57);
insert into STATION values (346, '.', 940, 322809.45, 5094372.47, 2258.76);
insert into STATION values (347, '.', 940, 322807.91, 5094369.68, 2263.41);
insert into STATION values (348, '10', 940, 322811.50, 5094370.83, 2257.65);
insert into STATION values (349, '.', 940, 322812.61, 5094370.05, 2257.56);
insert into STATION values (350, '.', 940, 322811.94, 5094371.93, 2258.90);
insert into STATION values (351, '.', 940, 322811.01, 5094371.00, 2265.09);
insert into STATION values (352, '.', 940, 322808.84, 5094371.75, 2257.85);
insert into STATION values (353, '.', 940, 322808.44, 5094370.46, 2258.00);
insert into STATION values (354, '.', 940, 322811.34, 5094371.24, 2255.75);
insert into STATION values (355, '.', 940, 322811.39, 5094371.71, 2257.51);
insert into STATION values (356, '11', 940, 322811.93, 5094373.20, 2256.84);
insert into STATION values (357, '.', 940, 322812.34, 5094373.10, 2256.85);
insert into STATION values (358, '.', 940, 322810.78, 5094373.34, 2257.26);
insert into STATION values (359, '.', 940, 322811.69, 5094373.47, 2258.26);
insert into STATION values (360, '.', 940, 322813.90, 5094375.00, 2256.85);
insert into STATION values (361, '.', 940, 322812.71, 5094374.91, 2257.63);
insert into STATION values (362, '.', 940, 322811.58, 5094374.92, 2257.14);
insert into STATION values (363, '.', 940, 322810.72, 5094374.55, 2257.38);
insert into STATION values (364, '12', 940, 322814.34, 5094374.87, 2256.54);
insert into STATION values (365, '13', 940, 322807.93, 5094375.02, 2258.05);
insert into STATION values (366, '.', 940, 322807.98, 5094374.11, 2258.28);
insert into STATION values (367, '.', 940, 322808.09, 5094375.15, 2260.00);
insert into STATION values (368, '.', 940, 322807.97, 5094375.44, 2258.46);
insert into STATION values (369, '.', 940, 322808.02, 5094375.83, 2259.52);
insert into STATION values (370, '.', 940, 322805.56, 5094375.58, 2260.27);
insert into STATION values (371, '.', 940, 322810.21, 5094374.19, 2258.29);
insert into STATION values (372, '.', 940, 322810.15, 5094374.88, 2258.45);
insert into STATION values (373, '.', 940, 322809.76, 5094377.92, 2257.00);
insert into STATION values (374, '.', 940, 322809.44, 5094375.11, 2257.02);
insert into STATION values (375, '14', 940, 322809.14, 5094378.06, 2259.01);
insert into STATION values (376, '.', 940, 322808.78, 5094379.20, 2262.97);
insert into STATION values (377, '.', 940, 322804.16, 5094379.62, 2267.32);
insert into STATION values (378, '.', 940, 322808.33, 5094377.18, 2259.97);
insert into STATION values (379, '.', 940, 322808.73, 5094379.67, 2259.81);
insert into STATION values (380, '.', 940, 322807.71, 5094378.74, 2259.39);
insert into STATION values (381, '.', 940, 322808.90, 5094378.73, 2258.85);
insert into STATION values (382, '.', 940, 322809.38, 5094379.57, 2259.08);
insert into STATION values (383, '.', 940, 322809.08, 5094378.00, 2256.91);
insert into STATION values (384, '15', 940, 322807.92, 5094378.87, 2263.83);
insert into STATION values (385, '16', 940, 322805.83, 5094375.04, 2259.29);
insert into STATION values (386, '.', 940, 322805.95, 5094374.71, 2259.40);
insert into STATION values (387, '.', 940, 322805.93, 5094375.42, 2260.40);
insert into STATION values (388, '.', 940, 322805.31, 5094375.35, 2259.17);
insert into STATION values (389, '.', 940, 322805.92, 5094374.76, 2256.86);
insert into STATION values (390, '.', 940, 322807.80, 5094375.88, 2259.60);
insert into STATION values (391, '.', 940, 322806.57, 5094375.81, 2259.73);
insert into STATION values (392, '17', 940, 322804.23, 5094383.46, 2268.61);
insert into STATION values (393, '18', 940, 322805.62, 5094379.54, 2255.59);
insert into STATION values (394, '19', 940, 322816.87, 5094368.90, 2257.32);
insert into STATION values (395, '.', 940, 322817.28, 5094369.59, 2257.37);
insert into STATION values (396, '.', 940, 322818.10, 5094369.06, 2257.48);
insert into STATION values (397, '.', 940, 322817.56, 5094368.46, 2257.65);
insert into STATION values (398, '.', 940, 322817.60, 5094369.03, 2258.53);
insert into STATION values (399, '.', 940, 322816.95, 5094369.36, 2258.15);
insert into STATION values (400, '.', 940, 322817.29, 5094368.54, 2253.19);
insert into STATION values (401, '20', 940, 322822.20, 5094367.03, 2257.25);
insert into STATION values (402, '.', 940, 322822.34, 5094366.93, 2258.60);
insert into STATION values (403, '.', 940, 322822.30, 5094367.14, 2257.75);
insert into STATION values (404, '.', 940, 322822.12, 5094366.90, 2257.75);
insert into STATION values (405, '.', 940, 322822.50, 5094367.45, 2257.44);
insert into STATION values (406, '.', 940, 322821.87, 5094366.59, 2257.35);
insert into STATION values (407, '.', 940, 322821.62, 5094366.86, 2257.36);
insert into STATION values (408, '.', 940, 322821.90, 5094367.65, 2257.38);
insert into STATION values (409, '.', 940, 322822.19, 5094367.01, 2256.40);
insert into STATION values (410, '.', 940, 322821.74, 5094366.50, 2255.07);
insert into STATION values (411, '21', 940, 322825.72, 5094364.59, 2257.26);
insert into STATION values (412, '.', 940, 322825.65, 5094364.67, 2257.73);
insert into STATION values (413, '.', 940, 322825.78, 5094364.89, 2257.50);
insert into STATION values (414, '.', 940, 322825.29, 5094364.12, 2257.46);
insert into STATION values (415, '.', 940, 322828.22, 5094363.02, 2257.45);
insert into STATION values (416, '.', 940, 322828.69, 5094362.05, 2257.42);
insert into STATION values (417, '.', 940, 322824.73, 5094364.90, 2257.33);
insert into STATION values (418, '.', 940, 322825.15, 5094365.99, 2257.43);
insert into STATION values (419, '22', 940, 322829.60, 5094361.44, 2246.35);
insert into STATION values (420, '.', 940, 322830.25, 5094362.17, 2246.74);
insert into STATION values (421, '.', 940, 322829.06, 5094363.03, 2247.00);
insert into STATION values (422, '.', 940, 322827.68, 5094363.44, 2246.97);
insert into STATION values (423, '.', 940, 322828.44, 5094361.21, 2246.67);
insert into STATION values (424, '.', 940, 322828.88, 5094360.87, 2246.50);
insert into STATION values (425, '.', 940, 322831.39, 5094360.98, 2246.82);
insert into STATION values (426, '.', 940, 322832.55, 5094359.36, 2246.75);
insert into STATION values (427, '.', 940, 322832.70, 5094357.63, 2247.32);
insert into STATION values (428, '.', 940, 322829.49, 5094360.56, 2246.88);
insert into STATION values (429, '.', 940, 322830.94, 5094362.18, 2253.35);
insert into STATION values (430, '.', 940, 322829.74, 5094361.53, 2245.85);
insert into STATION values (431, '23', 940, 322831.93, 5094359.43, 2248.08);
insert into STATION values (432, '.', 940, 322832.37, 5094359.39, 2248.07);
insert into STATION values (433, '.', 940, 322832.30, 5094360.26, 2248.03);
insert into STATION values (434, '.', 940, 322833.29, 5094357.92, 2248.05);
insert into STATION values (435, '.', 940, 322831.60, 5094357.58, 2248.00);
insert into STATION values (436, '.', 940, 322832.45, 5094355.99, 2248.12);
insert into STATION values (437, '.', 940, 322830.97, 5094359.23, 2248.12);
insert into STATION values (438, '.', 940, 322830.42, 5094359.92, 2247.99);
insert into STATION values (439, '.', 940, 322827.80, 5094363.19, 2247.35);
insert into STATION values (440, '.', 940, 322828.25, 5094363.71, 2247.34);
insert into STATION values (441, '.', 940, 322831.12, 5094360.46, 2253.25);
insert into STATION values (442, '.', 940, 322832.19, 5094359.17, 2245.24);
insert into STATION values (443, '24', 940, 322832.80, 5094356.46, 2247.81);
insert into STATION values (444, '.', 940, 322832.89, 5094358.95, 2248.20);
insert into STATION values (445, '.', 940, 322833.57, 5094357.12, 2247.98);
insert into STATION values (446, '.', 940, 322835.42, 5094356.64, 2247.90);
insert into STATION values (447, '.', 940, 322833.58, 5094356.10, 2247.89);
insert into STATION values (448, '.', 940, 322832.34, 5094355.77, 2247.95);
insert into STATION values (449, '.', 940, 322831.12, 5094356.77, 2248.50);
insert into STATION values (450, '.', 940, 322831.52, 5094357.85, 2248.38);
insert into STATION values (451, '.', 940, 322832.08, 5094358.59, 2248.61);
insert into STATION values (452, '.', 940, 322832.73, 5094356.73, 2250.16);
insert into STATION values (453, '.', 940, 322832.87, 5094356.61, 2246.63);
insert into STATION values (454, '25', 940, 322834.48, 5094356.30, 2247.14);
insert into STATION values (455, '.', 940, 322834.50, 5094356.85, 2247.24);
insert into STATION values (456, '.', 940, 322836.04, 5094356.85, 2247.02);
insert into STATION values (457, '.', 940, 322836.58, 5094356.40, 2246.79);
insert into STATION values (458, '.', 940, 322835.09, 5094355.86, 2247.08);
insert into STATION values (459, '.', 940, 322833.96, 5094355.92, 2247.17);
insert into STATION values (460, '.', 940, 322834.10, 5094356.89, 2247.23);
insert into STATION values (461, '.', 940, 322834.97, 5094356.76, 2248.86);
insert into STATION values (462, '.', 940, 322834.33, 5094356.31, 2246.34);
insert into STATION values (463, '26', 940, 322840.94, 5094355.85, 2225.27);
insert into STATION values (464, '.', 940, 322840.93, 5094356.23, 2225.29);
insert into STATION values (465, '.', 940, 322840.88, 5094355.12, 2225.35);
insert into STATION values (466, '.', 940, 322839.59, 5094355.50, 2225.42);
insert into STATION values (467, '.', 940, 322836.34, 5094356.69, 2225.98);
insert into STATION values (468, '.', 940, 322840.73, 5094356.22, 2225.23);
insert into STATION values (469, '.', 940, 322841.14, 5094356.32, 2225.17);
insert into STATION values (470, '.', 940, 322841.98, 5094354.75, 2225.36);
insert into STATION values (471, '.', 940, 322844.31, 5094354.18, 2225.38);
insert into STATION values (472, '.', 940, 322841.88, 5094355.67, 2225.38);
insert into STATION values (473, '.', 940, 322841.29, 5094355.74, 2230.94);
insert into STATION values (474, '.', 940, 322841.17, 5094355.56, 2224.72);
insert into STATION values (475, '27', 940, 322844.13, 5094354.32, 2226.91);
insert into STATION values (476, '.', 940, 322844.10, 5094355.38, 2226.95);
insert into STATION values (477, '.', 940, 322845.63, 5094355.11, 2226.99);
insert into STATION values (478, '.', 940, 322844.92, 5094354.23, 2227.05);
insert into STATION values (479, '.', 940, 322842.76, 5094353.67, 2227.25);
insert into STATION values (480, '.', 940, 322842.42, 5094354.70, 2226.97);
insert into STATION values (481, '.', 940, 322842.69, 5094355.60, 2226.79);
insert into STATION values (482, '.', 940, 322843.68, 5094355.54, 2227.00);
insert into STATION values (483, '.', 940, 322843.83, 5094354.63, 2231.55);
insert into STATION values (484, '.', 940, 322844.19, 5094354.31, 2225.20);
insert into STATION values (485, '.', 940, 322844.75, 5094353.85, 2223.00);
insert into STATION values (486, '28', 940, 322844.56, 5094355.08, 2226.64);
insert into STATION values (487, '29', 940, 322847.48, 5094353.48, 2220.27);
insert into STATION values (488, '.', 940, 322847.68, 5094354.17, 2220.36);
insert into STATION values (489, '.', 940, 322846.47, 5094354.79, 2220.33);
insert into STATION values (490, '.', 940, 322845.26, 5094354.25, 2220.27);
insert into STATION values (491, '.', 940, 322845.98, 5094353.01, 2220.34);
insert into STATION values (492, '.', 940, 322847.39, 5094352.05, 2220.16);
insert into STATION values (493, '.', 940, 322849.02, 5094352.51, 2220.10);
insert into STATION values (494, '.', 940, 322849.82, 5094353.37, 2220.17);
insert into STATION values (495, '.', 940, 322848.09, 5094353.77, 2220.32);
insert into STATION values (496, '.', 940, 322847.81, 5094354.21, 2220.43);
insert into STATION values (497, '.', 940, 322847.20, 5094353.97, 2225.53);
insert into STATION values (498, '.', 940, 322847.64, 5094352.79, 2216.96);
insert into STATION values (499, '.', 940, 322848.26, 5094352.15, 2217.69);
insert into STATION values (500, '30', 940, 322848.98, 5094352.45, 2214.26);
insert into STATION values (501, '.', 940, 322847.88, 5094352.65, 2214.42);
insert into STATION values (502, '.', 940, 322848.04, 5094352.33, 2214.29);
insert into STATION values (503, '.', 940, 322849.05, 5094353.48, 2214.42);
insert into STATION values (504, '.', 940, 322853.37, 5094355.77, 2214.13);
insert into STATION values (505, '.', 940, 322849.74, 5094352.09, 2214.32);
insert into STATION values (506, '.', 940, 322849.13, 5094351.90, 2214.37);
insert into STATION values (507, '31', 940, 322850.17, 5094354.12, 2214.85);
insert into STATION values (508, '.', 940, 322852.99, 5094356.97, 2214.94);
insert into STATION values (509, '.', 940, 322849.92, 5094354.39, 2214.94);
insert into STATION values (510, '.', 940, 322848.16, 5094352.84, 2214.96);
insert into STATION values (511, '.', 940, 322850.02, 5094352.88, 2215.02);
insert into STATION values (512, '.', 940, 322850.69, 5094353.61, 2214.88);
insert into STATION values (513, '.', 940, 322851.64, 5094354.61, 2214.82);
insert into STATION values (514, '.', 940, 322854.20, 5094356.56, 2214.68);
insert into STATION values (515, '.', 940, 322851.63, 5094354.92, 2219.54);
insert into STATION values (516, '.', 940, 322850.17, 5094354.11, 2214.67);
insert into STATION values (517, '.', 940, 322850.16, 5094354.45, 2210.16);
insert into STATION values (518, '32', 940, 322854.20, 5094357.19, 2203.25);
insert into STATION values (519, '33', 940, 322855.53, 5094358.60, 2209.45);
insert into STATION values (520, '.', 940, 322854.35, 5094354.91, 2203.08);
insert into STATION values (521, '.', 940, 322851.67, 5094354.54, 2203.21);
insert into STATION values (522, '.', 940, 322850.46, 5094355.67, 2203.03);
insert into STATION values (523, '.', 940, 322851.08, 5094357.00, 2202.98);
insert into STATION values (524, '.', 940, 322852.97, 5094357.77, 2203.15);
insert into STATION values (525, '.', 940, 322854.69, 5094357.68, 2203.18);
insert into STATION values (526, '.', 940, 322855.96, 5094359.03, 2209.40);
insert into STATION values (527, '.', 940, 322856.71, 5094357.70, 2209.26);
insert into STATION values (528, '.', 940, 322854.10, 5094356.43, 2223.18);
insert into STATION values (529, '.', 940, 322857.11, 5094357.99, 2209.33);
insert into STATION values (530, '.', 940, 322856.64, 5094356.18, 2209.58);
insert into STATION values (531, '.', 940, 322855.40, 5094356.15, 2209.68);
insert into STATION values (532, '.', 940, 322854.67, 5094355.43, 2209.26);
insert into STATION values (533, '.', 940, 322850.36, 5094354.44, 2209.17);
insert into STATION values (534, '.', 940, 322852.62, 5094358.31, 2209.32);
insert into STATION values (535, '.', 940, 322853.02, 5094359.65, 2209.58);
insert into STATION values (536, '.', 940, 322855.39, 5094358.05, 2210.92);
insert into STATION values (537, '.', 940, 322855.54, 5094358.48, 2208.32);
insert into STATION values (538, '.', 940, 322855.88, 5094360.15, 2203.54);
insert into STATION values (539, '34', 940, 322854.51, 5094352.46, 2222.79);
insert into STATION values (540, '35', 940, 322856.72, 5094358.39, 2208.71);
insert into STATION values (541, '.', 940, 322857.24, 5094358.21, 2208.78);
insert into STATION values (542, '.', 940, 322856.67, 5094359.27, 2208.92);
insert into STATION values (543, '.', 940, 322855.99, 5094358.65, 2208.81);
insert into STATION values (544, '.', 940, 322857.49, 5094357.28, 2208.64);
insert into STATION values (545, '.', 940, 322857.25, 5094358.24, 2208.73);
insert into STATION values (546, '.', 940, 322856.58, 5094358.96, 2208.78);
insert into STATION values (547, '.', 940, 322856.79, 5094358.15, 2209.64);
insert into STATION values (548, '.', 940, 322856.59, 5094358.37, 2207.86);
insert into STATION values (549, '36', 940, 322859.94, 5094360.99, 2207.87);
insert into STATION values (550, '.', 940, 322859.98, 5094360.16, 2207.84);
insert into STATION values (551, '.', 940, 322859.80, 5094361.51, 2207.81);
insert into STATION values (552, '.', 940, 322859.14, 5094360.97, 2207.99);
insert into STATION values (553, '.', 940, 322859.58, 5094360.07, 2207.81);
insert into STATION values (554, '.', 940, 322860.81, 5094360.61, 2207.80);
insert into STATION values (555, '.', 940, 322860.76, 5094361.21, 2207.96);
insert into STATION values (556, '.', 940, 322860.01, 5094360.81, 2208.46);
insert into STATION values (557, '.', 940, 322859.89, 5094361.11, 2206.96);
insert into STATION values (558, '37', 940, 322862.18, 5094360.76, 2206.79);
insert into STATION values (559, '.', 940, 322863.38, 5094360.07, 2206.63);
insert into STATION values (560, '.', 940, 322861.47, 5094360.04, 2206.86);
insert into STATION values (561, '.', 940, 322861.84, 5094358.34, 2206.90);
insert into STATION values (562, '.', 940, 322862.23, 5094358.41, 2206.64);
insert into STATION values (563, '.', 940, 322862.56, 5094360.35, 2204.66);
insert into STATION values (564, '.', 940, 322862.18, 5094360.33, 2207.73);
insert into STATION values (565, '38', 940, 322862.02, 5094358.89, 2205.92);
insert into STATION values (566, '.', 940, 322863.34, 5094359.22, 2205.87);
insert into STATION values (567, '.', 940, 322864.48, 5094360.91, 2205.80);
insert into STATION values (568, '.', 940, 322862.91, 5094360.67, 2206.02);
insert into STATION values (569, '.', 940, 322862.20, 5094360.62, 2206.01);
insert into STATION values (570, '.', 940, 322862.60, 5094359.96, 2207.25);
insert into STATION values (571, '.', 940, 322862.33, 5094358.99, 2204.15);
insert into STATION values (572, '39', 940, 322864.38, 5094358.96, 2216.22);
insert into STATION values (573, '40', 940, 322866.91, 5094360.17, 2203.53);
insert into STATION values (574, '.', 940, 322873.67, 5094361.93, 2200.22);
insert into STATION values (575, '.', 940, 322871.78, 5094361.43, 2201.12);
insert into STATION values (576, '.', 940, 322868.11, 5094361.22, 2203.70);
insert into STATION values (577, '.', 940, 322869.23, 5094359.39, 2203.53);
insert into STATION values (578, '.', 940, 322867.86, 5094358.03, 2203.48);
insert into STATION values (579, '.', 940, 322865.80, 5094355.90, 2203.47);
insert into STATION values (580, '.', 940, 322864.38, 5094357.99, 2203.60);
insert into STATION values (581, '.', 940, 322863.93, 5094360.30, 2203.54);
insert into STATION values (582, '.', 940, 322865.12, 5094361.29, 2203.84);
insert into STATION values (583, '.', 940, 322865.55, 5094360.89, 2203.72);
insert into STATION values (584, '.', 940, 322866.64, 5094359.41, 2213.12);
insert into STATION values (585, '.', 940, 322867.10, 5094359.86, 2202.56);
insert into STATION values (586, '.', 940, 322869.03, 5094361.01, 2208.61);
insert into STATION values (587, '41', 940, 322865.38, 5094359.28, 2214.68);
insert into STATION values (588, '42', 940, 322868.29, 5094353.63, 2199.97);
insert into STATION values (589, '.', 940, 322867.13, 5094355.64, 2200.05);
insert into STATION values (590, '.', 940, 322868.96, 5094354.80, 2200.10);
insert into STATION values (591, '.', 940, 322869.17, 5094353.63, 2200.03);
insert into STATION values (592, '.', 940, 322868.87, 5094352.38, 2200.07);
insert into STATION values (593, '.', 940, 322867.92, 5094353.91, 2201.42);
insert into STATION values (594, '.', 940, 322868.43, 5094353.68, 2198.63);
insert into STATION values (595, '43', 940, 322871.05, 5094351.26, 2197.39);
insert into STATION values (596, '.', 940, 322871.22, 5094351.81, 2197.49);
insert into STATION values (597, '.', 940, 322870.47, 5094351.88, 2197.49);
insert into STATION values (598, '.', 940, 322870.31, 5094350.67, 2197.40);
insert into STATION values (599, '.', 940, 322871.03, 5094350.61, 2197.52);
insert into STATION values (600, '.', 940, 322871.44, 5094350.74, 2197.33);
insert into STATION values (601, '.', 940, 322870.99, 5094351.14, 2198.78);
insert into STATION values (602, '.', 940, 322871.17, 5094351.26, 2196.35);
insert into STATION values (603, '44', 940, 322872.27, 5094348.20, 2194.70);
insert into STATION values (604, '.', 940, 322872.68, 5094349.46, 2194.84);
insert into STATION values (605, '.', 940, 322872.91, 5094347.92, 2194.71);
insert into STATION values (606, '.', 940, 322877.34, 5094344.85, 2193.89);
insert into STATION values (607, '.', 940, 322876.17, 5094348.84, 2194.63);
insert into STATION values (608, '.', 940, 322873.64, 5094349.51, 2194.75);
insert into STATION values (609, '.', 940, 322872.67, 5094349.12, 2194.76);
insert into STATION values (610, '.', 940, 322874.38, 5094346.16, 2208.18);
insert into STATION values (611, '.', 940, 322872.50, 5094348.10, 2193.08);
insert into STATION values (612, '45', 940, 322876.14, 5094346.86, 2192.28);
insert into STATION values (613, '.', 940, 322873.92, 5094341.62, 2191.66);
insert into STATION values (614, '.', 940, 322873.97, 5094345.18, 2192.20);
insert into STATION values (615, '.', 940, 322877.83, 5094344.20, 2192.18);
insert into STATION values (616, '.', 940, 322876.33, 5094347.36, 2192.40);
insert into STATION values (617, '.', 940, 322874.40, 5094349.42, 2193.67);
insert into STATION values (618, '.', 940, 322874.45, 5094344.05, 2205.55);
insert into STATION values (619, '.', 940, 322875.79, 5094346.62, 2190.94);
insert into STATION values (620, '.', 940, 322873.41, 5094342.05, 2190.70);
insert into STATION values (621, '46', 940, 322875.58, 5094342.22, 2188.01);
insert into STATION values (622, '.', 940, 322874.34, 5094341.36, 2188.10);
insert into STATION values (623, '.', 940, 322875.08, 5094340.35, 2188.07);
insert into STATION values (624, '.', 940, 322877.53, 5094342.66, 2188.31);
insert into STATION values (625, '.', 940, 322876.87, 5094345.43, 2190.47);
insert into STATION values (626, '.', 940, 322871.13, 5094343.83, 2191.29);
insert into STATION values (627, '.', 940, 322882.20, 5094334.32, 2186.96);
insert into STATION values (628, '.', 940, 322876.64, 5094339.41, 2202.13);
insert into STATION values (629, '.', 940, 322875.75, 5094342.11, 2186.66);
insert into STATION values (630, '47', 940, 322881.65, 5094332.34, 2179.95);
insert into STATION values (631, '.', 940, 322877.87, 5094329.41, 2180.29);
insert into STATION values (632, '.', 940, 322881.47, 5094323.97, 2180.77);
insert into STATION values (633, '.', 940, 322874.56, 5094335.13, 2182.41);
insert into STATION values (634, '.', 940, 322880.67, 5094337.19, 2181.69);
insert into STATION values (635, '.', 940, 322878.13, 5094338.87, 2184.58);
insert into STATION values (636, '.', 940, 322883.73, 5094334.32, 2180.41);
insert into STATION values (637, '.', 940, 322885.19, 5094331.24, 2180.45);
insert into STATION values (638, '.', 940, 322886.79, 5094325.84, 2181.08);
insert into STATION values (639, '.', 940, 322882.14, 5094322.50, 2179.55);
insert into STATION values (640, '.', 940, 322881.70, 5094330.06, 2195.02);
insert into STATION values (641, '.', 940, 322878.54, 5094329.31, 2189.53);
insert into STATION values (642, '48', 940, 322883.27, 5094324.47, 2178.76);
insert into STATION values (643, '.', 940, 322886.56, 5094325.17, 2181.71);
insert into STATION values (644, '.', 940, 322886.86, 5094330.33, 2181.39);
insert into STATION values (645, '.', 940, 322883.20, 5094321.25, 2178.76);
insert into STATION values (646, '.', 940, 322887.07, 5094316.04, 2178.41);
insert into STATION values (647, '.', 940, 322880.41, 5094325.78, 2179.24);
insert into STATION values (648, '.', 940, 322885.01, 5094323.75, 2191.22);
insert into STATION values (649, '49', 940, 322885.29, 5094314.67, 2177.35);
insert into STATION values (650, '50', 940, 322878.53, 5094328.29, 2179.86);
insert into STATION values (651, '.', 940, 322879.44, 5094325.54, 2180.50);
insert into STATION values (652, '.', 940, 322889.70, 5094319.35, 2185.09);
insert into STATION values (653, '.', 940, 322885.47, 5094327.57, 2182.10);
insert into STATION values (654, '.', 940, 322881.07, 5094333.56, 2182.65);
insert into STATION values (655, '.', 940, 322879.99, 5094336.11, 2181.59);
insert into STATION values (656, '.', 940, 322876.06, 5094331.75, 2181.44);
insert into STATION values (657, '.', 940, 322878.74, 5094328.00, 2192.57);
insert into STATION values (658, '.', 940, 322878.53, 5094328.20, 2177.74);
insert into STATION values (659, '51', 940, 322878.65, 5094327.94, 2169.97);
insert into STATION values (660, '.', 940, 322877.20, 5094325.60, 2170.17);
insert into STATION values (661, '.', 940, 322879.13, 5094323.55, 2170.31);
insert into STATION values (662, '.', 940, 322879.02, 5094327.40, 2170.06);
insert into STATION values (663, '.', 940, 322879.45, 5094328.40, 2170.11);
insert into STATION values (664, '.', 940, 322878.95, 5094330.70, 2170.39);
insert into STATION values (665, '.', 940, 322876.26, 5094331.64, 2170.45);
insert into STATION values (666, '.', 940, 322875.68, 5094331.70, 2170.26);
insert into STATION values (667, '.', 940, 322876.43, 5094328.65, 2170.09);
insert into STATION values (668, '.', 940, 322874.22, 5094329.90, 2171.62);
insert into STATION values (669, '.', 940, 322878.78, 5094327.99, 2178.88);
insert into STATION values (670, '.', 940, 322878.60, 5094325.39, 2154.05);
insert into STATION values (671, '52', 940, 322877.37, 5094328.54, 2153.82);
insert into STATION values (672, '.', 940, 322875.71, 5094328.14, 2153.74);
insert into STATION values (673, '.', 940, 322875.50, 5094330.42, 2153.77);
insert into STATION values (674, '.', 940, 322876.09, 5094333.27, 2153.53);
insert into STATION values (675, '.', 940, 322878.54, 5094331.79, 2153.79);
insert into STATION values (676, '.', 940, 322879.89, 5094330.04, 2153.85);
insert into STATION values (677, '.', 940, 322879.52, 5094327.97, 2153.80);
insert into STATION values (678, '.', 940, 322878.71, 5094327.24, 2153.72);
insert into STATION values (679, '.', 940, 322878.26, 5094326.55, 2154.23);
insert into STATION values (680, '.', 940, 322880.22, 5094320.38, 2158.99);
insert into STATION values (681, '.', 940, 322876.47, 5094325.91, 2154.83);
insert into STATION values (682, '.', 940, 322876.00, 5094327.48, 2154.06);
insert into STATION values (683, '.', 940, 322877.14, 5094328.90, 2153.16);
insert into STATION values (684, '.', 940, 322875.43, 5094329.17, 2167.62);
insert into STATION values (685, '53', 940, 322874.54, 5094332.83, 2153.98);
insert into STATION values (686, '.', 940, 322876.01, 5094333.21, 2153.85);
insert into STATION values (687, '.', 940, 322874.08, 5094332.79, 2153.86);
insert into STATION values (688, '54', 940, 322872.94, 5094334.08, 2149.09);
insert into STATION values (689, '55', 940, 322880.23, 5094319.63, 2159.85);
insert into STATION values (690, '.', 940, 322881.57, 5094321.25, 2159.79);
insert into STATION values (691, '.', 940, 322880.26, 5094324.18, 2159.81);
insert into STATION values (692, '.', 940, 322875.58, 5094334.36, 2159.87);
insert into STATION values (693, '.', 940, 322877.51, 5094323.06, 2160.21);
insert into STATION values (694, '.', 940, 322879.75, 5094320.50, 2159.97);
insert into STATION values (695, '.', 940, 322882.47, 5094317.57, 2160.96);
insert into STATION values (696, '.', 940, 322879.43, 5094319.50, 2159.93);
insert into STATION values (697, '.', 940, 322880.41, 5094319.54, 2158.48);
insert into STATION values (698, '.', 940, 322880.24, 5094320.99, 2174.19);
insert into STATION values (699, '56', 940, 322884.35, 5094314.56, 2165.83);
insert into STATION values (700, '.', 940, 322880.01, 5094319.31, 2165.56);
insert into STATION values (701, '.', 940, 322884.71, 5094315.12, 2165.90);
insert into STATION values (702, '.', 940, 322884.45, 5094314.00, 2165.94);
insert into STATION values (703, '.', 940, 322883.20, 5094313.37, 2166.00);
insert into STATION values (704, '.', 940, 322883.04, 5094313.63, 2166.09);
insert into STATION values (705, '.', 940, 322881.96, 5094314.89, 2165.87);
insert into STATION values (706, '.', 940, 322880.36, 5094317.52, 2165.99);
insert into STATION values (707, '.', 940, 322884.01, 5094314.65, 2173.31);
insert into STATION values (708, '.', 940, 322883.97, 5094314.31, 2164.40);
insert into STATION values (709, '57', 940, 322883.17, 5094313.08, 2165.44);
insert into STATION values (710, '.', 940, 322884.27, 5094313.48, 2165.52);
insert into STATION values (711, '.', 940, 322884.27, 5094311.79, 2165.36);
insert into STATION values (712, '.', 940, 322886.07, 5094307.40, 2164.86);
insert into STATION values (713, '.', 940, 322882.97, 5094312.52, 2165.38);
insert into STATION values (714, '.', 940, 322882.06, 5094314.08, 2165.38);
insert into STATION values (715, '.', 940, 322884.67, 5094312.49, 2173.44);
insert into STATION values (716, '.', 940, 322882.82, 5094313.02, 2164.03);
insert into STATION values (717, '58', 940, 322884.48, 5094308.35, 2161.97);
insert into STATION values (718, '.', 940, 322885.10, 5094308.75, 2161.91);
insert into STATION values (719, '.', 940, 322884.20, 5094308.23, 2162.01);
insert into STATION values (720, '.', 940, 322884.79, 5094307.08, 2161.86);
insert into STATION values (721, '.', 940, 322884.74, 5094308.90, 2162.00);
insert into STATION values (722, '.', 940, 322885.64, 5094308.25, 2165.49);
insert into STATION values (723, '.', 940, 322884.30, 5094308.78, 2161.33);
insert into STATION values (724, '59', 940, 322884.24, 5094308.47, 2159.82);
insert into STATION values (725, '.', 940, 322883.84, 5094308.35, 2159.91);
insert into STATION values (726, '.', 940, 322884.55, 5094308.38, 2159.81);
insert into STATION values (727, '.', 940, 322883.98, 5094307.76, 2159.91);
insert into STATION values (728, '.', 940, 322884.08, 5094308.94, 2159.65);
insert into STATION values (729, '60', 940, 322883.98, 5094305.00, 2157.53);
insert into STATION values (730, '.', 940, 322884.32, 5094305.17, 2157.51);
insert into STATION values (731, '.', 940, 322884.81, 5094304.04, 2157.53);
insert into STATION values (732, '.', 940, 322883.27, 5094306.30, 2157.89);
insert into STATION values (733, '.', 940, 322884.07, 5094304.88, 2158.30);
insert into STATION values (734, '.', 940, 322883.82, 5094304.83, 2156.60);
insert into STATION values (735, '61', 940, 322885.06, 5094301.78, 2156.05);
insert into STATION values (736, '.', 940, 322884.72, 5094301.68, 2156.09);
insert into STATION values (737, '.', 940, 322885.48, 5094301.72, 2156.16);
insert into STATION values (738, '.', 940, 322885.09, 5094301.11, 2156.16);
insert into STATION values (739, '.', 940, 322884.59, 5094301.98, 2155.99);
insert into STATION values (740, '.', 940, 322884.79, 5094301.61, 2154.80);
insert into STATION values (741, '.', 940, 322885.62, 5094301.90, 2159.45);
insert into STATION values (742, '62', 940, 322885.42, 5094298.75, 2154.94);
insert into STATION values (743, '.', 940, 322885.91, 5094299.02, 2154.95);
insert into STATION values (744, '.', 940, 322885.16, 5094298.70, 2155.00);
insert into STATION values (745, '.', 940, 322885.96, 5094298.08, 2154.97);
insert into STATION values (746, '.', 940, 322886.08, 5094298.92, 2156.98);
insert into STATION values (747, '.', 940, 322885.40, 5094298.71, 2154.18);
insert into STATION values (748, '63', 940, 322886.37, 5094296.34, 2154.32);
insert into STATION values (749, '.', 940, 322885.84, 5094296.19, 2154.32);
insert into STATION values (750, '.', 940, 322886.73, 5094296.46, 2154.34);
insert into STATION values (751, '.', 940, 322886.92, 5094293.47, 2154.37);
insert into STATION values (752, '.', 940, 322885.98, 5094295.90, 2152.22);
insert into STATION values (753, '.', 940, 322886.89, 5094296.27, 2156.28);
insert into STATION values (754, '64', 940, 322886.27, 5094294.17, 2153.34);
insert into STATION values (755, '.', 940, 322886.88, 5094294.35, 2153.22);
insert into STATION values (756, '.', 940, 322886.05, 5094293.98, 2153.41);
insert into STATION values (757, '.', 940, 322885.93, 5094296.62, 2153.74);
insert into STATION values (758, '.', 940, 322886.64, 5094292.60, 2153.29);
insert into STATION values (759, '.', 940, 322885.84, 5094294.61, 2151.86);
insert into STATION values (760, '.', 940, 322886.88, 5094294.71, 2155.62);
insert into STATION values (761, '.', 940, 322884.87, 5094293.63, 2148.89);
insert into STATION values (762, '65', 940, 322884.99, 5094293.09, 2148.74);
insert into STATION values (763, '.', 940, 322885.44, 5094293.17, 2148.75);
insert into STATION values (764, '.', 940, 322884.67, 5094293.00, 2148.84);
insert into STATION values (765, '.', 940, 322884.96, 5094291.75, 2148.89);
insert into STATION values (766, '.', 940, 322885.62, 5094291.97, 2148.81);
insert into STATION values (767, '.', 940, 322885.89, 5094289.74, 2148.82);
insert into STATION values (768, '.', 940, 322884.48, 5094295.82, 2148.74);
insert into STATION values (769, '.', 940, 322886.93, 5094293.78, 2153.62);
insert into STATION values (770, '66', 940, 322885.33, 5094290.70, 2149.06);
insert into STATION values (771, '.', 940, 322885.83, 5094290.74, 2148.99);
insert into STATION values (772, '.', 940, 322885.09, 5094290.66, 2149.14);
insert into STATION values (773, '.', 940, 322887.37, 5094290.87, 2153.80);
insert into STATION values (774, '.', 940, 322885.25, 5094290.82, 2148.08);
insert into STATION values (775, '67', 940, 322884.59, 5094288.27, 2145.03);
insert into STATION values (776, '68', 940, 322884.88, 5094287.15, 2144.08);
insert into STATION values (777, '.', 940, 322884.47, 5094286.94, 2144.21);
insert into STATION values (778, '.', 940, 322885.10, 5094287.38, 2144.16);
insert into STATION values (779, '.', 940, 322885.84, 5094287.64, 2147.11);
insert into STATION values (780, '.', 940, 322884.00, 5094288.19, 2142.44);
insert into STATION values (781, '.', 940, 322885.84, 5094283.73, 2144.38);
insert into STATION values (782, '69', 940, 322885.44, 5094281.59, 2142.23);
insert into STATION values (783, '.', 940, 322884.97, 5094281.64, 2142.25);
insert into STATION values (784, '.', 940, 322884.59, 5094282.55, 2142.34);
insert into STATION values (785, '.', 940, 322886.67, 5094281.77, 2142.35);
insert into STATION values (786, '.', 940, 322887.09, 5094278.99, 2142.77);
insert into STATION values (787, '.', 940, 322890.25, 5094271.54, 2143.03);
insert into STATION values (788, '.', 940, 322885.44, 5094279.60, 2142.53);
insert into STATION values (789, '.', 940, 322886.99, 5094282.55, 2147.80);
insert into STATION values (790, '.', 940, 322885.11, 5094281.24, 2140.95);
insert into STATION values (791, '70', 940, 322886.41, 5094278.13, 2143.17);
insert into STATION values (792, '.', 940, 322887.49, 5094278.54, 2143.16);
insert into STATION values (793, '.', 940, 322888.12, 5094277.18, 2143.09);
insert into STATION values (794, '.', 940, 322890.52, 5094273.43, 2142.79);
insert into STATION values (795, '.', 940, 322889.53, 5094270.69, 2142.64);
insert into STATION values (796, '.', 940, 322887.88, 5094272.80, 2142.64);
insert into STATION values (797, '.', 940, 322884.79, 5094279.91, 2143.96);
insert into STATION values (798, '.', 940, 322887.80, 5094277.95, 2146.77);
insert into STATION values (799, '.', 940, 322886.28, 5094277.93, 2140.61);
insert into STATION values (800, '.', 940, 322884.47, 5094276.78, 2134.62);
insert into STATION values (801, '.', 940, 322888.92, 5094276.45, 2143.12);
insert into STATION values (802, '.', 940, 322892.32, 5094273.46, 2141.20);
insert into STATION values (803, '.', 940, 322887.44, 5094278.95, 2143.35);
insert into STATION values (804, '.', 940, 322887.37, 5094280.64, 2143.54);
insert into STATION values (805, '71', 940, 322884.43, 5094277.24, 2134.41);
insert into STATION values (806, '.', 940, 322889.46, 5094273.14, 2134.47);
insert into STATION values (807, '.', 940, 322889.26, 5094267.41, 2134.64);
insert into STATION values (808, '.', 940, 322892.11, 5094274.35, 2134.29);
insert into STATION values (809, '.', 940, 322885.97, 5094277.36, 2134.65);
insert into STATION values (810, '.', 940, 322884.44, 5094278.33, 2134.50);
insert into STATION values (811, '.', 940, 322882.96, 5094280.78, 2134.53);
insert into STATION values (812, '.', 940, 322884.58, 5094273.79, 2134.35);
insert into STATION values (813, '.', 940, 322886.02, 5094277.47, 2143.37);
insert into STATION values (814, '.', 940, 322886.87, 5094275.49, 2122.55);
insert into STATION values (815, '72', 940, 322886.31, 5094275.32, 2115.56);
insert into STATION values (816, '73', 940, 322879.63, 5094281.55, 2116.15);
insert into STATION values (817, '.', 940, 322886.35, 5094279.10, 2116.55);
insert into STATION values (818, '.', 940, 322880.28, 5094279.21, 2116.62);
insert into STATION values (819, '.', 940, 322878.89, 5094279.92, 2116.38);
insert into STATION values (820, '.', 940, 322880.17, 5094282.76, 2116.30);
insert into STATION values (821, '.', 940, 322873.06, 5094287.77, 2116.78);
insert into STATION values (822, '.', 940, 322875.80, 5094283.43, 2116.31);
insert into STATION values (823, '.', 940, 322885.88, 5094279.02, 2128.36);
insert into STATION values (824, '.', 940, 322876.02, 5094282.05, 2116.24);
insert into STATION values (825, '.', 940, 322889.43, 5094272.15, 2116.72);
insert into STATION values (826, '.', 940, 322882.63, 5094275.23, 2115.81);
insert into STATION values (827, '.', 940, 322882.28, 5094264.65, 2111.57);
insert into STATION values (828, '.', 940, 322879.37, 5094268.14, 2111.74);
insert into STATION values (829, '.', 940, 322882.04, 5094282.48, 2116.43);
insert into STATION values (830, '.', 940, 322881.82, 5094283.12, 2116.49);
insert into STATION values (831, '.', 940, 322879.19, 5094281.46, 2116.22);
insert into STATION values (832, '.', 940, 322880.35, 5094281.84, 2117.55);
insert into STATION values (833, '.', 940, 322879.81, 5094281.67, 2114.72);
insert into STATION values (834, '.', 940, 322882.06, 5094278.72, 2112.66);
insert into STATION values (835, '.', 940, 322886.74, 5094277.39, 2118.08);
insert into STATION values (836, '.', 940, 322886.35, 5094280.26, 2118.10);
insert into STATION values (837, '.', 940, 322882.40, 5094282.14, 2116.62);
insert into STATION values (838, '.', 940, 322883.27, 5094275.06, 2116.32);
insert into STATION values (839, '.', 940, 322886.77, 5094271.51, 2117.34);
insert into STATION values (840, '.', 940, 322890.59, 5094272.52, 2118.58);
insert into STATION values (841, '.', 940, 322887.05, 5094276.08, 2117.48);
insert into STATION values (842, '.', 940, 322883.35, 5094279.47, 2116.29);
insert into STATION values (843, '.', 940, 322882.86, 5094280.36, 2116.12);
insert into STATION values (844, '74', 940, 322879.44, 5094290.98, 2117.39);
insert into STATION values (845, '.', 940, 322877.86, 5094292.58, 2117.46);
insert into STATION values (846, '.', 940, 322877.90, 5094293.93, 2117.18);
insert into STATION values (847, '.', 940, 322878.24, 5094297.41, 2117.92);
insert into STATION values (848, '.', 940, 322879.00, 5094293.18, 2117.71);
insert into STATION values (849, '.', 940, 322878.72, 5094286.08, 2116.86);
insert into STATION values (850, '.', 940, 322878.58, 5094288.61, 2117.25);
insert into STATION values (851, '.', 940, 322878.21, 5094290.00, 2117.57);
insert into STATION values (852, '.', 940, 322878.25, 5094290.34, 2117.60);
insert into STATION values (853, '.', 940, 322879.58, 5094291.00, 2119.52);
insert into STATION values (854, '.', 940, 322878.15, 5094291.02, 2116.45);
insert into STATION values (855, '.', 940, 322878.06, 5094290.58, 2117.34);
insert into STATION values (856, '75', 940, 322877.68, 5094294.53, 2118.40);
insert into STATION values (857, '.', 940, 322879.66, 5094289.29, 2117.39);
insert into STATION values (858, '.', 940, 322878.93, 5094293.30, 2118.40);
insert into STATION values (859, '.', 940, 322878.83, 5094294.47, 2118.37);
insert into STATION values (860, '.', 940, 322878.58, 5094295.64, 2118.57);
insert into STATION values (861, '.', 940, 322877.90, 5094296.70, 2118.39);
insert into STATION values (862, '.', 940, 322877.63, 5094298.44, 2119.21);
insert into STATION values (863, '.', 940, 322876.86, 5094300.83, 2120.22);
insert into STATION values (864, '.', 940, 322880.37, 5094295.83, 2124.09);
insert into STATION values (865, '.', 940, 322877.59, 5094294.67, 2116.82);
insert into STATION values (866, '76', 940, 322876.90, 5094300.91, 2120.11);
insert into STATION values (867, '77', 940, 322879.69, 5094295.24, 2123.04);
insert into STATION values (868, '.', 940, 322880.94, 5094292.80, 2122.74);
insert into STATION values (869, '.', 940, 322880.84, 5094294.41, 2122.99);
insert into STATION values (870, '.', 940, 322880.62, 5094294.95, 2122.99);
insert into STATION values (871, '.', 940, 322880.35, 5094295.48, 2122.98);
insert into STATION values (872, '.', 940, 322880.23, 5094295.98, 2123.19);
insert into STATION values (873, '.', 940, 322880.22, 5094297.12, 2123.78);
insert into STATION values (874, '.', 940, 322879.24, 5094296.80, 2123.84);
insert into STATION values (875, '.', 940, 322880.37, 5094295.44, 2124.48);
insert into STATION values (876, '.', 940, 322877.93, 5094294.77, 2117.12);
insert into STATION values (877, '78', 940, 322878.92, 5094299.75, 2124.46);
insert into STATION values (878, '.', 940, 322879.08, 5094297.43, 2124.19);
insert into STATION values (879, '.', 940, 322878.58, 5094298.11, 2124.31);
insert into STATION values (880, '.', 940, 322878.57, 5094298.62, 2124.41);
insert into STATION values (881, '.', 940, 322878.29, 5094299.38, 2124.44);
insert into STATION values (882, '.', 940, 322878.15, 5094299.95, 2124.46);
insert into STATION values (883, '.', 940, 322877.87, 5094300.53, 2124.42);
insert into STATION values (884, '.', 940, 322877.13, 5094302.86, 2124.30);
insert into STATION values (885, '.', 940, 322877.63, 5094304.22, 2124.14);
insert into STATION values (886, '.', 940, 322878.79, 5094299.63, 2125.23);
insert into STATION values (887, '.', 940, 322878.94, 5094299.72, 2122.90);
insert into STATION values (888, '.', 940, 322875.05, 5094308.95, 2124.18);
insert into STATION values (889, '79', 940, 322874.97, 5094309.22, 2124.19);
insert into STATION values (890, '.', 940, 322873.93, 5094310.03, 2124.19);
insert into STATION values (891, '.', 940, 322873.71, 5094310.49, 2124.22);
insert into STATION values (892, '.', 940, 322875.13, 5094311.37, 2124.63);
insert into STATION values (893, '.', 940, 322875.41, 5094310.34, 2124.50);
insert into STATION values (894, '.', 940, 322875.56, 5094309.67, 2124.40);
insert into STATION values (895, '.', 940, 322875.95, 5094308.67, 2124.49);
insert into STATION values (896, '.', 940, 322876.21, 5094307.95, 2124.79);
insert into STATION values (897, '.', 940, 322876.50, 5094306.97, 2124.70);
insert into STATION values (898, '.', 940, 322879.03, 5094298.92, 2124.25);
insert into STATION values (899, '.', 940, 322875.95, 5094305.26, 2124.50);
insert into STATION values (900, '.', 940, 322875.24, 5094305.98, 2124.79);
insert into STATION values (901, '.', 940, 322874.32, 5094307.27, 2124.30);
insert into STATION values (902, '.', 940, 322873.70, 5094308.54, 2124.76);
insert into STATION values (903, '.', 940, 322874.19, 5094309.09, 2124.26);
insert into STATION values (904, '.', 940, 322875.05, 5094308.84, 2126.52);
insert into STATION values (905, '.', 940, 322874.52, 5094309.23, 2123.16);
insert into STATION values (906, '.', 940, 322871.62, 5094309.53, 2118.62);
insert into STATION values (907, '80', 940, 322873.65, 5094313.21, 2126.62);
insert into STATION values (908, '.', 940, 322873.33, 5094317.51, 2126.30);
insert into STATION values (909, '.', 940, 322874.11, 5094314.94, 2126.54);
insert into STATION values (910, '.', 940, 322874.37, 5094314.31, 2126.54);
insert into STATION values (911, '.', 940, 322874.57, 5094313.68, 2126.62);
insert into STATION values (912, '.', 940, 322874.92, 5094312.86, 2126.66);
insert into STATION values (913, '.', 940, 322874.95, 5094311.69, 2126.83);
insert into STATION values (914, '.', 940, 322875.21, 5094311.00, 2126.46);
insert into STATION values (915, '.', 940, 322874.27, 5094311.71, 2126.33);
insert into STATION values (916, '.', 940, 322874.47, 5094313.47, 2129.35);
insert into STATION values (917, '.', 940, 322873.07, 5094313.23, 2124.40);
insert into STATION values (918, '.', 940, 322874.74, 5094313.58, 2130.39);
insert into STATION values (919, '81', 940, 322873.71, 5094315.64, 2127.22);
insert into STATION values (920, '.', 940, 322872.50, 5094317.77, 2127.90);
insert into STATION values (921, '.', 940, 322873.44, 5094317.57, 2127.74);
insert into STATION values (922, '.', 940, 322873.55, 5094316.90, 2127.52);
insert into STATION values (923, '.', 940, 322871.84, 5094317.03, 2127.46);
insert into STATION values (924, '.', 940, 322872.08, 5094316.20, 2127.44);
insert into STATION values (925, '.', 940, 322872.54, 5094315.52, 2127.40);
insert into STATION values (926, '.', 940, 322872.64, 5094314.97, 2127.29);
insert into STATION values (927, '.', 940, 322873.24, 5094314.30, 2127.26);
insert into STATION values (928, '.', 940, 322873.95, 5094312.32, 2127.40);
insert into STATION values (929, '.', 940, 322874.77, 5094311.55, 2127.44);
insert into STATION values (930, '.', 940, 322874.08, 5094315.46, 2130.72);
insert into STATION values (931, '.', 940, 322873.69, 5094316.53, 2136.15);
insert into STATION values (932, '.', 940, 322873.17, 5094315.33, 2125.21);
insert into STATION values (933, '.', 940, 322873.91, 5094316.81, 2136.77);
insert into STATION values (934, '.', 940, 322874.11, 5094317.00, 2133.04);
insert into STATION values (935, '82', 940, 322873.73, 5094316.94, 2136.85);
insert into STATION values (936, '83', 940, 322870.29, 5094317.32, 2129.51);
insert into STATION values (937, '.', 940, 322870.28, 5094316.35, 2129.37);
insert into STATION values (938, '.', 940, 322869.30, 5094314.68, 2129.03);
insert into STATION values (939, '.', 940, 322867.89, 5094313.07, 2128.77);
insert into STATION values (940, '.', 940, 322866.60, 5094312.48, 2128.73);
insert into STATION values (941, '.', 940, 322867.60, 5094314.37, 2129.17);
insert into STATION values (942, '.', 940, 322868.03, 5094315.41, 2129.27);
insert into STATION values (943, '.', 940, 322868.04, 5094316.09, 2129.42);
insert into STATION values (944, '.', 940, 322867.99, 5094317.02, 2129.60);
insert into STATION values (945, '.', 940, 322869.00, 5094317.73, 2129.62);
insert into STATION values (946, '.', 940, 322869.72, 5094317.77, 2129.59);
insert into STATION values (947, '.', 940, 322870.25, 5094317.64, 2129.55);
insert into STATION values (948, '.', 940, 322870.62, 5094317.90, 2134.93);
insert into STATION values (949, '.', 940, 322870.04, 5094317.30, 2130.34);
insert into STATION values (950, '.', 940, 322870.40, 5094317.37, 2128.27);
insert into STATION values (951, '.', 940, 322869.06, 5094315.86, 2125.84);
insert into STATION values (952, '84', 940, 322865.03, 5094309.49, 2114.48);
insert into STATION values (953, '85', 940, 322866.34, 5094320.73, 2133.53);
insert into STATION values (954, '86', 940, 322871.97, 5094322.11, 2131.52);
insert into STATION values (955, '.', 940, 322871.42, 5094323.16, 2131.65);
insert into STATION values (956, '.', 940, 322871.43, 5094326.40, 2132.72);
insert into STATION values (957, '.', 940, 322872.29, 5094324.41, 2131.96);
insert into STATION values (958, '.', 940, 322872.67, 5094323.11, 2131.68);
insert into STATION values (959, '.', 940, 322872.78, 5094322.38, 2131.54);
insert into STATION values (960, '.', 940, 322872.90, 5094322.16, 2131.54);
insert into STATION values (961, '.', 940, 322873.19, 5094321.13, 2131.37);
insert into STATION values (962, '.', 940, 322873.25, 5094319.35, 2131.20);
insert into STATION values (963, '.', 940, 322873.26, 5094318.04, 2131.14);
insert into STATION values (964, '.', 940, 322872.23, 5094320.21, 2131.05);
insert into STATION values (965, '.', 940, 322872.76, 5094321.97, 2134.06);
insert into STATION values (966, '.', 940, 322872.07, 5094322.09, 2130.25);
insert into STATION values (967, '87', 940, 322869.92, 5094332.13, 2135.41);
insert into STATION values (968, '.', 940, 322869.12, 5094332.08, 2135.41);
insert into STATION values (969, '.', 940, 322868.90, 5094332.95, 2135.56);
insert into STATION values (970, '.', 940, 322868.57, 5094334.05, 2135.77);
insert into STATION values (971, '.', 940, 322867.26, 5094337.54, 2135.53);
insert into STATION values (972, '.', 940, 322868.81, 5094335.36, 2135.30);
insert into STATION values (973, '.', 940, 322870.22, 5094332.17, 2135.47);
insert into STATION values (974, '.', 940, 322870.57, 5094330.11, 2135.84);
insert into STATION values (975, '.', 940, 322869.85, 5094330.48, 2135.51);
insert into STATION values (976, '.', 940, 322869.39, 5094331.20, 2135.46);
insert into STATION values (977, '.', 940, 322869.29, 5094331.71, 2135.48);
insert into STATION values (978, '.', 940, 322869.87, 5094332.07, 2136.29);
insert into STATION values (979, '.', 940, 322869.56, 5094331.98, 2133.92);
insert into STATION values (980, '.', 940, 322865.38, 5094331.97, 2128.26);
insert into STATION values (981, '88', 940, 322866.05, 5094331.96, 2129.55);
insert into STATION values (982, '89', 940, 322867.18, 5094339.50, 2137.41);
insert into STATION values (983, '.', 940, 322866.43, 5094340.25, 2137.28);
insert into STATION values (984, '.', 940, 322865.49, 5094342.91, 2137.07);
insert into STATION values (985, '.', 940, 322867.07, 5094341.98, 2137.73);
insert into STATION values (986, '.', 940, 322867.49, 5094340.76, 2137.54);
insert into STATION values (987, '.', 940, 322867.76, 5094340.18, 2137.48);
insert into STATION values (988, '.', 940, 322866.86, 5094339.33, 2137.38);
insert into STATION values (989, '.', 940, 322868.34, 5094338.75, 2137.41);
insert into STATION values (990, '.', 940, 322868.51, 5094337.05, 2137.27);
insert into STATION values (991, '.', 940, 322868.30, 5094336.74, 2137.19);
insert into STATION values (992, '.', 940, 322867.86, 5094336.80, 2136.48);
insert into STATION values (993, '.', 940, 322867.82, 5094339.79, 2139.99);
insert into STATION values (994, '.', 940, 322866.47, 5094339.49, 2135.32);
insert into STATION values (995, '90', 940, 322865.56, 5094342.91, 2137.48);
insert into STATION values (996, '.', 940, 322865.25, 5094342.88, 2137.51);
insert into STATION values (997, '.', 940, 322864.51, 5094343.71, 2137.70);
insert into STATION values (998, '.', 940, 322864.22, 5094344.70, 2137.44);
insert into STATION values (999, '.', 940, 322865.19, 5094344.07, 2137.57);
insert into STATION values (1000, '.', 940, 322866.16, 5094344.13, 2137.86);
insert into STATION values (1001, '.', 940, 322866.36, 5094343.36, 2137.74);
insert into STATION values (1002, '.', 940, 322866.57, 5094342.82, 2137.76);
insert into STATION values (1003, '.', 940, 322867.21, 5094341.92, 2137.84);
insert into STATION values (1004, '.', 940, 322865.72, 5094342.05, 2137.42);
insert into STATION values (1005, '.', 940, 322867.33, 5094343.45, 2140.76);
insert into STATION values (1006, '.', 940, 322865.11, 5094342.62, 2136.29);
insert into STATION values (1007, '91', 940, 322866.23, 5094343.34, 2139.40);
insert into STATION values (1008, '.', 940, 322865.82, 5094343.99, 2139.49);
insert into STATION values (1009, '.', 940, 322866.07, 5094345.16, 2139.57);
insert into STATION values (1010, '.', 940, 322866.35, 5094344.18, 2139.48);
insert into STATION values (1011, '.', 940, 322866.71, 5094343.71, 2139.42);
insert into STATION values (1012, '.', 940, 322866.79, 5094343.26, 2139.44);
insert into STATION values (1013, '.', 940, 322866.93, 5094342.73, 2139.52);
insert into STATION values (1014, '.', 940, 322865.95, 5094343.22, 2139.46);
insert into STATION values (1015, '.', 940, 322865.78, 5094343.22, 2139.53);
insert into STATION values (1016, '.', 940, 322866.87, 5094343.89, 2140.32);
insert into STATION values (1017, '.', 940, 322865.84, 5094342.30, 2136.27);
insert into STATION values (1018, '92', 940, 322865.10, 5094346.92, 2139.60);
insert into STATION values (1019, '.', 940, 322863.78, 5094346.30, 2139.57);
insert into STATION values (1020, '.', 940, 322863.59, 5094347.11, 2139.70);
insert into STATION values (1021, '.', 940, 322863.33, 5094347.70, 2139.83);
insert into STATION values (1022, '.', 940, 322862.81, 5094349.28, 2140.26);
insert into STATION values (1023, '.', 940, 322864.51, 5094349.60, 2140.34);
insert into STATION values (1024, '.', 940, 322865.38, 5094347.12, 2139.73);
insert into STATION values (1025, '.', 940, 322864.92, 5094347.75, 2140.05);
insert into STATION values (1026, '.', 940, 322865.93, 5094345.66, 2139.94);
insert into STATION values (1027, '.', 940, 322865.44, 5094344.34, 2140.55);
insert into STATION values (1028, '.', 940, 322864.40, 5094344.36, 2140.00);
insert into STATION values (1029, '.', 940, 322864.13, 5094344.91, 2139.64);
insert into STATION values (1030, '.', 940, 322864.50, 5094345.42, 2140.02);
insert into STATION values (1031, '.', 940, 322864.82, 5094347.11, 2141.74);
insert into STATION values (1032, '.', 940, 322864.22, 5094346.79, 2137.54);
insert into STATION values (1033, '93', 940, 322863.08, 5094351.79, 2142.11);
insert into STATION values (1034, '.', 940, 322862.22, 5094351.16, 2142.18);
insert into STATION values (1035, '.', 940, 322861.13, 5094351.88, 2142.56);
insert into STATION values (1036, '.', 940, 322860.30, 5094352.73, 2142.69);
insert into STATION values (1037, '.', 940, 322861.12, 5094352.89, 2142.75);
insert into STATION values (1038, '.', 940, 322861.87, 5094353.52, 2142.80);
insert into STATION values (1039, '.', 940, 322862.52, 5094353.19, 2142.50);
insert into STATION values (1040, '.', 940, 322863.37, 5094352.11, 2142.13);
insert into STATION values (1041, '.', 940, 322863.70, 5094351.12, 2142.14);
insert into STATION values (1042, '.', 940, 322863.26, 5094350.98, 2142.17);
insert into STATION values (1043, '.', 940, 322863.11, 5094351.08, 2142.24);
insert into STATION values (1044, '.', 940, 322862.89, 5094351.73, 2143.59);
insert into STATION values (1045, '.', 940, 322863.38, 5094351.44, 2141.19);
insert into STATION values (1046, '94', 940, 322860.40, 5094351.82, 2143.96);
insert into STATION values (1047, '.', 940, 322859.45, 5094352.36, 2144.28);
insert into STATION values (1048, '.', 940, 322860.08, 5094352.44, 2144.10);
insert into STATION values (1049, '.', 940, 322860.39, 5094352.45, 2144.01);
insert into STATION values (1050, '.', 940, 322860.95, 5094352.53, 2144.00);
insert into STATION values (1051, '.', 940, 322861.24, 5094352.31, 2143.90);
insert into STATION values (1052, '.', 940, 322861.50, 5094351.95, 2143.96);
insert into STATION values (1053, '.', 940, 322861.12, 5094351.31, 2144.13);
insert into STATION values (1054, '.', 940, 322860.57, 5094351.53, 2144.03);
insert into STATION values (1055, '.', 940, 322860.50, 5094352.96, 2148.00);
insert into STATION values (1056, '.', 940, 322860.58, 5094352.79, 2147.94);
insert into STATION values (1057, '.', 940, 322860.72, 5094353.17, 2148.49);
insert into STATION values (1058, '.', 940, 322860.56, 5094351.99, 2142.11);
insert into STATION values (1059, '95', 940, 322858.70, 5094353.78, 2148.28);
insert into STATION values (1060, '.', 940, 322858.49, 5094352.76, 2148.33);
insert into STATION values (1061, '.', 940, 322858.01, 5094352.80, 2148.30);
insert into STATION values (1062, '.', 940, 322857.71, 5094352.85, 2148.23);
insert into STATION values (1063, '.', 940, 322856.75, 5094352.70, 2148.07);
insert into STATION values (1064, '.', 940, 322856.43, 5094353.49, 2148.19);
insert into STATION values (1065, '.', 940, 322856.24, 5094353.97, 2148.38);
insert into STATION values (1066, '.', 940, 322857.09, 5094354.73, 2148.50);
insert into STATION values (1067, '.', 940, 322857.48, 5094354.93, 2148.60);
insert into STATION values (1068, '.', 940, 322858.24, 5094354.55, 2148.63);
insert into STATION values (1069, '.', 940, 322858.79, 5094354.16, 2148.47);
insert into STATION values (1070, '.', 940, 322859.30, 5094353.19, 2148.37);
insert into STATION values (1071, '.', 940, 322858.75, 5094353.44, 2148.28);
insert into STATION values (1072, '.', 940, 322858.71, 5094353.47, 2148.30);
insert into STATION values (1073, '.', 940, 322858.51, 5094353.68, 2149.51);
insert into STATION values (1074, '.', 940, 322858.65, 5094353.56, 2149.26);
insert into STATION values (1075, '.', 940, 322857.62, 5094353.95, 2151.28);
insert into STATION values (1076, '.', 940, 322858.68, 5094353.36, 2147.38);
insert into STATION values (1077, '.', 940, 322858.05, 5094351.99, 2145.52);
insert into STATION values (1078, '96', 940, 322856.51, 5094353.45, 2147.87);
insert into STATION values (1079, '.', 940, 322856.58, 5094354.24, 2148.07);
insert into STATION values (1080, '.', 940, 322857.42, 5094354.62, 2148.20);
insert into STATION values (1081, '.', 940, 322858.38, 5094354.16, 2148.31);
insert into STATION values (1082, '.', 940, 322859.32, 5094353.10, 2148.30);
insert into STATION values (1083, '.', 940, 322858.51, 5094352.84, 2148.18);
insert into STATION values (1084, '.', 940, 322857.53, 5094352.87, 2147.99);
insert into STATION values (1085, '.', 940, 322856.66, 5094353.04, 2147.84);
insert into STATION values (1086, '.', 940, 322856.19, 5094353.53, 2147.93);
insert into STATION values (1087, '.', 940, 322860.69, 5094358.49, 2160.88);
insert into STATION values (1088, '.', 940, 322856.91, 5094354.49, 2151.51);
insert into STATION values (1089, '.', 940, 322857.25, 5094353.39, 2146.15);
insert into STATION values (1090, '97', 940, 322861.01, 5094357.53, 2161.25);
insert into STATION values (1091, '98', 940, 322877.42, 5094278.32, 2107.71);
insert into STATION values (1092, '.', 940, 322884.37, 5094262.72, 2116.41);
insert into STATION values (1093, '.', 940, 322879.32, 5094277.30, 2108.56);
insert into STATION values (1094, '.', 940, 322891.93, 5094272.01, 2123.16);
insert into STATION values (1095, '.', 940, 322890.26, 5094272.44, 2104.69);
insert into STATION values (1096, '.', 940, 322875.44, 5094275.72, 2108.55);
insert into STATION values (1097, '.', 940, 322877.78, 5094279.30, 2108.12);
insert into STATION values (1098, '.', 940, 322873.67, 5094281.54, 2109.91);
insert into STATION values (1099, '.', 940, 322871.23, 5094282.47, 2111.33);
insert into STATION values (1100, '.', 940, 322873.89, 5094279.13, 2110.43);
insert into STATION values (1101, '.', 940, 322875.15, 5094276.50, 2108.22);
insert into STATION values (1102, '99', 940, 322876.87, 5094279.50, 2093.69);
insert into STATION values (1103, '.', 940, 322876.62, 5094280.23, 2093.80);
insert into STATION values (1104, '.', 940, 322871.60, 5094278.77, 2093.90);
insert into STATION values (1105, '.', 940, 322870.38, 5094276.15, 2094.05);
insert into STATION values (1106, '.', 940, 322876.28, 5094278.38, 2093.75);
insert into STATION values (1107, '.', 940, 322889.57, 5094275.67, 2093.65);
insert into STATION values (1108, '.', 940, 322883.17, 5094277.40, 2093.77);
insert into STATION values (1109, '.', 940, 322880.03, 5094277.40, 2093.81);
insert into STATION values (1110, '.', 940, 322877.93, 5094277.98, 2093.77);
insert into STATION values (1111, '.', 940, 322876.43, 5094278.08, 2093.85);
insert into STATION values (1112, '100', 940, 322873.96, 5094277.91, 2082.64);
insert into STATION values (1113, '.', 940, 322869.98, 5094277.25, 2083.70);
insert into STATION values (1114, '.', 940, 322890.38, 5094275.61, 2084.38);
insert into STATION values (1115, '.', 940, 322875.41, 5094279.28, 2082.95);
insert into STATION values (1116, '.', 940, 322873.85, 5094279.05, 2082.96);
insert into STATION values (1117, '.', 940, 322869.70, 5094278.37, 2073.89);
insert into STATION values (1118, '101', 940, 322870.23, 5094277.84, 2067.90);
insert into STATION values (1119, '.', 940, 322878.47, 5094277.84, 2073.38);
insert into STATION values (1120, '.', 940, 322867.04, 5094269.39, 2067.11);
insert into STATION values (1121, '.', 940, 322871.23, 5094276.40, 2068.08);
insert into STATION values (1122, '.', 940, 322871.91, 5094277.48, 2068.88);
insert into STATION values (1123, '.', 940, 322870.09, 5094278.36, 2068.14);
insert into STATION values (1124, '102', 940, 322868.81, 5094270.20, 2063.49);
insert into STATION values (1125, '.', 940, 322868.40, 5094272.39, 2063.55);
insert into STATION values (1126, '.', 940, 322870.81, 5094274.02, 2063.84);
insert into STATION values (1127, '.', 940, 322870.81, 5094272.61, 2063.91);
insert into STATION values (1128, '.', 940, 322872.91, 5094277.54, 2068.27);
insert into STATION values (1129, '.', 940, 322864.14, 5094267.74, 2065.05);
insert into STATION values (1130, '.', 940, 322863.87, 5094271.70, 2064.20);
insert into STATION values (1131, '.', 940, 322867.27, 5094271.91, 2063.63);
insert into STATION values (1132, '.', 940, 322862.94, 5094270.96, 2072.07);
insert into STATION values (1133, '.', 940, 322868.73, 5094270.47, 2061.78);
insert into STATION values (1134, '.', 940, 322869.74, 5094271.79, 2055.71);
insert into STATION values (1135, '.', 940, 322863.52, 5094269.72, 2043.37);
insert into STATION values (1136, '103', 940, 322863.46, 5094269.28, 2064.71);
insert into STATION values (1137, '.', 940, 322863.62, 5094271.33, 2064.91);
insert into STATION values (1138, '.', 940, 322865.66, 5094271.67, 2064.72);
insert into STATION values (1139, '.', 940, 322870.79, 5094272.00, 2064.71);
insert into STATION values (1140, '.', 940, 322867.95, 5094270.28, 2065.01);
insert into STATION values (1141, '.', 940, 322870.09, 5094270.86, 2065.19);
insert into STATION values (1142, '.', 940, 322867.34, 5094269.35, 2064.86);
insert into STATION values (1143, '.', 940, 322866.41, 5094267.77, 2064.90);
insert into STATION values (1144, '.', 940, 322863.90, 5094268.03, 2064.96);
insert into STATION values (1145, '.', 940, 322864.11, 5094266.81, 2064.94);
insert into STATION values (1146, '.', 940, 322862.93, 5094268.36, 2064.76);
insert into STATION values (1147, '.', 940, 322860.23, 5094269.09, 2065.43);
insert into STATION values (1148, '.', 940, 322859.09, 5094273.58, 2068.14);
insert into STATION values (1149, '.', 940, 322865.86, 5094271.09, 2057.59);
insert into STATION values (1150, '.', 940, 322867.35, 5094266.48, 2044.44);
insert into STATION values (1151, '104', 940, 322863.01, 5094269.43, 2043.87);
insert into STATION values (1152, 'Grotte_des_3_gros', 1562, 319890.00, 5097019.00, 1564.00);
insert into STATION_FLAG values(1152, 'ent');
insert into STATION_FLAG values(1152, 'fix');
insert into STATION values (1153, '.', 1562, 319889.21, 5097022.91, 1564.10);
insert into STATION values (1154, '.', 1562, 319897.13, 5097023.54, 1564.78);
insert into STATION values (1155, '.', 1562, 319883.87, 5097013.20, 1564.55);
insert into STATION values (1156, '.', 1562, 319884.28, 5097017.21, 1564.29);
insert into STATION values (1157, '.', 1562, 319885.05, 5097020.67, 1564.60);
insert into STATION values (1158, '.', 1562, 319885.71, 5097022.12, 1564.55);
insert into STATION values (1159, '.', 1562, 319893.07, 5097019.22, 1569.92);
insert into STATION values (1160, '.', 1562, 319896.07, 5097020.82, 1567.04);
insert into STATION values (1161, '.', 1562, 319889.96, 5097019.76, 1563.35);
insert into STATION values (1162, '.', 1562, 319889.92, 5097018.90, 1563.39);
insert into STATION values (1163, '.', 1562, 319892.07, 5097019.37, 1569.45);
insert into STATION values (1164, '1', 1562, 319897.49, 5097023.78, 1564.63);
insert into STATION values (1165, '.', 1562, 319892.45, 5097024.95, 1564.70);
insert into STATION values (1166, '.', 1562, 319889.33, 5097029.36, 1564.62);
insert into STATION values (1167, '.', 1562, 319892.83, 5097032.53, 1565.75);
insert into STATION values (1168, '.', 1562, 319893.94, 5097032.93, 1566.08);
insert into STATION values (1169, '.', 1562, 319891.05, 5097022.79, 1565.18);
insert into STATION values (1170, '.', 1562, 319897.41, 5097023.83, 1563.23);
insert into STATION values (1171, '.', 1562, 319897.48, 5097023.80, 1564.82);
insert into STATION values (1172, '2', 1562, 319894.91, 5097029.61, 1564.44);
insert into STATION values (1173, '.', 1562, 319891.17, 5097027.68, 1564.79);
insert into STATION values (1174, '.', 1562, 319890.20, 5097029.86, 1565.07);
insert into STATION values (1175, '.', 1562, 319891.63, 5097031.85, 1565.12);
insert into STATION values (1176, '.', 1562, 319892.68, 5097032.89, 1565.41);
insert into STATION values (1177, '.', 1562, 319894.78, 5097032.23, 1564.99);
insert into STATION values (1178, '.', 1562, 319895.35, 5097031.25, 1564.77);
insert into STATION values (1179, '.', 1562, 319894.97, 5097030.65, 1564.59);
insert into STATION values (1180, '.', 1562, 319895.75, 5097029.62, 1564.53);
insert into STATION values (1181, '.', 1562, 319896.19, 5097028.26, 1564.50);
insert into STATION values (1182, '.', 1562, 319897.55, 5097026.01, 1564.57);
insert into STATION values (1183, '.', 1562, 319897.33, 5097024.28, 1564.84);
insert into STATION values (1184, '.', 1562, 319895.16, 5097029.52, 1567.54);
insert into STATION values (1185, '.', 1562, 319894.82, 5097029.60, 1564.00);
insert into STATION values (1186, '3', 1562, 319894.23, 5097033.21, 1564.85);
insert into STATION values (1187, '.', 1562, 319892.30, 5097039.70, 1565.40);
insert into STATION values (1188, '.', 1562, 319892.47, 5097032.97, 1565.31);
insert into STATION values (1189, '.', 1562, 319891.57, 5097035.58, 1565.60);
insert into STATION values (1190, '.', 1562, 319891.08, 5097039.67, 1565.81);
insert into STATION values (1191, '.', 1562, 319892.82, 5097037.79, 1565.80);
insert into STATION values (1192, '.', 1562, 319893.59, 5097035.94, 1565.76);
insert into STATION values (1193, '.', 1562, 319894.32, 5097033.50, 1564.91);
insert into STATION values (1194, '.', 1562, 319894.39, 5097033.26, 1564.85);
insert into STATION values (1195, '.', 1562, 319894.21, 5097033.15, 1564.63);
insert into STATION values (1196, '.', 1562, 319894.21, 5097032.88, 1566.89);
insert into STATION values (1197, '.', 1562, 319894.24, 5097033.33, 1566.24);
insert into STATION values (1198, '4', 1562, 319892.26, 5097039.71, 1565.45);
insert into STATION values (1199, '.', 1562, 319892.12, 5097039.92, 1565.46);
insert into STATION values (1200, '.', 1562, 319892.96, 5097039.03, 1565.47);
insert into STATION values (1201, '.', 1562, 319892.86, 5097037.78, 1565.54);
insert into STATION values (1202, '.', 1562, 319891.95, 5097037.36, 1565.62);
insert into STATION values (1203, '.', 1562, 319892.04, 5097039.08, 1565.44);
insert into STATION values (1204, '.', 1562, 319891.23, 5097038.12, 1565.41);
insert into STATION values (1205, '.', 1562, 319891.45, 5097039.04, 1565.43);
insert into STATION values (1206, '.', 1562, 319892.06, 5097039.63, 1565.13);
insert into STATION values (1207, '.', 1562, 319892.18, 5097039.79, 1566.12);
insert into STATION values (1208, '4b', 1562, 319892.00, 5097035.90, 1565.14);
insert into STATION values (1209, '.', 1562, 319891.89, 5097040.08, 1565.53);
insert into STATION values (1210, '.', 1562, 319893.44, 5097040.53, 1565.52);
insert into STATION values (1211, '.', 1562, 319893.95, 5097039.33, 1565.54);
insert into STATION values (1212, '.', 1562, 319894.34, 5097038.17, 1565.42);
insert into STATION values (1213, '.', 1562, 319894.91, 5097034.66, 1565.01);
insert into STATION values (1214, '.', 1562, 319891.89, 5097038.23, 1565.43);
insert into STATION values (1215, '.', 1562, 319891.91, 5097039.40, 1565.51);
insert into STATION values (1216, '.', 1562, 319892.80, 5097039.14, 1565.98);
insert into STATION values (1217, '.', 1562, 319892.33, 5097039.74, 1565.29);
insert into STATION values (1218, '5', 1562, 319892.94, 5097032.68, 1564.78);
insert into STATION values (1219, '.', 1562, 319892.54, 5097032.59, 1564.81);
insert into STATION values (1220, '.', 1562, 319892.63, 5097032.95, 1564.88);
insert into STATION values (1221, '.', 1562, 319893.71, 5097034.17, 1565.04);
insert into STATION values (1222, '.', 1562, 319893.87, 5097033.87, 1565.09);
insert into STATION values (1223, '.', 1562, 319894.51, 5097032.83, 1564.95);
insert into STATION values (1224, '.', 1562, 319894.89, 5097031.99, 1565.13);
insert into STATION values (1225, '.', 1562, 319893.25, 5097032.92, 1566.16);
insert into STATION values (1226, '.', 1562, 319892.84, 5097032.63, 1564.59);
insert into STATION values (1227, '6', 1562, 319891.37, 5097031.42, 1565.83);
insert into STATION values (1228, '.', 1562, 319889.03, 5097029.72, 1565.63);
insert into STATION values (1229, '.', 1562, 319893.30, 5097026.18, 1565.10);
insert into STATION values (1230, '.', 1562, 319896.98, 5097025.59, 1565.05);
insert into STATION values (1231, '.', 1562, 319895.49, 5097030.65, 1565.51);
insert into STATION values (1232, '.', 1562, 319894.36, 5097033.78, 1565.61);
insert into STATION values (1233, '.', 1562, 319891.32, 5097031.73, 1565.82);
insert into STATION values (1234, '.', 1562, 319891.46, 5097031.43, 1564.36);
insert into STATION values (1235, '.', 1562, 319891.58, 5097031.09, 1567.60);
insert into STATION values (1236, '.', 1562, 319891.35, 5097031.33, 1566.43);
insert into STATION values (1237, '7', 1562, 319891.15, 5097027.99, 1565.42);
insert into STATION values (1238, '.', 1562, 319897.27, 5097024.68, 1564.69);
insert into STATION values (1239, '.', 1562, 319895.95, 5097028.01, 1564.94);
insert into STATION values (1240, '.', 1562, 319895.44, 5097031.24, 1565.22);
insert into STATION values (1241, '.', 1562, 319894.84, 5097032.48, 1565.38);
insert into STATION values (1242, '.', 1562, 319894.35, 5097033.78, 1565.28);
insert into STATION values (1243, '.', 1562, 319892.84, 5097032.61, 1565.50);
insert into STATION values (1244, '.', 1562, 319891.55, 5097031.56, 1565.48);
insert into STATION values (1245, '.', 1562, 319890.47, 5097030.94, 1565.33);
insert into STATION values (1246, '.', 1562, 319889.93, 5097029.91, 1565.26);
insert into STATION values (1247, '.', 1562, 319890.74, 5097028.39, 1565.38);
insert into STATION values (1248, '.', 1562, 319891.12, 5097029.05, 1567.56);
insert into STATION values (1249, '.', 1562, 319891.21, 5097028.03, 1563.88);
insert into STATION values (1250, '.', 1562, 319891.15, 5097028.04, 1563.87);
insert into STATION values (1251, '8', 1562, 319892.77, 5097026.56, 1563.63);
insert into STATION values (1252, '.', 1562, 319891.95, 5097025.47, 1563.69);
insert into STATION values (1253, '.', 1562, 319891.20, 5097026.80, 1564.03);
insert into STATION values (1254, '.', 1562, 319890.62, 5097028.09, 1564.31);
insert into STATION values (1255, '.', 1562, 319889.53, 5097029.51, 1564.68);
insert into STATION values (1256, '.', 1562, 319891.17, 5097032.40, 1565.05);
insert into STATION values (1257, '.', 1562, 319892.37, 5097032.57, 1565.21);
insert into STATION values (1258, '.', 1562, 319894.64, 5097032.71, 1565.06);
insert into STATION values (1259, '.', 1562, 319895.30, 5097030.73, 1564.98);
insert into STATION values (1260, '.', 1562, 319895.61, 5097029.60, 1564.49);
insert into STATION values (1261, '.', 1562, 319893.05, 5097026.42, 1563.65);
insert into STATION values (1262, '.', 1562, 319897.09, 5097024.74, 1564.28);
insert into STATION values (1263, '.', 1562, 319893.30, 5097027.44, 1566.26);
insert into STATION values (1264, '.', 1562, 319892.88, 5097026.39, 1564.98);
insert into STATION values (1265, '.', 1562, 319892.78, 5097026.58, 1563.49);
insert into STATION values (1266, 'Grotte_du_Lac_L100', 1598, 320441.00, 5097258.00, 1519.00);
insert into STATION_FLAG values(1266, 'ent');
insert into STATION_FLAG values(1266, 'fix');
insert into STATION values (1267, '1.0', 1598, 320441.00, 5097258.00, 1519.00);
insert into STATION values (1268, '1.1', 1598, 320441.50, 5097263.14, 1521.41);
insert into STATION values (1269, '1.2', 1598, 320437.93, 5097268.18, 1521.19);
insert into STATION values (1270, '1.3', 1598, 320444.13, 5097270.24, 1521.19);
insert into STATION values (1271, '1.4', 1598, 320446.32, 5097272.89, 1521.01);
insert into STATION values (1272, '1.5', 1598, 320448.92, 5097272.35, 1520.92);
insert into STATION values (1273, '1.6', 1598, 320450.27, 5097270.04, 1521.39);
