create table SURVEY (ID integer, PARENT_ID integer, NAME varchar(29), FULL_NAME varchar(72), TITLE varchar(42));
create table CENTRELINE (ID integer, SURVEY_ID integer, TITLE varchar(4), TOPO_DATE date, EXPLO_DATE date, LENGTH real, SURFACE_LENGTH real, DUPLICATE_LENGTH real);
create table PERSON (ID integer, NAME varchar(11), SURNAME varchar(11));
create table EXPLO (PERSON_ID integer, CENTRELINE_ID integer);
create table TOPO (PERSON_ID integer, CENTRELINE_ID integer);
create table STATION (ID integer, NAME varchar(31), SURVEY_ID integer, X real, Y real, Z real);
create table STATION_FLAG (STATION_ID integer, FLAG char(3));
create table SHOT (ID integer, FROM_ID integer, TO_ID integer, CENTRELINE_ID integer, LENGTH real, BEARING real, GRADIENT real, ADJ_LENGTH real, ADJ_BEARING real, ADJ_GRADIENT real, ERR_LENGTH real, ERR_BEARING real, ERR_GRADIENT real);
create table SHOT_FLAG (SHOT_ID integer, FLAG char(3));
create table MAPS (ID integer, SURVEY_ID integer, NAME varchar(29), TITLE varchar(42), PROJID integer, LENGTH real, DEPTH real);
create table SCRAPS (ID integer, SURVEY_ID integer, NAME varchar(29), PROJID integer, MAX_DISTORTION real, AVG_DISTORTION real);
create table MAPITEMS (ID integer, TYPE integer, ITEMID integer);
insert into SURVEY values (1, 0, '', '', NULL);
 insert into CENTRELINE values (2, 1, NULL, NULL, NULL, 0.00, 0.00, 0.00);
 insert into SURVEY values (54, 1, 'Flaine_Plate', 'Flaine_Plate', 'Karst de Faine / Plate');
 insert into CENTRELINE values (55, 54, NULL, NULL, NULL, 0.00, 0.00, 0.00);
 insert into SURVEY values (56, 54, 'Gouffre_de_la_petite_Marielle', 'Gouffre_de_la_petite_Marielle.Flaine_Plate', 'Gouffre de la petite Marielle');
 insert into CENTRELINE values (57, 56, NULL, NULL, NULL, 0.00, 0.00, 0.00);
 insert into SURVEY values (58, 56, 'Gouffre_de_la_petite_Marielle', 'Gouffre_de_la_petite_Marielle.Gouffre_de_la_petite_Marielle.Flaine_Plate', 'Gouffre de la petite Marielle');
 insert into CENTRELINE values (59, 58, NULL, NULL, NULL, 0.00, 0.00, 0.00);
 insert into CENTRELINE values (60, 58, NULL, '2018-07-24', '2018-01-01', 107.38, 0.00, 0.00);
 insert into PERSON values (1, 'Bertrand', 'Hamm');
insert into TOPO values (1, 60);
 insert into PERSON values (2, 'Philippe', 'Monteil');
insert into TOPO values (2, 60);
 insert into PERSON values (3, NULL, 'CESAME');
insert into EXPLO values (3, 60);
 insert into SHOT values (1, 1, 2, 60, 0.000, 3.72, 0.00, 0.000, 90.00, 0.00, 0.000, 90.00, 0.00);
insert into SHOT values (2, 1, 3, 60, 0.000, 3.72, 0.00, 0.000, 90.00, 0.00, 0.000, 90.00, 0.00);
insert into SHOT values (3, 4, 5, 60, 0.000, 3.72, 0.00, 0.000, 90.00, 0.00, 0.000, 90.00, 0.00);
insert into SHOT values (4, 4, 6, 60, 0.000, 3.72, 0.00, 0.000, 90.00, 0.00, 0.000, 90.00, 0.00);
insert into SHOT values (5, 4, 7, 60, 4.400, 109.72, 65.00, 4.402, 109.80, 65.01, 0.003, 190.26, 41.03);
insert into SHOT values (6, 7, 3, 60, 6.300, 99.52, 86.00, 6.295, 99.25, 86.03, 0.006, 308.22, -46.97);
insert into SHOT values (7, 3, 8, 60, 0.000, 3.72, 0.00, 0.000, 90.00, 0.00, 0.000, 90.00, 0.00);
insert into SHOT values (8, 5, 9, 60, 0.000, 3.72, 0.00, 0.000, 90.00, 0.00, 0.000, 90.00, 0.00);
insert into SHOT values (9, 9, 10, 60, 4.500, 273.42, -8.70, 4.500, 273.48, -8.69, 0.005, 3.71, 8.30);
insert into SHOT values (10, 5, 11, 60, 9.650, 68.72, -3.70, 9.649, 68.68, -3.74, 0.009, 327.06, -49.88);
insert into SHOT values (11, 11, 12, 60, 4.800, 83.72, 16.00, 4.805, 83.78, 16.07, 0.009, 142.23, 49.52);
insert into SHOT values (12, 12, 13, 60, 9.250, 74.72, -6.20, 9.248, 74.74, -6.21, 0.004, 193.89, -16.11);
insert into SHOT values (13, 13, 14, 60, 13.850, 84.72, -7.80, 13.847, 84.69, -7.80, 0.008, 333.73, -2.36);
insert into SHOT values (14, 14, 15, 60, 2.340, 70.12, -1.10, 2.338, 70.25, -1.23, 0.008, 181.58, -42.42);
insert into SHOT values (15, 15, 16, 60, 6.230, 62.12, -25.70, 6.230, 62.07, -25.68, 0.006, 336.60, 17.46);
insert into SHOT values (16, 16, 17, 60, 6.650, 70.92, 4.10, 6.649, 70.99, 4.14, 0.009, 170.32, 28.66);
insert into SHOT values (17, 17, 18, 60, 3.550, 71.32, -17.00, 3.555, 71.30, -17.01, 0.005, 55.55, -23.51);
insert into SHOT values (18, 18, 19, 60, 5.000, 75.72, 7.00, 5.002, 75.66, 7.00, 0.006, 5.76, 6.26);
insert into SHOT values (19, 19, 20, 60, 8.000, 65.62, -11.90, 8.000, 65.63, -11.90, 0.001, 182.34, -16.15);
insert into SHOT values (20, 20, 21, 60, 5.080, 77.72, 33.00, 5.078, 77.79, 33.06, 0.008, 205.93, 25.43);
insert into SHOT values (21, 21, 22, 60, 5.070, 65.02, -20.20, 5.067, 65.00, -20.20, 0.003, 282.03, 11.89);
insert into SHOT values (22, 22, 23, 60, 1.210, 25.02, 19.00, 1.214, 25.23, 18.74, 0.008, 61.77, -29.54);
insert into SHOT values (23, 13, 24, 60, 0.000, 3.72, 0.00, 0.000, 90.00, 0.00, 0.000, 90.00, 0.00);
insert into SHOT values (24, 24, 25, 60, 6.880, 148.72, 44.00, 6.881, 148.72, 44.00, 0.001, 129.70, 56.62);
insert into SHOT values (25, 26, 27, 60, 0.000, 3.72, 0.00, 0.000, 90.00, 0.00, 0.000, 90.00, 0.00);
insert into SHOT values (26, 26, 28, 60, 4.620, 6.52, 8.50, 4.620, 6.53, 8.46, 0.003, 74.89, -67.98);
insert into SHOT values (27, 28, 15, 60, 0.000, 3.72, 0.00, 0.000, 90.00, 0.00, 0.000, 90.00, 0.00);
insert into CENTRELINE values (61, 58, NULL, '2018-07-25', '2018-01-01', 192.24, 0.00, 0.00);
 insert into PERSON values (4, 'Malo', 'Courtier');
insert into TOPO values (4, 61);
 insert into TOPO values (2, 61);
 insert into EXPLO values (3, 61);
 insert into SHOT values (28, 29, 30, 61, 0.000, 3.72, 0.00, 0.000, 90.00, 0.00, 0.000, 90.00, 0.00);
insert into SHOT values (29, 29, 31, 61, 12.130, 279.62, 69.00, 12.137, 279.66, 68.99, 0.008, 310.18, 46.32);
insert into SHOT values (30, 31, 32, 61, 7.700, 345.92, 82.50, 7.638, 346.37, 82.34, 0.066, 16.52, -76.17);
insert into SHOT values (31, 32, 33, 61, 1.500, 114.92, 45.90, 1.467, 114.81, 45.70, 0.033, 300.57, -54.54);
insert into SHOT values (32, 33, 34, 61, 14.800, 67.42, 84.80, 14.740, 67.53, 84.40, 0.120, 69.07, -35.21);
insert into SHOT values (33, 34, 35, 61, 13.900, 180.72, 82.80, 13.909, 180.66, 82.81, 0.010, 43.89, 73.93);
insert into SHOT values (34, 35, 36, 61, 2.560, 168.72, 58.30, 2.553, 168.86, 58.20, 0.009, 256.02, -68.37);
insert into SHOT values (35, 36, 37, 61, 10.300, 244.12, 55.90, 10.298, 244.10, 55.93, 0.006, 85.27, 10.07);
insert into SHOT values (36, 37, 38, 61, 1.750, 225.62, 8.50, 1.752, 225.70, 8.53, 0.003, 279.78, 23.90);
insert into SHOT values (37, 38, 39, 61, 1.210, 303.52, 40.70, 1.209, 303.86, 40.80, 0.006, 54.50, 9.31);
insert into SHOT values (38, 39, 23, 61, 0.000, 3.72, 0.00, 0.000, 90.00, 0.00, 0.000, 90.00, 0.00);
insert into SHOT values (39, 31, 40, 61, 0.000, 3.72, 0.00, 0.014, 180.00, 45.00, 0.014, 180.00, 45.00);
insert into SHOT values (40, 40, 41, 61, 9.250, 13.02, -35.60, 9.204, 12.97, -35.08, 0.096, 339.47, 82.16);
insert into SHOT values (41, 41, 42, 61, 6.270, 191.42, -73.10, 6.227, 191.62, -72.84, 0.052, 214.14, 71.81);
insert into SHOT values (42, 42, 43, 61, 8.630, 303.52, -80.00, 8.575, 303.17, -79.81, 0.062, 276.69, 70.55);
insert into SHOT values (43, 43, 44, 61, 5.960, 83.12, -51.10, 5.964, 83.10, -51.08, 0.005, 68.09, -19.90);
insert into SHOT values (44, 43, 45, 61, 0.000, 3.72, 0.00, 0.010, 90.00, 90.00, 0.010, 90.00, 90.00);
insert into SHOT values (45, 45, 46, 61, 1.980, 174.72, 2.00, 1.990, 174.81, 2.59, 0.023, 192.14, 64.83);
insert into SHOT values (46, 46, 47, 61, 5.010, 303.82, -29.40, 4.979, 303.58, -28.95, 0.053, 191.12, 68.17);
insert into SHOT values (47, 47, 48, 61, 1.630, 335.32, -44.90, 1.589, 335.01, -44.33, 0.045, 173.78, 64.62);
insert into SHOT values (48, 48, 49, 61, 2.550, 79.72, 7.70, 2.546, 79.72, 8.13, 0.019, 261.81, 70.44);
insert into SHOT values (49, 49, 50, 61, 2.600, 80.52, 10.20, 2.598, 80.76, 10.65, 0.023, 199.16, 58.30);
insert into SHOT values (50, 50, 51, 61, 6.210, 71.62, 39.90, 6.228, 71.68, 40.44, 0.062, 240.08, 66.74);
insert into SHOT values (51, 51, 52, 61, 4.600, 65.32, -33.70, 4.555, 65.32, -33.29, 0.056, 245.61, 69.89);
insert into SHOT values (52, 52, 53, 61, 19.500, 109.92, 76.50, 19.499, 109.91, 76.50, 0.002, 10.98, -49.14);
insert into SHOT values (53, 48, 54, 61, 0.000, 3.72, 0.00, 0.000, 90.00, 0.00, 0.000, 90.00, 0.00);
insert into SHOT values (54, 54, 55, 61, 4.760, 249.62, 50.00, 4.749, 249.66, 50.04, 0.012, 56.17, -32.96);
insert into SHOT values (55, 55, 56, 61, 2.300, 257.12, 11.90, 2.309, 256.95, 12.00, 0.012, 215.89, 29.05);
insert into SHOT values (56, 56, 57, 61, 3.500, 248.62, 18.00, 3.499, 248.68, 17.98, 0.004, 354.11, -24.30);
insert into SHOT values (57, 57, 58, 61, 10.720, 257.82, 1.60, 10.715, 257.82, 1.60, 0.005, 81.40, 8.25);
insert into SHOT values (58, 58, 59, 61, 5.100, 255.72, 5.20, 5.097, 255.74, 5.18, 0.004, 37.67, -32.97);
insert into SHOT values (59, 59, 60, 61, 3.210, 263.72, -33.70, 3.215, 263.57, -33.62, 0.010, 214.55, 6.24);
insert into SHOT values (60, 60, 61, 61, 5.760, 257.92, -1.40, 5.758, 257.97, -1.39, 0.005, 8.99, 8.21);
insert into SHOT values (61, 61, 62, 61, 5.550, 267.02, -34.40, 5.550, 266.99, -34.46, 0.006, 122.08, -49.65);
insert into SHOT values (62, 62, 63, 61, 11.300, 351.72, -61.60, 11.301, 351.66, -61.59, 0.006, 283.47, 0.26);
insert into CENTRELINE values (62, 58, NULL, '2019-07-18', '2019-01-01', 86.94, 0.00, 0.00);
 insert into TOPO values (2, 62);
 insert into PERSON values (5, 'Bruno', 'Sourzac');
insert into TOPO values (5, 62);
 insert into EXPLO values (3, 62);
 insert into SHOT values (63, 64, 52, 62, 0.000, 3.87, 0.00, 0.010, 90.00, -90.00, 0.010, 90.00, -90.00);
insert into SHOT values (64, 64, 65, 62, 3.810, 114.47, 61.10, 3.852, 114.62, 61.33, 0.045, 150.77, 79.35);
insert into SHOT values (65, 65, 66, 62, 2.420, 79.57, 9.50, 2.414, 79.82, 10.02, 0.025, 211.37, 55.47);
insert into SHOT values (66, 66, 67, 62, 7.400, 129.27, 57.80, 7.451, 129.32, 58.17, 0.070, 295.17, 78.30);
insert into SHOT values (67, 67, 68, 62, 3.140, 123.17, 15.80, 3.151, 123.27, 16.22, 0.026, 172.08, 74.38);
insert into SHOT values (68, 68, 69, 62, 14.940, 269.37, 78.70, 15.001, 269.22, 78.70, 0.061, 238.48, 75.93);
insert into SHOT values (69, 69, 70, 62, 14.100, 77.67, 84.80, 14.150, 77.84, 85.19, 0.108, 255.49, 32.42);
insert into SHOT values (70, 70, 71, 62, 4.360, 253.17, -10.60, 4.364, 253.08, -10.16, 0.034, 220.94, 69.22);
insert into SHOT values (71, 71, 72, 62, 5.860, 249.47, -5.90, 5.866, 249.46, -5.28, 0.064, 242.72, 78.53);
insert into SHOT values (72, 72, 73, 62, 5.480, 222.27, 76.40, 5.537, 222.21, 76.32, 0.058, 218.85, 68.48);
insert into SHOT values (73, 73, 74, 62, 0.830, 201.87, 6.40, 0.847, 201.67, 7.47, 0.023, 190.71, 49.76);
insert into SHOT values (74, 74, 75, 62, 4.280, 252.47, -0.70, 4.292, 252.37, -0.27, 0.035, 219.66, 66.24);
insert into SHOT values (75, 75, 34, 62, 0.000, 3.87, 0.00, 0.017, 225.00, 35.26, 0.017, 225.00, 35.26);
insert into SHOT values (76, 68, 76, 62, 0.000, 3.87, 0.00, 0.000, 90.00, 0.00, 0.000, 90.00, 0.00);
insert into SHOT values (77, 76, 77, 62, 5.280, 251.77, -18.50, 5.283, 251.75, -18.43, 0.008, 229.14, 44.26);
insert into SHOT values (78, 77, 78, 62, 15.040, 286.37, -79.30, 15.042, 286.42, -79.30, 0.003, 345.44, -26.00);
insert into CENTRELINE values (63, 58, NULL, '2019-07-16', '2019-01-01', 18.57, 0.00, 0.00);
 insert into PERSON values (6, 'Mathilde', 'Hamm');
insert into TOPO values (6, 63);
 insert into TOPO values (2, 63);
 insert into EXPLO values (3, 63);
 insert into SHOT values (79, 79, 36, 63, 0.000, 3.87, 0.00, 0.000, 90.00, 0.00, 0.000, 90.00, 0.00);
insert into SHOT values (80, 79, 80, 63, 11.540, 37.97, -72.00, 11.536, 38.06, -71.98, 0.008, 101.90, 40.13);
insert into SHOT values (81, 80, 81, 63, 2.290, 66.47, 3.80, 2.288, 66.24, 3.76, 0.009, 327.36, -10.88);
insert into SHOT values (82, 81, 82, 63, 4.740, 78.67, -4.70, 4.739, 78.64, -4.72, 0.003, 312.95, -30.72);
insert into CENTRELINE values (64, 58, NULL, '2019-07-19', '2019-01-01', 343.00, 0.00, 0.00);
 insert into PERSON values (7, 'Fabien', 'Darne');
insert into TOPO values (7, 64);
 insert into TOPO values (2, 64);
 insert into EXPLO values (3, 64);
 insert into SHOT values (83, 83, 84, 64, 0.000, 3.87, 0.00, 0.000, 90.00, 0.00, 0.000, 90.00, 0.00);
insert into SHOT values (84, 83, 85, 64, 3.220, 73.37, 37.20, 3.223, 73.47, 37.23, 0.006, 148.60, 34.19);
insert into SHOT values (85, 85, 86, 64, 2.580, 111.77, 16.60, 2.585, 111.80, 16.63, 0.006, 127.66, 30.88);
insert into SHOT values (86, 86, 87, 64, 2.110, 69.57, 9.30, 2.110, 69.48, 9.27, 0.004, 337.80, -16.02);
insert into SHOT values (87, 87, 88, 64, 2.520, 91.87, -5.00, 2.521, 91.83, -5.01, 0.002, 25.55, -9.70);
insert into SHOT values (88, 88, 89, 64, 5.090, 73.57, -6.40, 5.088, 73.57, -6.43, 0.003, 249.09, -54.62);
insert into SHOT values (89, 89, 90, 64, 2.540, 251.27, -6.20, 2.538, 251.28, -6.11, 0.005, 59.84, 69.12);
insert into SHOT values (90, 90, 91, 64, 1.790, 272.07, -28.20, 1.795, 272.17, -28.26, 0.006, 310.69, -41.88);
insert into SHOT values (91, 91, 92, 64, 2.500, 286.17, -16.90, 2.499, 286.01, -16.75, 0.010, 202.85, 45.25);
insert into SHOT values (92, 92, 93, 64, 11.660, 30.47, -72.40, 11.666, 30.49, -72.40, 0.006, 59.32, -66.45);
insert into SHOT values (93, 93, 63, 64, 0.000, 3.87, 0.00, 0.000, 90.00, 0.00, 0.000, 90.00, 0.00);
insert into SHOT values (94, 93, 94, 64, 2.800, 296.47, 13.00, 2.800, 296.57, 13.00, 0.005, 29.48, 1.74);
insert into SHOT values (95, 94, 95, 64, 4.710, 23.07, -20.20, 4.701, 23.08, -20.16, 0.010, 197.59, 41.77);
insert into SHOT values (96, 95, 96, 64, 6.080, 13.67, -0.70, 6.083, 13.69, -0.75, 0.007, 49.86, -53.99);
insert into SHOT values (97, 96, 97, 64, 2.770, 40.27, 6.00, 2.768, 40.29, 6.01, 0.002, 200.10, 12.47);
insert into SHOT values (98, 97, 98, 64, 3.810, 348.07, -0.60, 3.813, 348.04, -0.60, 0.004, 315.10, -1.67);
insert into SHOT values (99, 98, 99, 64, 6.010, 19.97, -13.00, 6.006, 19.98, -12.99, 0.004, 180.28, 27.00);
insert into SHOT values (100, 99, 100, 64, 2.880, 28.97, -21.10, 2.880, 28.95, -21.17, 0.004, 244.08, -63.72);
insert into SHOT values (101, 100, 101, 64, 14.170, 28.97, -84.20, 14.173, 29.05, -84.16, 0.010, 41.64, -14.74);
insert into SHOT values (102, 101, 102, 64, 9.740, 102.37, -65.50, 9.736, 102.45, -65.52, 0.008, 228.66, 23.04);
insert into SHOT values (103, 102, 103, 64, 5.680, 253.17, -18.80, 5.672, 253.22, -18.82, 0.010, 44.59, 2.83);
insert into SHOT values (104, 103, 104, 64, 9.330, 224.17, -83.30, 9.335, 223.89, -83.26, 0.010, 189.31, -21.69);
insert into SHOT values (105, 104, 105, 64, 4.620, 81.77, -4.20, 4.619, 81.76, -4.10, 0.008, 342.76, 86.62);
insert into SHOT values (106, 105, 106, 64, 5.280, 77.67, -5.60, 5.279, 77.58, -5.65, 0.010, 335.55, -28.70);
insert into SHOT values (107, 106, 107, 64, 2.280, 112.77, -7.50, 2.287, 112.83, -7.54, 0.008, 131.90, -17.45);
insert into SHOT values (108, 107, 108, 64, 4.390, 81.77, -7.90, 4.386, 81.80, -7.86, 0.005, 235.81, 38.16);
insert into SHOT values (109, 108, 109, 64, 6.130, 78.97, 4.10, 6.129, 78.97, 4.12, 0.002, 279.86, 51.01);
insert into SHOT values (110, 109, 110, 64, 2.090, 110.77, -9.40, 2.091, 110.72, -9.36, 0.003, 59.65, 29.37);
insert into SHOT values (111, 110, 111, 64, 2.600, 159.77, -3.80, 2.598, 159.68, -3.97, 0.009, 34.67, -56.06);
insert into SHOT values (112, 111, 112, 64, 2.220, 173.67, 12.90, 2.219, 173.89, 13.02, 0.010, 275.19, 27.00);
insert into SHOT values (113, 112, 113, 64, 1.100, 115.77, 18.10, 1.109, 115.84, 17.85, 0.010, 122.78, -9.88);
insert into SHOT values (114, 104, 114, 64, 0.000, 3.87, 0.00, 0.000, 90.00, 0.00, 0.000, 90.00, 0.00);
insert into SHOT values (115, 114, 115, 64, 8.000, 168.87, -7.50, 7.997, 168.87, -7.47, 0.005, 337.03, 58.32);
insert into SHOT values (116, 113, 116, 64, 0.000, 3.87, 0.00, 0.000, 90.00, 0.00, 0.000, 90.00, 0.00);
insert into SHOT values (117, 116, 117, 64, 1.780, 182.37, -21.00, 1.780, 182.41, -21.07, 0.002, 285.47, -57.98);
insert into SHOT values (118, 117, 118, 64, 0.930, 92.87, -23.00, 0.924, 92.69, -22.93, 0.007, 299.88, 30.40);
insert into SHOT values (119, 118, 119, 64, 2.890, 142.27, -83.00, 2.892, 141.84, -82.93, 0.005, 107.84, -18.16);
insert into SHOT values (120, 119, 120, 64, 0.000, 3.87, 0.00, 0.000, 90.00, 0.00, 0.000, 90.00, 0.00);
insert into SHOT values (121, 120, 121, 64, 3.400, 110.47, 14.00, 3.397, 110.41, 13.97, 0.005, 349.67, -33.68);
insert into SHOT values (122, 121, 122, 64, 9.000, 113.87, 10.00, 8.998, 113.90, 10.05, 0.009, 237.24, 49.59);
insert into SHOT values (123, 119, 123, 64, 5.240, 37.57, -74.40, 5.234, 37.52, -74.35, 0.008, 14.36, 65.28);
insert into SHOT values (124, 123, 124, 64, 19.380, 129.87, -72.10, 19.388, 129.89, -72.11, 0.008, 227.30, -74.56);
insert into SHOT values (125, 124, 125, 64, 5.000, 116.07, 25.40, 5.007, 116.11, 25.43, 0.008, 150.24, 42.58);
insert into SHOT values (126, 125, 126, 64, 18.000, 69.37, -80.10, 17.997, 69.34, -80.12, 0.007, 266.84, 17.36);
insert into SHOT values (127, 126, 127, 64, 9.200, 101.77, -85.80, 9.205, 101.14, -85.81, 0.009, 2.89, -32.26);
insert into SHOT values (128, 127, 128, 64, 21.500, 26.97, -75.60, 21.495, 27.04, -75.60, 0.009, 136.48, 31.77);
insert into SHOT values (129, 128, 129, 64, 8.150, 59.97, -54.60, 8.154, 59.85, -54.64, 0.012, 314.65, -32.78);
insert into SHOT values (130, 129, 130, 64, 3.940, 78.27, -24.50, 3.936, 78.41, -24.46, 0.010, 182.46, 23.71);
insert into SHOT values (131, 130, 131, 64, 10.000, 230.27, -87.20, 10.002, 230.04, -87.23, 0.006, 68.59, -17.60);
insert into SHOT values (132, 131, 132, 64, 1.770, 289.87, -10.70, 1.774, 289.79, -10.72, 0.005, 255.07, -17.03);
insert into SHOT values (133, 132, 133, 64, 21.800, 301.17, -71.80, 21.800, 301.24, -71.81, 0.008, 45.49, -4.20);
insert into SHOT values (134, 133, 134, 64, 5.500, 311.87, -58.30, 5.504, 311.78, -58.25, 0.008, 277.32, -3.88);
insert into SHOT values (135, 134, 135, 64, 3.920, 7.27, 12.10, 3.920, 7.35, 12.22, 0.010, 112.99, 57.13);
insert into SHOT values (136, 135, 136, 64, 35.900, 308.67, -60.70, 35.904, 308.67, -60.70, 0.005, 306.60, -35.21);
insert into SHOT values (137, 136, 137, 64, 15.000, 308.67, -70.70, 15.001, 308.61, -70.72, 0.008, 174.49, -20.91);
insert into SURVEY values (67, 54, 'Gouffre_Moquette_qui_suinte', 'Gouffre_Moquette_qui_suinte.Flaine_Plate', 'Gouffre de la moquette qui suinte');
 insert into CENTRELINE values (68, 67, NULL, NULL, NULL, 0.00, 0.00, 0.00);
 insert into SURVEY values (69, 67, 'Gouffre_Moquette_qui_suinte', 'Gouffre_Moquette_qui_suinte.Gouffre_Moquette_qui_suinte.Flaine_Plate', 'Gouffre Moquette qui suinte P66 (ou P63)');
 insert into CENTRELINE values (70, 69, NULL, NULL, NULL, 0.00, 0.00, 0.00);
 insert into CENTRELINE values (71, 69, NULL, '2019-07-24', '2019-01-01', 141.66, 0.00, 0.00);
 insert into TOPO values (6, 71);
 insert into TOPO values (2, 71);
 insert into EXPLO values (3, 71);
 insert into SHOT values (138, 138, 139, 71, 0.000, 3.87, 0.00, 0.000, 90.00, 0.00, 0.000, 90.00, 0.00);
insert into SHOT values (139, 138, 140, 71, 0.000, 3.87, 0.00, 0.000, 90.00, 0.00, 0.000, 90.00, 0.00);
insert into SHOT values (140, 140, 141, 71, 4.960, 85.27, -77.50, 4.958, 85.19, -77.49, 0.003, 4.20, 57.84);
insert into SHOT values (141, 141, 142, 71, 5.330, 93.57, -19.50, 5.326, 93.54, -19.53, 0.006, 304.23, -8.43);
insert into SHOT values (142, 142, 143, 71, 3.220, 106.17, -72.00, 3.219, 106.26, -71.90, 0.006, 123.31, 24.82);
insert into SHOT values (143, 143, 144, 71, 2.280, 89.27, -18.40, 2.277, 89.20, -18.43, 0.004, 307.81, -4.43);
insert into SHOT values (144, 144, 145, 71, 6.170, 85.67, -59.70, 6.175, 85.77, -59.67, 0.008, 129.48, -20.32);
insert into SHOT values (145, 145, 146, 71, 8.420, 107.07, 53.70, 8.420, 107.05, 53.75, 0.007, 303.99, 33.62);
insert into SHOT values (146, 146, 147, 71, 1.600, 189.57, -23.10, 1.599, 189.40, -23.20, 0.005, 75.54, -24.79);
insert into SHOT values (147, 147, 148, 71, 3.600, 86.17, -4.10, 3.597, 86.16, -4.14, 0.004, 276.30, -43.03);
insert into SHOT values (148, 148, 149, 71, 1.230, 114.97, -5.70, 1.232, 115.10, -5.59, 0.004, 171.25, 33.08);
insert into SHOT values (149, 149, 150, 71, 2.450, 63.67, 4.70, 2.450, 63.75, 4.68, 0.003, 152.64, -12.82);
insert into SHOT values (150, 150, 151, 71, 2.380, 113.37, -9.50, 2.375, 113.39, -9.45, 0.006, 284.37, 29.86);
insert into SHOT values (151, 151, 152, 71, 2.630, 19.77, -17.80, 2.636, 19.81, -17.90, 0.008, 39.34, -52.81);
insert into SHOT values (152, 152, 153, 71, 0.890, 337.17, 15.40, 0.889, 337.33, 15.66, 0.005, 106.24, 50.58);
insert into SHOT values (153, 153, 154, 71, 2.790, 16.07, 9.70, 2.787, 16.06, 9.71, 0.003, 207.80, -1.65);
insert into SHOT values (154, 154, 155, 71, 2.390, 26.07, 36.10, 2.395, 26.04, 36.06, 0.006, 13.17, 18.13);
insert into SHOT values (155, 155, 156, 71, 4.750, 5.67, 44.00, 4.750, 5.71, 44.00, 0.002, 93.33, 9.32);
insert into SHOT values (156, 142, 157, 71, 0.000, 3.87, 0.00, 0.000, 90.00, 0.00, 0.000, 90.00, 0.00);
insert into SHOT values (157, 157, 158, 71, 3.310, 205.77, -13.80, 3.312, 205.61, -13.80, 0.009, 124.72, -2.80);
insert into SHOT values (158, 158, 159, 71, 4.130, 189.87, -65.60, 4.129, 190.12, -65.59, 0.008, 276.54, 8.49);
insert into SHOT values (159, 152, 160, 71, 0.000, 3.87, 0.00, 0.000, 90.00, 0.00, 0.000, 90.00, 0.00);
insert into SHOT values (160, 160, 161, 71, 0.590, 200.67, 3.70, 0.590, 200.90, 3.89, 0.003, 291.84, 39.76);
insert into SHOT values (161, 161, 162, 71, 10.390, 226.77, -89.20, 10.391, 225.00, -89.22, 0.006, 96.44, -10.01);
insert into SHOT values (162, 152, 163, 71, 0.000, 3.87, 0.00, 0.000, 90.00, 0.00, 0.000, 90.00, 0.00);
insert into SHOT values (163, 163, 164, 71, 1.680, 131.27, -17.10, 1.682, 131.22, -16.94, 0.005, 104.07, 50.73);
insert into SHOT values (164, 164, 165, 71, 2.350, 72.27, 6.50, 2.345, 72.26, 6.37, 0.007, 256.69, -55.56);
insert into SHOT values (165, 165, 166, 71, 1.400, 104.97, 4.90, 1.402, 104.93, 4.91, 0.003, 81.35, 9.45);
insert into SHOT values (166, 145, 167, 71, 0.000, 3.87, 0.00, 0.000, 90.00, 0.00, 0.000, 90.00, 0.00);
insert into SHOT values (167, 167, 168, 71, 2.410, 252.87, -18.50, 2.416, 252.99, -18.58, 0.008, 297.47, -38.55);
insert into SHOT values (168, 168, 169, 71, 3.520, 58.07, -18.70, 3.516, 58.12, -18.58, 0.009, 176.14, 69.07);
insert into SHOT values (169, 169, 170, 71, 1.830, 15.07, -44.60, 1.835, 15.10, -44.67, 0.006, 32.61, -66.89);
insert into SHOT values (170, 170, 171, 71, 3.260, 20.87, -31.10, 3.261, 20.96, -31.01, 0.007, 72.12, 34.29);
insert into SHOT values (171, 171, 172, 71, 1.510, 303.37, 4.40, 1.513, 303.37, 4.17, 0.007, 304.10, -60.87);
insert into SHOT values (172, 172, 173, 71, 5.840, 81.37, -26.70, 5.839, 81.40, -26.66, 0.005, 146.53, 51.78);
insert into SHOT values (173, 173, 174, 71, 3.170, 358.47, -39.10, 3.171, 358.37, -39.10, 0.005, 280.34, -9.56);
insert into SHOT values (174, 174, 175, 71, 4.160, 90.67, -16.40, 4.158, 90.72, -16.34, 0.006, 188.49, 54.88);
insert into SHOT values (175, 175, 176, 71, 4.830, 63.07, -31.50, 4.834, 63.00, -31.56, 0.008, 340.67, -50.08);
insert into SHOT values (176, 176, 177, 71, 3.300, 337.87, -81.00, 3.299, 337.99, -81.16, 0.009, 151.55, -3.85);
insert into SHOT values (177, 177, 178, 71, 2.340, 74.47, -23.20, 2.338, 74.35, -23.17, 0.005, 331.73, 20.77);
insert into SHOT values (178, 178, 179, 71, 2.290, 281.37, -59.60, 2.283, 281.50, -59.66, 0.008, 76.14, 39.54);
insert into SHOT values (179, 179, 180, 71, 0.000, 3.87, 0.00, 0.000, 90.00, 0.00, 0.000, 90.00, 0.00);
insert into SHOT values (180, 180, 181, 71, 4.340, 293.77, -0.10, 4.348, 293.74, -0.13, 0.009, 273.61, -16.37);
insert into SHOT values (181, 181, 182, 71, 2.000, 271.77, 10.00, 1.990, 271.75, 9.84, 0.011, 96.08, -39.91);
insert into SHOT values (182, 182, 183, 71, 2.050, 307.17, -20.30, 2.055, 306.99, -20.22, 0.008, 257.89, 8.49);
insert into SHOT values (183, 177, 184, 71, 0.000, 3.87, 0.00, 0.000, 90.00, 0.00, 0.000, 90.00, 0.00);
insert into SHOT values (184, 184, 185, 71, 5.430, 109.67, -11.80, 5.426, 109.70, -11.81, 0.005, 262.56, 4.68);
insert into SHOT values (185, 185, 186, 71, 1.200, 246.37, 20.90, 1.195, 246.19, 21.09, 0.007, 95.64, 15.08);
insert into SHOT values (186, 186, 187, 71, 3.420, 107.37, -14.00, 3.414, 107.40, -14.07, 0.008, 276.66, -20.34);
insert into SHOT values (187, 179, 188, 71, 1.460, 91.97, -5.40, 1.458, 91.97, -5.51, 0.004, 270.66, -44.37);
insert into SHOT values (188, 188, 189, 71, 2.160, 19.27, -4.10, 2.157, 19.28, -4.25, 0.007, 196.54, -55.01);
insert into SHOT values (189, 189, 190, 71, 2.200, 53.37, -2.60, 2.196, 53.34, -2.61, 0.004, 252.40, -2.93);
insert into CENTRELINE values (72, 69, NULL, '2020-07-31', '2020-01-01', 126.83, 0.00, 0.00);
 insert into PERSON values (8, 'David', 'Cantalupi');
insert into TOPO values (8, 72);
 insert into TOPO values (1, 72);
 insert into TOPO values (2, 72);
 insert into EXPLO values (3, 72);
 insert into SHOT values (190, 191, 192, 72, 0.000, 4.03, 0.00, 0.000, 90.00, 0.00, 0.000, 90.00, 0.00);
insert into SHOT values (191, 191, 193, 72, 0.000, 4.03, 0.00, 0.000, 90.00, 0.00, 0.000, 90.00, 0.00);
insert into SHOT values (192, 191, 194, 72, 4.040, 345.03, -20.00, 4.041, 345.05, -19.97, 0.003, 8.89, 35.80);
insert into SHOT values (193, 194, 195, 72, 2.240, 297.43, 12.10, 2.246, 297.38, 12.08, 0.006, 278.35, 4.23);
insert into SHOT values (194, 195, 196, 72, 1.920, 345.13, 18.90, 1.922, 345.35, 18.82, 0.008, 54.41, -14.53);
insert into SHOT values (195, 196, 197, 72, 2.660, 12.83, 11.80, 2.659, 12.65, 11.72, 0.009, 278.57, -25.03);
insert into SHOT values (196, 197, 198, 72, 3.310, 306.43, 2.70, 3.308, 306.38, 2.77, 0.005, 178.93, 48.35);
insert into SHOT values (197, 198, 199, 72, 1.880, 348.73, -49.40, 1.881, 349.15, -49.49, 0.009, 89.25, -15.91);
insert into SHOT values (198, 199, 200, 72, 2.930, 5.03, 38.20, 2.926, 4.99, 38.22, 0.005, 209.16, -24.69);
insert into SHOT values (199, 200, 201, 72, 1.240, 269.93, -11.10, 1.243, 270.00, -11.13, 0.004, 293.59, -20.04);
insert into SHOT values (200, 201, 202, 72, 1.500, 355.13, 8.10, 1.500, 354.98, 8.05, 0.004, 274.48, -18.46);
insert into SHOT values (201, 202, 203, 72, 7.750, 343.43, 0.60, 7.749, 343.51, 0.67, 0.013, 77.65, 42.21);
insert into SHOT values (202, 203, 204, 72, 0.000, 4.03, 2.00, 0.000, 90.00, 0.00, 0.000, 90.00, 0.00);
insert into SHOT values (203, 204, 205, 72, 2.910, 259.43, 2.00, 2.910, 259.50, 1.97, 0.004, 341.67, -24.37);
insert into SHOT values (204, 203, 206, 72, 12.060, 351.03, -1.00, 12.059, 351.03, -1.00, 0.001, 224.12, 22.31);
insert into SHOT values (205, 206, 207, 72, 0.000, 4.03, 0.00, 0.000, 90.00, 0.00, 0.000, 90.00, 0.00);
insert into SHOT values (206, 207, 208, 72, 5.230, 278.43, -16.50, 5.232, 278.49, -16.55, 0.006, 5.01, -45.63);
insert into SHOT values (207, 208, 209, 72, 3.800, 296.03, -2.70, 3.806, 295.89, -2.71, 0.011, 237.36, -5.11);
insert into SHOT values (208, 206, 210, 72, 0.000, 4.03, 0.00, 0.000, 90.00, 0.00, 0.000, 90.00, 0.00);
insert into SHOT values (209, 210, 211, 72, 10.600, 172.53, 46.00, 10.595, 172.59, 45.99, 0.008, 278.07, -36.27);
insert into SHOT values (210, 211, 212, 72, 5.180, 254.33, 48.00, 5.176, 254.24, 48.05, 0.008, 118.99, 3.48);
insert into SHOT values (211, 212, 213, 72, 1.850, 196.03, -7.20, 1.847, 196.16, -7.15, 0.005, 322.85, 20.36);
insert into SHOT values (212, 213, 214, 72, 5.540, 273.03, 80.50, 5.536, 273.14, 80.52, 0.005, 62.56, -49.20);
insert into SHOT values (213, 214, 215, 72, 5.690, 252.03, 16.00, 5.698, 252.03, 15.99, 0.008, 247.70, 11.93);
insert into SHOT values (214, 215, 216, 72, 0.000, 4.03, 0.00, 0.000, 90.00, 0.00, 0.000, 90.00, 0.00);
insert into SHOT values (215, 216, 217, 72, 6.890, 157.03, 48.00, 6.887, 157.00, 48.02, 0.005, 13.19, -3.05);
insert into SHOT values (216, 215, 218, 72, 1.580, 257.03, 7.00, 1.581, 257.11, 6.90, 0.004, 316.58, -44.92);
insert into SHOT values (217, 218, 219, 72, 5.600, 223.03, -4.60, 5.600, 223.04, -4.61, 0.001, 279.46, -52.46);
insert into SHOT values (218, 219, 220, 72, 3.650, 108.23, 19.60, 3.657, 108.28, 19.66, 0.008, 134.49, 43.89);
insert into SHOT values (219, 220, 221, 72, 4.970, 221.53, 53.30, 4.965, 221.59, 53.29, 0.006, 350.59, -54.71);
insert into SHOT values (220, 221, 222, 72, 3.480, 260.03, -4.20, 3.481, 260.05, -4.12, 0.005, 290.18, 69.45);
insert into SHOT values (221, 222, 223, 72, 3.500, 250.03, 46.00, 3.498, 250.00, 46.08, 0.006, 87.91, 24.05);
insert into SHOT values (222, 223, 224, 72, 3.750, 246.03, -1.50, 3.753, 246.10, -1.53, 0.006, 301.07, -19.40);
insert into SHOT values (223, 224, 225, 72, 3.970, 258.53, -2.30, 3.973, 258.52, -2.31, 0.003, 238.08, -13.67);
insert into SHOT values (224, 225, 226, 72, 1.720, 280.23, 10.50, 1.715, 280.24, 10.41, 0.006, 96.39, -38.59);
insert into SHOT values (225, 226, 152, 72, 0.000, 4.03, 0.00, 0.000, 90.00, 0.00, 0.000, 90.00, 0.00);
insert into SHOT values (226, 202, 227, 72, 0.000, 4.03, 0.00, 0.000, 90.00, 0.00, 0.000, 90.00, 0.00);
insert into SHOT values (227, 227, 228, 72, 5.390, 246.33, 0.00, 5.382, 246.34, 0.00, 0.008, 62.15, 0.00);
insert into CENTRELINE values (73, 69, NULL, '2023-07-20', '2020-01-01', 42.95, 0.00, 0.00);
 insert into TOPO values (2, 73);
 insert into PERSON values (9, 'Janet', 'Saumet');
insert into TOPO values (9, 73);
 insert into EXPLO values (3, 73);
 insert into SHOT values (228, 193, 229, 73, 5.990, 76.02, -11.50, 5.986, 75.99, -11.56, 0.008, 287.34, -43.34);
insert into SHOT values (229, 229, 230, 73, 7.160, 86.52, -3.80, 7.159, 86.47, -3.76, 0.008, 350.12, 35.84);
insert into SHOT values (230, 230, 231, 73, 9.150, 77.82, -4.40, 9.151, 77.85, -4.39, 0.006, 154.70, 19.58);
insert into SHOT values (231, 231, 232, 73, 2.140, 93.42, -7.30, 2.141, 93.51, -7.24, 0.004, 161.85, 28.02);
insert into SHOT values (232, 232, 233, 73, 5.210, 72.92, -4.50, 5.207, 72.86, -4.52, 0.007, 312.25, -10.67);
insert into SHOT values (233, 233, 234, 73, 3.300, 85.92, 3.50, 3.304, 86.00, 3.47, 0.006, 134.53, -13.00);
insert into SHOT values (234, 234, 235, 73, 10.000, 84.52, 0.00, 9.996, 84.49, 0.00, 0.006, 318.16, 0.00);
insert into SURVEY values (76, 54, 'Gouffre_Chimelle', 'Gouffre_Chimelle.Flaine_Plate', 'Gouffre Chimelle');
 insert into CENTRELINE values (77, 76, NULL, NULL, NULL, 0.00, 0.00, 0.00);
 insert into SURVEY values (78, 76, 'Gouffre_Chimelle', 'Gouffre_Chimelle.Gouffre_Chimelle.Flaine_Plate', 'Gouffre Chimelle');
 insert into CENTRELINE values (79, 78, NULL, NULL, NULL, 0.00, 0.00, 0.00);
 insert into CENTRELINE values (80, 78, NULL, '2021-07-25', '2021-01-01', 98.68, 0.00, 0.00);
 insert into TOPO values (4, 80);
 insert into PERSON values (10, 'Sevan', 'Retif');
insert into TOPO values (10, 80);
 insert into PERSON values (11, 'Luna', 'Valentin');
insert into TOPO values (11, 80);
 insert into EXPLO values (3, 80);
 insert into SHOT values (235, 236, 237, 80, 0.000, 4.19, 0.00, 0.000, 90.00, 0.00, 0.000, 90.00, 0.00);
insert into SHOT values (236, 236, 238, 80, 0.000, 4.19, 0.00, 0.000, 90.00, 0.00, 0.000, 90.00, 0.00);
insert into SHOT values (237, 239, 240, 80, 24.600, 54.19, 87.60, 24.591, 54.14, 87.61, 0.010, 243.95, -54.21);
insert into SHOT values (238, 240, 241, 80, 3.700, 44.99, 68.80, 3.700, 45.30, 68.82, 0.007, 147.38, 3.12);
insert into SHOT values (239, 241, 242, 80, 6.740, 21.89, 43.00, 6.747, 21.89, 42.98, 0.007, 16.50, 27.16);
insert into SHOT values (240, 242, 243, 80, 27.000, 185.49, 85.10, 26.999, 185.46, 85.09, 0.005, 169.13, -16.67);
insert into SHOT values (241, 243, 244, 80, 4.230, 194.49, 29.40, 4.233, 194.45, 29.43, 0.005, 130.93, 47.82);
insert into SHOT values (242, 244, 245, 80, 10.720, 42.89, 85.90, 10.718, 42.37, 85.87, 0.009, 348.75, -16.50);
insert into SHOT values (243, 245, 246, 80, 5.120, 198.89, 72.16, 5.118, 198.90, 72.08, 0.007, 199.00, -31.15);
insert into SHOT values (244, 246, 247, 80, 14.480, 190.69, 73.50, 14.486, 190.65, 73.51, 0.007, 70.86, 61.78);
insert into SHOT values (245, 247, 238, 80, 2.090, 312.89, 64.20, 2.090, 312.78, 64.10, 0.004, 283.37, -24.26);
insert into SURVEY values (83, 54, 'Grotte_de_Monthieu', 'Grotte_de_Monthieu.Flaine_Plate', 'Gouffre de Monthieu');
 insert into CENTRELINE values (84, 83, NULL, NULL, NULL, 0.00, 0.00, 0.00);
 insert into SURVEY values (85, 83, 'Grotte_de_Monthieu', 'Grotte_de_Monthieu.Grotte_de_Monthieu.Flaine_Plate', 'Grotte de Monthieu');
 insert into CENTRELINE values (86, 85, NULL, NULL, NULL, 0.00, 0.00, 0.00);
 insert into CENTRELINE values (87, 85, NULL, '2021-07-22', '2021-01-01', 54.62, 0.00, 0.00);
 insert into PERSON values (12, 'Laurent', 'Cadhilac');
insert into TOPO values (12, 87);
 insert into PERSON values (13, 'Laurence', 'Tanguille');
insert into TOPO values (13, 87);
 insert into EXPLO values (3, 87);
 insert into PERSON values (14, 'S.S.S.', 'Geneve');
insert into EXPLO values (14, 87);
 insert into SHOT values (246, 248, 249, 87, 0.000, 4.19, 0.00, 0.000, 90.00, 0.00, 0.000, 90.00, 0.00);
insert into SHOT values (247, 248, 250, 87, 5.230, 56.49, 45.40, 5.227, 56.44, 45.37, 0.005, 324.20, -48.57);
insert into SHOT values (248, 248, 251, 87, 5.280, 270.19, -37.00, 5.284, 270.27, -37.00, 0.007, 330.76, -20.08);
insert into SHOT values (249, 251, 252, 87, 2.140, 79.19, 37.00, 2.142, 79.22, 37.03, 0.002, 109.85, 58.29);
insert into SHOT values (250, 252, 253, 87, 2.490, 4.19, 90.00, 2.490, 90.00, 90.00, 0.000, 4.19, -87.72);
insert into SHOT values (251, 253, 254, 87, 5.700, 149.19, -21.90, 5.708, 149.22, -21.91, 0.009, 169.14, -27.28);
insert into SHOT values (252, 254, 255, 87, 2.030, 16.79, 24.00, 2.037, 16.88, 24.05, 0.008, 42.43, 34.81);
insert into SHOT values (253, 251, 256, 87, 2.700, 203.19, -30.70, 2.704, 203.04, -30.69, 0.008, 144.32, -11.68);
insert into SHOT values (254, 256, 257, 87, 6.900, 169.19, -90.00, 6.900, 90.00, -90.00, 0.000, 169.19, -75.11);
insert into SHOT values (255, 257, 258, 87, 16.300, 176.19, -9.20, 16.294, 176.19, -9.18, 0.008, 20.21, 49.72);
insert into SHOT values (256, 258, 259, 87, 2.190, 116.19, 51.00, 2.185, 116.38, 51.07, 0.007, 256.09, -15.81);
insert into SHOT values (257, 259, 260, 87, 3.660, 212.19, -30.00, 3.654, 212.08, -30.05, 0.009, 75.02, 0.00);
insert into SURVEY values (90, 54, 'L_oeil_central_des_3_yeux', 'L_oeil_central_des_3_yeux.Flaine_Plate', 'L''oeil central des 3 yeux');
 insert into CENTRELINE values (91, 90, NULL, NULL, NULL, 0.00, 0.00, 0.00);
 insert into SURVEY values (92, 90, 'oeil_central_des_3_yeux', 'oeil_central_des_3_yeux.L_oeil_central_des_3_yeux.Flaine_Plate', 'L''oeil central des 3 yeux');
 insert into CENTRELINE values (93, 92, NULL, NULL, NULL, 0.00, 0.00, 0.00);
 insert into CENTRELINE values (94, 92, NULL, '2018-07-26', '2018-01-01', 63.20, 0.00, 0.00);
 insert into TOPO values (1, 94);
 insert into TOPO values (2, 94);
 insert into EXPLO values (3, 94);
 insert into SHOT values (258, 261, 262, 94, 0.000, 3.72, 0.00, 0.000, 90.00, 0.00, 0.000, 90.00, 0.00);
insert into SHOT values (259, 261, 263, 94, 0.000, 3.72, 0.00, 0.000, 90.00, 0.00, 0.000, 90.00, 0.00);
insert into SHOT values (260, 263, 264, 94, 5.590, 52.82, 10.40, 5.803, 53.53, 9.72, 0.234, 70.55, -7.13);
insert into SHOT values (261, 264, 265, 94, 10.150, 73.22, -3.90, 10.381, 73.16, -4.14, 0.236, 70.33, -14.66);
insert into SHOT values (262, 265, 266, 94, 9.500, 66.22, 0.30, 9.497, 66.22, 0.30, 0.003, 263.39, 4.29);
insert into SHOT values (263, 266, 267, 94, 5.050, 70.42, 2.30, 5.055, 70.45, 2.38, 0.009, 98.79, 51.27);
insert into SHOT values (264, 267, 268, 94, 1.600, 117.02, 33.80, 1.595, 116.95, 33.91, 0.006, 312.43, -0.70);
insert into SHOT values (265, 268, 269, 94, 3.600, 69.42, 2.40, 3.601, 69.50, 2.39, 0.005, 147.95, -8.50);
insert into SHOT values (266, 265, 270, 94, 0.000, 3.72, 0.00, 0.054, 68.20, 0.00, 0.054, 68.20, 0.00);
insert into SHOT values (267, 270, 271, 94, 3.050, 291.62, -23.70, 2.895, 293.06, -24.71, 0.177, 89.69, 5.17);
insert into SHOT values (268, 271, 272, 94, 2.900, 325.52, -1.00, 2.839, 327.37, -1.41, 0.113, 90.11, -9.87);
insert into SHOT values (269, 272, 273, 94, 0.650, 181.32, -5.50, 0.575, 174.99, -5.99, 0.101, 40.19, 1.31);
insert into SHOT values (270, 273, 274, 94, 5.760, 272.82, -2.60, 5.550, 273.72, -3.10, 0.234, 70.52, -9.54);
insert into SHOT values (271, 274, 275, 94, 5.070, 247.92, 6.10, 4.835, 247.76, 6.06, 0.236, 71.32, -7.01);
insert into SHOT values (272, 275, 276, 94, 3.050, 235.72, -19.60, 2.853, 235.06, -20.52, 0.206, 64.39, 6.46);
insert into SHOT values (273, 276, 277, 94, 2.130, 200.02, 17.60, 1.990, 198.15, 17.85, 0.154, 44.33, -12.75);
insert into SHOT values (274, 277, 278, 94, 5.100, 157.72, 15.10, 5.109, 155.61, 14.74, 0.184, 71.99, -8.91);
insert into SHOT values (275, 278, 263, 94, 0.000, 3.72, 0.00, 0.064, 71.57, -8.98, 0.064, 71.57, -8.98);
insert into SURVEY values (97, 54, 'Gouffre_du_Colonney', 'Gouffre_du_Colonney.Flaine_Plate', 'Gouffre du Colonney');
 insert into CENTRELINE values (98, 97, NULL, NULL, NULL, 0.00, 0.00, 0.00);
 insert into SURVEY values (99, 97, 'Colonney_Entree', 'Colonney_Entree.Gouffre_du_Colonney.Flaine_Plate', 'Gouffre du Colonney');
 insert into CENTRELINE values (100, 99, NULL, NULL, NULL, 0.00, 0.00, 0.00);
 insert into CENTRELINE values (101, 99, NULL, '2024-07-15', '2024-01-01', 101.36, 0.00, 0.00);
 insert into PERSON values (15, 'William', 'Gros');
insert into TOPO values (15, 101);
 insert into TOPO values (6, 101);
 insert into PERSON values (16, 'Pierre', 'Maleysson');
insert into TOPO values (16, 101);
 insert into PERSON values (17, 'Alexandre', 'Pont');
insert into TOPO values (17, 101);
 insert into EXPLO values (3, 101);
 insert into PERSON values (18, NULL, 'GEKHA');
insert into EXPLO values (18, 101);
 insert into SHOT values (276, 279, 280, 101, 1.730, 271.98, -20.20, 1.729, 272.12, -20.31, 0.005, 33.78, -29.17);
insert into SHOT values (277, 280, 281, 101, 9.130, 316.08, -80.80, 9.128, 315.83, -80.77, 0.008, 259.11, 18.60);
insert into SHOT values (278, 281, 282, 101, 1.440, 168.58, -1.20, 1.440, 168.38, -1.19, 0.005, 76.55, 1.78);
insert into SHOT values (279, 281, 283, 101, 1.520, 100.38, 6.40, 1.524, 100.27, 6.41, 0.005, 62.91, 6.87);
insert into SHOT values (280, 281, 284, 101, 1.150, 346.28, -7.30, 1.152, 346.33, -7.48, 0.004, 16.54, -63.26);
insert into SHOT values (281, 281, 285, 101, 1.680, 137.38, -60.90, 1.684, 136.97, -60.82, 0.007, 79.72, -16.74);
insert into SHOT values (282, 281, 286, 101, 1.990, 50.58, -67.80, 1.989, 51.46, -67.71, 0.012, 129.21, 11.87);
insert into SHOT values (283, 281, 287, 101, 6.190, 345.88, -72.40, 6.188, 346.04, -72.46, 0.008, 127.69, 1.71);
insert into SHOT values (284, 287, 288, 101, 1.710, 303.28, 7.30, 1.712, 303.22, 7.38, 0.003, 250.67, 51.82);
insert into SHOT values (285, 287, 289, 101, 3.070, 276.78, 3.00, 3.075, 276.73, 2.98, 0.006, 251.36, -6.43);
insert into SHOT values (286, 287, 290, 101, 2.320, 225.88, 0.70, 2.320, 226.05, 0.74, 0.007, 317.04, 13.63);
insert into SHOT values (287, 287, 291, 101, 1.560, 188.98, -1.20, 1.560, 189.22, -1.10, 0.007, 274.73, 22.05);
insert into SHOT values (288, 287, 292, 101, 5.600, 234.58, 80.30, 5.600, 234.96, 80.33, 0.007, 350.95, 0.50);
insert into SHOT values (289, 287, 293, 101, 3.730, 288.58, 59.40, 3.730, 288.72, 59.37, 0.005, 357.38, -6.43);
insert into SHOT values (290, 287, 294, 101, 4.080, 354.78, 84.50, 4.079, 354.14, 84.48, 0.005, 277.37, -15.27);
insert into SHOT values (291, 287, 295, 101, 1.810, 269.28, -52.30, 1.810, 269.48, -52.18, 0.005, 320.58, 22.61);
insert into SHOT values (292, 287, 296, 101, 2.270, 157.08, -38.00, 2.264, 157.18, -38.20, 0.010, 318.62, -13.67);
insert into SHOT values (293, 296, 297, 101, 0.890, 85.58, 81.40, 0.891, 85.91, 80.94, 0.007, 92.02, 0.05);
insert into SHOT values (294, 296, 298, 101, 1.460, 8.78, 46.60, 1.459, 9.18, 46.59, 0.007, 101.44, -6.48);
insert into SHOT values (295, 296, 299, 101, 0.950, 8.78, 11.60, 0.942, 9.36, 11.64, 0.013, 140.59, -4.67);
insert into SHOT values (296, 296, 300, 101, 1.370, 37.88, -84.90, 1.365, 41.63, -84.94, 0.009, 139.54, 29.62);
insert into SHOT values (297, 296, 301, 101, 1.150, 270.28, 8.00, 1.141, 270.00, 8.06, 0.010, 122.26, -0.27);
insert into SHOT values (298, 296, 302, 101, 2.470, 268.78, 22.40, 2.467, 268.74, 22.40, 0.004, 113.49, -20.14);
insert into SHOT values (299, 296, 303, 101, 0.840, 293.78, -5.40, 0.832, 293.47, -5.52, 0.009, 143.75, -6.07);
insert into SHOT values (300, 296, 304, 101, 6.860, 109.58, -32.70, 6.859, 109.63, -32.64, 0.008, 169.39, 47.34);
insert into SHOT values (301, 304, 305, 101, 0.520, 354.18, -10.00, 0.520, 354.40, -9.96, 0.002, 74.40, 8.41);
insert into SHOT values (302, 304, 306, 101, 0.470, 343.68, 50.40, 0.469, 344.58, 50.12, 0.005, 59.34, -23.74);
insert into SHOT values (303, 304, 307, 101, 2.540, 59.28, -9.20, 2.544, 59.35, -9.27, 0.006, 100.93, -40.21);
insert into SHOT values (304, 304, 308, 101, 2.060, 299.48, 3.10, 2.058, 299.43, 3.06, 0.003, 163.40, -30.71);
insert into SHOT values (305, 304, 309, 101, 3.830, 280.98, 14.80, 3.824, 281.07, 14.69, 0.011, 47.29, -49.99);
insert into SHOT values (306, 304, 310, 101, 2.310, 254.78, 8.50, 2.306, 254.74, 8.48, 0.005, 92.56, -17.78);
insert into SHOT values (307, 304, 311, 101, 1.880, 264.98, 40.50, 1.876, 265.17, 40.57, 0.007, 38.60, -8.37);
insert into SHOT values (308, 304, 312, 101, 2.210, 294.88, 30.90, 2.208, 294.94, 30.78, 0.005, 8.70, -65.68);
insert into SHOT values (309, 304, 313, 101, 3.280, 56.68, -22.30, 3.287, 56.68, -22.35, 0.007, 54.63, -46.36);
insert into SHOT values (310, 313, 314, 101, 0.430, 98.18, 12.70, 0.426, 98.33, 13.57, 0.008, 266.49, 46.31);
insert into SHOT values (311, 313, 315, 101, 0.750, 128.58, 57.10, 0.753, 129.09, 56.80, 0.006, 165.58, 2.65);
insert into SHOT values (312, 313, 316, 101, 0.750, 202.78, 37.00, 0.747, 202.69, 37.05, 0.003, 40.28, -24.70);
insert into SHOT values (313, 313, 317, 101, 2.070, 250.38, 7.50, 2.067, 250.33, 7.50, 0.003, 105.35, -3.34);
insert into SHOT values (314, 313, 318, 101, 5.190, 239.98, 17.30, 5.189, 239.97, 17.26, 0.004, 152.44, -74.18);
insert into SHOT values (315, 313, 319, 101, 1.850, 228.28, 15.60, 1.853, 228.18, 15.65, 0.005, 180.41, 30.87);
insert into SHOT values (316, 313, 320, 101, 1.380, 198.38, -85.90, 1.374, 196.70, -85.64, 0.009, 170.11, 45.03);
insert into SHOT values (317, 313, 321, 101, 1.600, 194.28, -18.20, 1.608, 194.40, -18.12, 0.009, 216.08, -1.75);
insert into SHOT values (318, 313, 322, 101, 3.380, 173.48, -34.00, 3.385, 173.46, -33.94, 0.006, 163.39, 0.66);
insert into SHOT values (319, 322, 323, 101, 1.020, 241.98, -2.30, 1.021, 241.93, -2.25, 0.002, 193.66, 37.11);
insert into SHOT values (320, 322, 324, 101, 0.810, 227.68, 49.20, 0.804, 228.09, 49.34, 0.007, 11.89, -26.02);
insert into SHOT values (321, 322, 325, 101, 0.670, 196.48, 79.60, 0.670, 199.98, 79.94, 0.008, 316.42, 6.96);
insert into SHOT values (322, 322, 326, 101, 1.700, 324.68, 51.90, 1.705, 324.65, 51.80, 0.006, 319.34, 22.13);
insert into SHOT values (323, 322, 327, 101, 0.610, 199.88, -77.30, 0.604, 202.62, -77.57, 0.009, 324.27, 33.98);
insert into SHOT values (324, 322, 328, 101, 1.300, 208.48, -25.80, 1.299, 208.53, -25.53, 0.006, 237.30, 68.75);
insert into SHOT values (325, 322, 329, 101, 2.010, 166.88, -18.60, 2.004, 166.91, -18.62, 0.006, 335.18, 10.78);
insert into SHOT values (326, 329, 330, 101, 0.750, 173.58, 3.00, 0.755, 173.91, 3.04, 0.007, 213.26, 6.23);
insert into SHOT values (327, 329, 331, 101, 0.920, 81.98, 13.50, 0.925, 82.32, 13.76, 0.008, 139.14, 39.37);
insert into SHOT values (328, 329, 332, 101, 0.890, 96.78, 60.60, 0.892, 96.63, 60.97, 0.006, 292.25, 48.00);
insert into SHOT values (329, 329, 333, 101, 0.590, 199.78, 23.00, 0.588, 199.44, 23.04, 0.004, 74.40, -7.70);
insert into SHOT values (330, 329, 334, 101, 1.010, 129.78, -16.70, 1.008, 129.96, -16.72, 0.004, 253.50, 3.71);
insert into SHOT values (331, 329, 335, 101, 1.180, 26.38, 9.80, 1.180, 26.57, 9.76, 0.004, 116.87, -12.67);
insert into SHOT values (332, 329, 336, 101, 1.330, 12.48, 28.60, 1.331, 12.37, 28.74, 0.004, 266.83, 55.07);
insert into SHOT values (333, 329, 337, 101, 1.360, 334.78, -6.30, 1.359, 334.57, -6.34, 0.005, 233.79, -8.74);
insert into SHOT values (334, 329, 338, 101, 1.710, 358.08, -47.30, 1.713, 358.03, -47.35, 0.004, 311.38, -65.38);
insert into SHOT values (335, 329, 339, 101, 1.190, 277.88, -74.80, 1.192, 277.35, -74.79, 0.003, 198.74, -29.12);
insert into SHOT values (336, 329, 340, 101, 8.870, 197.68, -84.90, 8.865, 197.74, -84.90, 0.005, 336.56, 74.38);
insert into SHOT values (337, 340, 341, 101, 0.740, 244.98, 15.60, 0.741, 245.22, 14.86, 0.010, 289.27, -63.98);
insert into SHOT values (338, 340, 342, 101, 1.130, 168.38, 9.20, 1.138, 168.19, 9.10, 0.009, 144.33, -4.18);
insert into SHOT values (339, 340, 343, 101, 1.610, 94.88, 10.60, 1.612, 95.06, 10.36, 0.009, 149.25, -44.47);
insert into SHOT values (340, 340, 344, 101, 1.750, 27.78, 9.00, 1.752, 27.90, 8.86, 0.006, 80.36, -39.97);
insert into SHOT values (341, 340, 345, 101, 3.500, 7.48, 53.10, 3.490, 7.40, 53.07, 0.010, 224.63, -60.44);
insert into SHOT values (342, 340, 346, 101, 2.740, 11.08, 46.30, 2.734, 11.01, 46.41, 0.009, 206.03, -6.17);
insert into SHOT values (343, 340, 347, 101, 6.800, 231.38, 77.20, 6.799, 231.46, 77.18, 0.003, 276.14, -18.86);
insert into SHOT values (344, 340, 348, 101, 2.570, 84.98, 19.90, 2.571, 85.02, 19.78, 0.006, 118.51, -56.94);
insert into SHOT values (345, 348, 349, 101, 1.360, 124.98, -3.60, 1.360, 125.10, -3.80, 0.005, 228.61, -58.35);
insert into SHOT values (346, 348, 350, 101, 1.720, 22.08, 46.40, 1.722, 21.80, 46.54, 0.007, 278.17, 36.77);
insert into SHOT values (347, 348, 351, 101, 7.460, 289.58, 86.00, 7.458, 289.13, 86.01, 0.005, 176.17, -22.58);
insert into SHOT values (348, 348, 352, 101, 2.820, 289.08, 4.00, 2.822, 289.08, 4.06, 0.004, 287.87, 65.84);
insert into SHOT values (349, 348, 353, 101, 3.100, 263.08, 6.40, 3.102, 263.11, 6.48, 0.005, 304.35, 64.32);
insert into SHOT values (350, 348, 354, 101, 1.950, 339.38, -77.00, 1.950, 338.68, -76.96, 0.006, 264.29, 0.22);
insert into SHOT values (351, 348, 355, 101, 0.900, 353.08, -8.70, 0.898, 352.87, -8.97, 0.006, 221.54, -42.45);
insert into SHOT values (352, 348, 356, 101, 2.540, 10.28, -18.60, 2.541, 10.28, -18.59, 0.001, 17.74, 6.51);
insert into SHOT values (353, 356, 357, 101, 0.420, 103.88, 0.70, 0.422, 103.71, 1.36, 0.005, 72.09, 63.67);
insert into SHOT values (354, 356, 358, 101, 1.230, 277.08, 20.10, 1.232, 276.94, 19.93, 0.005, 237.64, -31.53);
insert into SHOT values (355, 356, 359, 101, 1.470, 318.48, 75.60, 1.465, 318.37, 75.73, 0.006, 147.82, -41.04);
insert into SHOT values (356, 356, 360, 101, 2.670, 47.58, 0.30, 2.669, 47.58, 0.21, 0.004, 222.94, -69.77);
insert into SHOT values (357, 356, 361, 101, 2.040, 24.48, 22.80, 2.039, 24.52, 22.80, 0.002, 154.40, -17.14);
insert into SHOT values (358, 356, 362, 101, 1.780, 348.68, 9.70, 1.781, 348.50, 9.70, 0.006, 265.74, 0.91);
insert into SHOT values (359, 356, 363, 101, 1.890, 318.28, 16.50, 1.892, 318.13, 16.59, 0.006, 236.99, 33.93);
insert into SHOT values (360, 356, 364, 101, 2.950, 55.28, -5.90, 2.947, 55.28, -5.84, 0.004, 234.27, 54.50);
insert into SHOT values (361, 356, 365, 101, 4.560, 294.48, 15.40, 4.558, 294.47, 15.39, 0.002, 146.57, -25.17);
insert into SHOT values (362, 365, 366, 101, 0.940, 176.58, 13.90, 0.940, 176.86, 14.16, 0.006, 280.80, 42.77);
insert into SHOT values (363, 365, 367, 101, 1.960, 51.18, 84.00, 1.961, 50.91, 83.97, 0.002, 13.60, 24.58);
insert into SHOT values (364, 365, 368, 101, 0.590, 6.38, 43.80, 0.588, 5.44, 44.18, 0.008, 246.36, 11.58);
insert into SHOT values (365, 365, 369, 101, 1.680, 6.48, 61.00, 1.681, 6.34, 61.00, 0.002, 290.71, 17.37);
insert into SHOT values (366, 365, 370, 101, 3.290, 283.28, 42.30, 3.295, 283.29, 42.35, 0.006, 302.14, 71.10);
insert into SHOT values (367, 365, 371, 101, 2.440, 109.98, 5.60, 2.438, 110.00, 5.65, 0.003, 262.85, 40.47);
insert into SHOT values (368, 365, 372, 101, 2.260, 93.58, 10.10, 2.260, 93.61, 10.19, 0.004, 210.22, 70.98);
insert into SHOT values (369, 365, 373, 101, 3.590, 32.18, -17.00, 3.581, 32.11, -17.05, 0.010, 235.55, -2.17);
insert into SHOT values (370, 365, 374, 101, 1.830, 86.68, -34.20, 1.830, 86.59, -34.25, 0.003, 336.42, -28.64);
insert into SHOT values (371, 365, 375, 101, 3.410, 21.68, 16.40, 3.410, 21.70, 16.35, 0.003, 85.27, -60.68);
insert into SHOT values (372, 375, 376, 101, 4.130, 342.78, 73.20, 4.137, 342.47, 73.20, 0.009, 268.35, 43.51);
insert into SHOT values (373, 375, 377, 101, 9.810, 287.48, 57.90, 9.813, 287.39, 57.87, 0.010, 233.01, -1.58);
insert into SHOT values (374, 375, 378, 101, 1.530, 222.28, 38.80, 1.534, 222.63, 38.75, 0.008, 285.81, 9.05);
insert into SHOT values (375, 375, 379, 101, 1.840, 345.78, 25.70, 1.844, 345.71, 25.71, 0.004, 316.23, 27.86);
insert into SHOT values (376, 375, 380, 101, 1.620, 295.58, 13.40, 1.628, 295.43, 13.49, 0.010, 267.26, 28.06);
insert into SHOT values (377, 375, 381, 101, 0.730, 340.98, -13.00, 0.729, 340.29, -12.67, 0.010, 253.31, 26.25);
insert into SHOT values (378, 375, 382, 101, 1.530, 9.18, 2.40, 1.531, 9.03, 2.62, 0.007, 283.38, 56.22);
insert into SHOT values (379, 375, 383, 101, 2.110, 222.58, -87.90, 2.102, 225.00, -87.69, 0.012, 248.24, 46.05);
insert into SHOT values (380, 375, 384, 101, 5.030, 303.68, 73.10, 5.038, 303.58, 73.10, 0.008, 254.74, 65.37);
insert into SHOT values (381, 365, 385, 101, 2.440, 270.58, 30.60, 2.439, 270.55, 30.56, 0.002, 175.23, -58.97);
insert into SHOT values (382, 385, 386, 101, 0.370, 159.58, 16.90, 0.368, 160.02, 17.39, 0.005, 296.72, 31.75);
insert into SHOT values (383, 385, 387, 101, 1.170, 15.38, 70.40, 1.177, 14.74, 70.51, 0.009, 291.08, 60.65);
insert into SHOT values (384, 385, 388, 101, 0.610, 300.88, -11.50, 0.617, 300.80, -11.21, 0.008, 294.73, 11.87);
insert into SHOT values (385, 385, 389, 101, 2.450, 162.18, -83.20, 2.448, 162.18, -83.10, 0.005, 162.31, 34.53);
insert into SHOT values (386, 385, 390, 101, 2.170, 66.88, 8.00, 2.164, 66.91, 8.24, 0.011, 238.84, 47.43);
insert into SHOT values (387, 385, 391, 101, 1.150, 43.98, 22.20, 1.155, 43.86, 22.39, 0.007, 9.49, 54.80);
insert into SHOT values (388, 385, 392, 101, 12.660, 349.28, 47.40, 12.662, 349.24, 47.40, 0.006, 273.08, 9.65);
insert into SHOT values (389, 385, 393, 101, 5.830, 357.38, -39.40, 5.830, 357.33, -39.40, 0.004, 265.37, 6.78);
insert into SHOT values (390, 348, 394, 101, 5.720, 109.78, -3.30, 5.716, 109.77, -3.31, 0.004, 303.93, -9.57);
insert into SHOT values (391, 394, 395, 101, 0.810, 30.18, 3.50, 0.804, 30.72, 3.56, 0.010, 158.17, 3.29);
insert into SHOT values (392, 394, 396, 101, 1.250, 82.38, 7.20, 1.251, 82.59, 7.35, 0.006, 169.71, 36.33);
insert into SHOT values (393, 394, 397, 101, 0.880, 122.38, 22.00, 0.882, 122.52, 21.96, 0.003, 162.96, 6.18);
insert into SHOT values (394, 394, 398, 101, 1.420, 79.38, 58.50, 1.419, 79.90, 58.50, 0.007, 173.55, -6.30);
insert into SHOT values (395, 394, 399, 101, 0.950, 8.98, 60.30, 0.952, 9.87, 60.64, 0.009, 126.95, 30.41);
insert into SHOT values (396, 394, 400, 101, 4.170, 130.18, -82.50, 4.167, 130.60, -82.37, 0.011, 154.86, 23.91);
insert into SHOT values (397, 394, 401, 101, 5.650, 109.28, -0.70, 5.649, 109.33, -0.71, 0.005, 210.57, -10.21);
insert into SHOT values (398, 401, 402, 101, 1.360, 126.18, 82.80, 1.361, 125.54, 82.74, 0.003, 75.58, 16.19);
insert into SHOT values (399, 401, 403, 101, 0.520, 43.38, 73.80, 0.522, 42.27, 73.44, 0.005, 4.50, 8.06);
insert into SHOT values (400, 401, 404, 101, 0.520, 211.68, 72.70, 0.523, 211.61, 73.02, 0.004, 37.17, 60.42);
insert into SHOT values (401, 401, 405, 101, 0.550, 35.08, 20.50, 0.550, 35.54, 20.21, 0.005, 112.08, -31.67);
insert into SHOT values (402, 401, 406, 101, 0.560, 216.78, 10.10, 0.559, 216.87, 10.30, 0.002, 3.46, 48.59);
insert into SHOT values (403, 401, 407, 101, 0.620, 254.08, 9.70, 0.614, 253.66, 10.31, 0.010, 107.06, 34.52);
insert into SHOT values (404, 401, 408, 101, 0.700, 333.58, 10.50, 0.701, 334.18, 10.69, 0.008, 60.00, 18.63);
insert into SHOT values (405, 401, 409, 101, 0.850, 214.58, -88.20, 0.850, 206.57, -88.49, 0.006, 68.96, -4.34);
insert into SHOT values (406, 401, 410, 101, 2.290, 221.48, -72.10, 2.290, 220.96, -72.16, 0.007, 113.42, -7.17);
insert into SHOT values (407, 401, 411, 101, 4.280, 124.78, 0.10, 4.283, 124.73, 0.13, 0.005, 73.29, 27.75);
insert into SHOT values (408, 411, 412, 101, 0.480, 320.68, 76.70, 0.482, 318.81, 77.26, 0.006, 180.30, 27.91);
insert into SHOT values (409, 411, 413, 101, 0.390, 11.38, 38.30, 0.389, 11.31, 38.11, 0.002, 263.18, -77.18);
insert into SHOT values (410, 411, 414, 101, 0.670, 222.48, 17.00, 0.668, 222.46, 17.43, 0.006, 46.63, 47.94);
insert into SHOT values (411, 411, 415, 101, 2.960, 122.08, 3.70, 2.958, 122.13, 3.68, 0.003, 246.24, -18.24);
insert into SHOT values (412, 411, 416, 101, 3.910, 130.58, 2.30, 3.911, 130.54, 2.34, 0.004, 62.68, 45.18);
insert into SHOT values (413, 411, 417, 101, 1.040, 287.58, 4.00, 1.040, 287.39, 3.86, 0.004, 196.40, -36.17);
insert into SHOT values (414, 411, 418, 101, 1.520, 337.88, 6.30, 1.521, 337.85, 6.42, 0.003, 289.57, 70.19);
insert into CENTRELINE values (102, 99, NULL, '2024-07-16', '2024-01-01', 202.37, 0.00, 0.00);
 insert into TOPO values (15, 102);
 insert into TOPO values (16, 102);
 insert into TOPO values (17, 102);
 insert into EXPLO values (3, 102);
 insert into EXPLO values (18, 102);
 insert into SHOT values (415, 419, 411, 102, 12.000, 309.08, 65.40, 12.000, 309.07, 65.39, 0.003, 292.02, -18.95);
insert into SHOT values (416, 419, 420, 102, 1.050, 41.98, 21.60, 1.052, 41.68, 21.75, 0.006, 324.93, 33.67);
insert into SHOT values (417, 419, 421, 102, 1.800, 341.18, 21.10, 1.801, 341.24, 21.16, 0.003, 75.02, 47.96);
insert into SHOT values (418, 419, 422, 102, 2.840, 316.18, 12.70, 2.841, 316.17, 12.61, 0.005, 301.16, -65.53);
insert into SHOT values (419, 419, 423, 102, 1.220, 258.98, 15.50, 1.223, 259.26, 15.16, 0.010, 308.01, -38.15);
insert into SHOT values (420, 419, 424, 102, 0.930, 231.38, 9.50, 0.930, 231.63, 9.28, 0.005, 306.73, -39.85);
insert into SHOT values (421, 419, 425, 102, 1.910, 104.28, 14.20, 1.907, 104.41, 14.27, 0.006, 233.48, 14.86);
insert into SHOT values (422, 419, 426, 102, 3.640, 125.18, 6.40, 3.632, 125.19, 6.32, 0.010, 301.79, -36.48);
insert into SHOT values (423, 419, 427, 102, 5.010, 140.78, 11.20, 5.013, 140.78, 11.16, 0.005, 135.82, -41.03);
insert into SHOT values (424, 419, 428, 102, 1.030, 186.88, 31.20, 1.025, 187.21, 31.15, 0.007, 316.36, -28.88);
insert into SHOT values (425, 419, 429, 102, 7.170, 61.08, 77.60, 7.167, 61.27, 77.60, 0.006, 152.73, -28.10);
insert into SHOT values (426, 419, 430, 102, 0.530, 57.58, -71.40, 0.527, 57.26, -71.59, 0.004, 256.85, 39.88);
insert into SHOT values (427, 419, 431, 102, 3.530, 130.78, 29.40, 3.530, 130.78, 29.34, 0.003, 136.41, -58.12);
insert into SHOT values (428, 431, 432, 102, 0.450, 95.58, -1.90, 0.442, 95.19, -1.30, 0.010, 296.08, 30.11);
insert into SHOT values (429, 431, 433, 102, 0.910, 24.58, -3.30, 0.910, 24.03, -3.15, 0.009, 295.90, 15.19);
insert into SHOT values (430, 431, 434, 102, 2.040, 137.88, -0.80, 2.032, 137.99, -0.85, 0.009, 290.39, -9.99);
insert into SHOT values (431, 431, 435, 102, 1.880, 189.88, -2.40, 1.881, 190.11, -2.44, 0.008, 273.67, -9.36);
insert into SHOT values (432, 431, 436, 102, 3.480, 171.38, 0.60, 3.479, 171.40, 0.66, 0.004, 287.66, 65.17);
insert into SHOT values (433, 431, 437, 102, 0.980, 258.28, 2.40, 0.981, 258.23, 2.34, 0.002, 229.07, -31.63);
insert into SHOT values (434, 431, 438, 102, 1.580, 287.88, -3.30, 1.581, 288.09, -3.26, 0.006, 11.84, 9.26);
insert into SHOT values (435, 431, 439, 102, 5.630, 312.38, -7.50, 5.633, 312.32, -7.45, 0.009, 250.47, 34.23);
insert into SHOT values (436, 431, 440, 102, 5.690, 319.28, -7.50, 5.693, 319.31, -7.47, 0.005, 2.67, 31.34);
insert into SHOT values (437, 431, 441, 102, 5.330, 321.68, 75.80, 5.333, 321.82, 75.78, 0.005, 9.67, 33.84);
insert into SHOT values (438, 431, 442, 102, 2.870, 135.48, -82.60, 2.864, 135.00, -82.62, 0.007, 12.99, 59.09);
insert into SHOT values (439, 431, 443, 102, 3.110, 163.58, -5.00, 3.107, 163.67, -4.99, 0.006, 287.31, 9.86);
insert into SHOT values (440, 443, 444, 102, 2.520, 2.08, 8.90, 2.522, 2.07, 8.90, 0.002, 349.92, 3.69);
insert into SHOT values (441, 443, 445, 102, 1.030, 49.58, 9.70, 1.036, 49.76, 9.45, 0.008, 76.41, -26.00);
insert into SHOT values (442, 443, 446, 102, 2.630, 86.08, 1.90, 2.628, 86.07, 1.96, 0.004, 276.94, 49.16);
insert into SHOT values (443, 443, 447, 102, 0.860, 114.98, 5.10, 0.863, 114.78, 5.32, 0.005, 63.80, 42.04);
insert into SHOT values (444, 443, 448, 102, 0.840, 213.68, 9.90, 0.841, 213.69, 9.58, 0.005, 218.45, -67.94);
insert into SHOT values (445, 443, 449, 102, 1.850, 280.48, 22.00, 1.842, 280.45, 21.99, 0.008, 106.61, -23.45);
insert into SHOT values (446, 443, 450, 102, 1.980, 317.28, 16.80, 1.974, 317.36, 16.79, 0.007, 113.41, -19.43);
insert into SHOT values (447, 443, 451, 102, 2.390, 341.18, 19.60, 2.386, 341.32, 19.59, 0.007, 100.20, -15.03);
insert into SHOT values (448, 443, 452, 102, 2.370, 344.68, 83.30, 2.366, 345.47, 83.23, 0.006, 42.68, -40.22);
insert into SHOT values (449, 443, 453, 102, 1.190, 25.78, -81.90, 1.192, 28.07, -81.80, 0.007, 97.92, -14.68);
insert into SHOT values (450, 443, 454, 102, 1.810, 95.38, -21.70, 1.816, 95.44, -21.65, 0.006, 112.28, -7.05);
insert into SHOT values (451, 454, 455, 102, 0.560, 2.98, 10.50, 0.560, 3.12, 10.29, 0.002, 84.95, -56.04);
insert into SHOT values (452, 454, 456, 102, 1.660, 70.48, -4.10, 1.662, 70.25, -4.14, 0.007, 355.04, -10.98);
insert into SHOT values (453, 454, 457, 102, 2.140, 87.38, -9.50, 2.131, 87.27, -9.45, 0.010, 292.57, 19.30);
insert into SHOT values (454, 454, 458, 102, 0.760, 125.18, -4.90, 0.757, 124.74, -4.55, 0.008, 9.82, 37.70);
insert into SHOT values (455, 454, 459, 102, 0.640, 233.58, 3.00, 0.645, 233.84, 2.67, 0.007, 264.49, -31.36);
insert into SHOT values (456, 454, 460, 102, 0.700, 327.38, 7.00, 0.708, 327.22, 7.31, 0.009, 311.36, 32.80);
insert into SHOT values (457, 454, 461, 102, 1.850, 47.18, 68.70, 1.847, 46.81, 68.66, 0.006, 317.94, -39.82);
insert into SHOT values (458, 454, 462, 102, 0.810, 271.58, -79.90, 0.814, 273.81, -79.36, 0.010, 307.23, -14.24);
insert into SHOT values (459, 454, 463, 102, 22.810, 93.98, -73.50, 22.809, 93.98, -73.51, 0.003, 262.35, 13.65);
insert into SHOT values (460, 463, 464, 102, 0.380, 359.28, 2.50, 0.381, 358.49, 3.01, 0.006, 274.28, 33.15);
insert into SHOT values (461, 463, 465, 102, 0.740, 184.48, 6.40, 0.737, 184.70, 6.23, 0.005, 320.81, -31.53);
insert into SHOT values (462, 463, 466, 102, 1.400, 255.28, 6.00, 1.403, 255.47, 6.14, 0.006, 318.37, 35.82);
insert into SHOT values (463, 463, 467, 102, 4.730, 280.38, 8.60, 4.731, 280.47, 8.63, 0.008, 2.19, 20.10);
insert into SHOT values (464, 463, 468, 102, 0.430, 330.58, -5.50, 0.436, 331.07, -5.26, 0.007, 1.98, 9.59);
insert into SHOT values (465, 463, 469, 102, 0.520, 23.08, -11.60, 0.520, 23.05, -11.08, 0.005, 12.84, 72.62);
insert into SHOT values (466, 463, 470, 102, 1.520, 136.48, 3.20, 1.516, 136.61, 3.40, 0.007, 275.43, 45.41);
insert into SHOT values (467, 463, 471, 102, 3.770, 116.38, 1.60, 3.772, 116.29, 1.67, 0.008, 41.30, 38.77);
insert into SHOT values (468, 463, 472, 102, 0.960, 100.68, 6.40, 0.962, 100.25, 6.57, 0.008, 20.25, 22.42);
insert into SHOT values (469, 463, 473, 102, 5.680, 107.38, 86.30, 5.682, 107.45, 86.30, 0.002, 159.57, 73.46);
insert into SHOT values (470, 463, 474, 102, 0.670, 141.48, -55.70, 0.663, 141.58, -56.06, 0.008, 316.40, 25.05);
insert into SHOT values (471, 463, 475, 102, 3.900, 115.58, 24.90, 3.896, 115.48, 24.90, 0.008, 354.21, -15.40);
insert into SHOT values (472, 475, 476, 102, 1.060, 358.58, 1.90, 1.051, 358.36, 2.18, 0.011, 202.37, 26.28);
insert into SHOT values (473, 475, 477, 102, 1.700, 62.28, 2.50, 1.697, 62.23, 2.70, 0.007, 269.83, 59.40);
insert into SHOT values (474, 475, 478, 102, 0.810, 96.78, 10.00, 0.809, 97.21, 9.97, 0.006, 199.95, -6.03);
insert into SHOT values (475, 475, 479, 102, 1.550, 244.48, 12.50, 1.558, 244.28, 12.60, 0.010, 208.60, 26.25);
insert into SHOT values (476, 475, 480, 102, 1.750, 282.48, 1.80, 1.751, 282.21, 1.96, 0.010, 195.36, 31.30);
insert into SHOT values (477, 475, 481, 102, 1.930, 311.68, -3.60, 1.930, 311.63, -3.56, 0.002, 238.26, 36.16);
insert into SHOT values (478, 475, 482, 102, 1.300, 339.58, 3.70, 1.294, 339.60, 3.99, 0.009, 155.50, 43.94);
insert into SHOT values (479, 475, 483, 102, 4.660, 316.08, 84.70, 4.660, 315.94, 84.69, 0.001, 267.83, -3.11);
insert into SHOT values (480, 475, 484, 102, 1.710, 99.58, -88.10, 1.711, 99.46, -87.96, 0.004, 97.85, -12.81);
insert into SHOT values (481, 475, 485, 102, 3.990, 127.18, -78.70, 3.988, 127.75, -78.66, 0.008, 201.16, 18.19);
insert into SHOT values (482, 475, 486, 102, 0.910, 29.88, -17.40, 0.906, 29.83, -17.34, 0.004, 221.59, 28.50);
insert into SHOT values (483, 486, 487, 102, 7.190, 118.68, -62.40, 7.192, 118.64, -62.34, 0.008, 100.18, 13.19);
insert into SHOT values (484, 487, 488, 102, 0.720, 15.58, 7.00, 0.721, 15.40, 7.17, 0.003, 309.99, 41.73);
insert into SHOT values (485, 487, 489, 102, 1.660, 322.28, 2.10, 1.661, 322.09, 2.07, 0.006, 246.69, -8.51);
insert into SHOT values (486, 487, 490, 102, 2.360, 289.18, 0.10, 2.359, 289.05, 0.00, 0.007, 190.63, -37.18);
insert into SHOT values (487, 487, 491, 102, 1.580, 252.68, 2.50, 1.583, 252.71, 2.53, 0.003, 268.83, 19.34);
insert into SHOT values (488, 487, 492, 102, 1.440, 183.58, -4.50, 1.437, 183.60, -4.39, 0.004, 352.44, 46.96);
insert into SHOT values (489, 487, 493, 102, 1.820, 122.28, -5.30, 1.820, 122.37, -5.36, 0.004, 224.52, -31.69);
insert into SHOT values (490, 487, 494, 102, 2.340, 92.58, -2.40, 2.335, 92.70, -2.45, 0.008, 229.48, -15.33);
insert into SHOT values (491, 487, 495, 102, 0.680, 64.08, 4.20, 0.673, 63.43, 4.26, 0.011, 289.67, 1.07);
insert into SHOT values (492, 487, 496, 102, 0.820, 24.18, 11.60, 0.813, 23.67, 11.35, 0.011, 252.87, -27.38);
insert into SHOT values (493, 487, 497, 102, 5.290, 330.08, 83.80, 5.291, 329.38, 83.82, 0.007, 224.21, 7.43);
insert into SHOT values (494, 487, 498, 102, 3.380, 167.48, -78.00, 3.384, 167.74, -77.96, 0.006, 210.55, -39.95);
insert into SHOT values (495, 487, 499, 102, 3.000, 149.58, -59.20, 3.003, 149.93, -59.22, 0.010, 235.59, -18.26);
insert into SHOT values (496, 487, 500, 102, 6.280, 124.68, -73.20, 6.277, 124.66, -73.23, 0.004, 316.36, 27.08);
insert into SHOT values (497, 500, 501, 102, 1.130, 280.28, 8.10, 1.129, 280.30, 8.14, 0.001, 65.05, 42.66);
insert into SHOT values (498, 500, 502, 102, 0.940, 263.08, 1.80, 0.948, 262.72, 1.81, 0.010, 227.07, 2.72);
insert into SHOT values (499, 500, 503, 102, 1.050, 3.98, 8.90, 1.045, 3.89, 8.81, 0.006, 202.35, -24.98);
insert into SHOT values (500, 500, 504, 102, 5.510, 52.88, -1.30, 5.506, 52.90, -1.35, 0.007, 208.60, -45.08);
insert into SHOT values (501, 500, 505, 102, 0.840, 115.18, 4.00, 0.843, 115.35, 4.08, 0.004, 154.38, 19.98);
insert into SHOT values (502, 500, 506, 102, 0.580, 163.98, 11.10, 0.581, 164.74, 10.92, 0.008, 247.33, -12.24);
insert into SHOT values (503, 500, 507, 102, 2.140, 35.58, 16.00, 2.134, 35.47, 16.05, 0.008, 246.12, 1.03);
insert into SHOT values (504, 507, 508, 102, 4.010, 44.58, 1.40, 4.017, 44.60, 1.28, 0.011, 53.29, -45.80);
insert into SHOT values (505, 507, 509, 102, 0.380, 317.08, 14.90, 0.379, 317.20, 13.74, 0.008, 3.77, -82.00);
insert into SHOT values (506, 507, 510, 102, 2.390, 237.58, 2.60, 2.385, 237.51, 2.64, 0.006, 89.80, 16.29);
insert into SHOT values (507, 507, 511, 102, 1.260, 187.18, 8.10, 1.261, 186.90, 7.75, 0.010, 111.70, -49.84);
insert into SHOT values (508, 507, 512, 102, 0.720, 134.58, 2.70, 0.729, 134.44, 2.36, 0.010, 123.88, -22.81);
insert into SHOT values (509, 507, 513, 102, 1.550, 71.38, -1.10, 1.550, 71.57, -1.11, 0.005, 163.74, -2.79);
insert into SHOT values (510, 507, 514, 102, 4.710, 58.78, -2.00, 4.714, 58.81, -2.07, 0.007, 88.01, -51.01);
insert into SHOT values (511, 507, 515, 102, 4.980, 61.18, 70.50, 4.977, 61.28, 70.46, 0.006, 111.00, -48.89);
insert into SHOT values (512, 507, 516, 102, 0.180, 228.18, -87.60, 0.180, 180.00, -86.82, 0.008, 131.52, -1.21);
insert into SHOT values (513, 507, 517, 102, 4.700, 356.88, -85.90, 4.702, 358.32, -85.85, 0.010, 61.72, -12.16);
insert into SHOT values (514, 507, 518, 102, 12.660, 52.68, -66.40, 12.661, 52.77, -66.37, 0.010, 106.92, 6.77);
insert into SHOT values (515, 507, 519, 102, 8.820, 50.08, -37.70, 8.829, 50.11, -37.70, 0.010, 77.81, -38.26);
insert into SHOT values (516, 518, 520, 102, 2.290, 176.28, -4.10, 2.291, 176.49, -4.26, 0.010, 265.31, -37.30);
insert into SHOT values (517, 518, 521, 102, 3.670, 223.78, -0.60, 3.671, 223.79, -0.62, 0.002, 246.84, -57.78);
insert into SHOT values (518, 518, 522, 102, 4.050, 247.88, -3.00, 4.052, 247.94, -3.11, 0.009, 312.26, -61.44);
insert into SHOT values (519, 518, 523, 102, 3.140, 266.48, -4.90, 3.147, 266.53, -4.92, 0.008, 285.84, -13.14);
insert into SHOT values (520, 518, 524, 102, 1.370, 295.28, -3.80, 1.377, 295.45, -4.17, 0.012, 327.85, -51.30);
insert into SHOT values (521, 518, 525, 102, 0.690, 44.98, -5.20, 0.689, 44.41, -5.83, 0.010, 304.49, -47.06);
insert into SHOT values (522, 519, 526, 102, 0.620, 45.18, -5.20, 0.610, 45.00, -4.70, 0.011, 236.73, 33.01);
insert into SHOT values (523, 519, 527, 102, 1.500, 127.18, -7.20, 1.496, 127.33, -7.30, 0.006, 263.28, -19.24);
insert into SHOT values (524, 519, 528, 102, 13.970, 213.28, 79.30, 13.974, 213.38, 79.28, 0.008, 256.53, 22.73);
insert into SHOT values (525, 519, 529, 102, 1.700, 110.88, -4.10, 1.698, 111.11, -4.05, 0.007, 217.22, 12.28);
insert into SHOT values (526, 519, 530, 102, 2.660, 155.18, 2.70, 2.657, 155.27, 2.80, 0.007, 286.77, 40.02);
insert into SHOT values (527, 519, 531, 102, 2.460, 182.88, 5.20, 2.464, 183.04, 5.36, 0.010, 245.05, 42.72);
insert into SHOT values (528, 519, 532, 102, 3.290, 195.18, -3.40, 3.290, 195.18, -3.31, 0.005, 185.22, 85.73);
insert into SHOT values (529, 519, 533, 102, 6.640, 231.18, -2.40, 6.642, 231.18, -2.42, 0.003, 225.66, -49.16);
insert into SHOT values (530, 519, 534, 102, 2.920, 264.28, -2.70, 2.927, 264.31, -2.55, 0.011, 275.27, 44.07);
insert into SHOT values (531, 519, 535, 102, 2.720, 292.88, 2.60, 2.724, 292.70, 2.74, 0.011, 225.61, 35.67);
insert into SHOT values (532, 519, 536, 102, 1.570, 194.28, 68.80, 1.576, 194.28, 68.89, 0.006, 10.75, 88.05);
insert into SHOT values (533, 519, 537, 102, 1.140, 172.08, -84.30, 1.135, 174.81, -84.42, 0.007, 290.95, 36.03);
insert into SHOT values (534, 519, 538, 102, 6.120, 12.68, -74.90, 6.120, 12.72, -74.95, 0.006, 179.46, -13.60);
insert into SHOT values (535, 519, 539, 102, 14.720, 189.38, 65.00, 14.721, 189.43, 64.99, 0.007, 249.96, -7.43);
insert into SHOT values (536, 519, 540, 102, 1.420, 99.58, -31.40, 1.416, 99.54, -31.52, 0.005, 288.39, -1.76);
insert into SHOT values (537, 540, 541, 102, 0.550, 109.78, 6.50, 0.558, 110.07, 7.21, 0.011, 131.29, 45.19);
insert into SHOT values (538, 540, 542, 102, 0.900, 356.38, 13.40, 0.896, 356.71, 13.55, 0.007, 125.39, 12.42);
insert into SHOT values (539, 540, 543, 102, 0.780, 289.58, 7.20, 0.781, 289.60, 7.35, 0.003, 306.67, 63.45);
insert into SHOT values (540, 540, 544, 102, 1.360, 145.38, -3.00, 1.361, 145.49, -2.95, 0.003, 214.41, 22.53);
insert into SHOT values (541, 540, 545, 102, 0.550, 106.68, 1.70, 0.554, 106.80, 2.07, 0.005, 123.19, 42.42);
insert into SHOT values (542, 540, 546, 102, 0.590, 346.28, 6.10, 0.591, 346.20, 6.80, 0.007, 275.39, 83.29);
insert into SHOT values (543, 540, 547, 102, 0.960, 163.58, 74.50, 0.966, 164.36, 74.40, 0.007, 212.78, 46.55);
insert into SHOT values (544, 540, 548, 102, 0.860, 257.78, -80.80, 0.860, 257.01, -81.08, 0.005, 101.55, -13.37);
insert into SHOT values (545, 540, 549, 102, 4.220, 51.18, -11.50, 4.217, 51.19, -11.49, 0.003, 218.82, 24.10);
insert into SHOT values (546, 549, 550, 102, 0.830, 177.28, -2.30, 0.832, 177.24, -2.07, 0.004, 158.22, 62.45);
insert into SHOT values (547, 549, 551, 102, 0.550, 344.38, -6.50, 0.542, 344.93, -6.36, 0.010, 131.34, 13.38);
insert into SHOT values (548, 549, 552, 102, 0.810, 268.98, 8.70, 0.809, 268.57, 8.53, 0.006, 174.50, -23.60);
insert into SHOT values (549, 549, 553, 102, 0.990, 201.38, -3.30, 0.990, 201.37, -3.48, 0.003, 41.48, -81.33);
insert into SHOT values (550, 549, 554, 102, 0.950, 113.18, -4.50, 0.948, 113.04, -4.23, 0.005, 347.47, 57.84);
insert into SHOT values (551, 549, 555, 102, 0.850, 74.88, 5.80, 0.854, 74.98, 6.05, 0.006, 99.14, 48.15);
insert into SHOT values (552, 549, 556, 102, 0.620, 159.48, 72.00, 0.621, 158.75, 71.87, 0.003, 101.27, 6.79);
insert into SHOT values (553, 549, 557, 102, 0.920, 335.18, -81.50, 0.919, 337.38, -81.87, 0.008, 115.80, -0.77);
insert into SHOT values (554, 549, 558, 102, 2.490, 95.68, -25.70, 2.496, 95.61, -25.63, 0.008, 74.35, -1.42);
insert into SHOT values (555, 558, 559, 102, 1.400, 120.08, -6.60, 1.398, 120.26, -6.57, 0.005, 229.19, 11.37);
insert into SHOT values (556, 558, 560, 102, 1.010, 224.18, 4.10, 1.021, 224.20, 3.93, 0.011, 226.46, -11.45);
insert into SHOT values (557, 558, 561, 102, 2.450, 187.88, 2.50, 2.456, 187.96, 2.57, 0.008, 219.19, 24.04);
insert into SHOT values (558, 558, 562, 102, 2.360, 178.58, -3.60, 2.365, 178.79, -3.64, 0.010, 237.29, -10.33);
insert into SHOT values (559, 558, 563, 102, 2.210, 137.38, -75.10, 2.204, 137.86, -75.11, 0.008, 249.01, 47.96);
insert into SHOT values (560, 558, 564, 102, 1.030, 179.28, 65.30, 1.034, 180.00, 65.42, 0.007, 273.90, 38.00);
insert into SHOT values (561, 558, 565, 102, 2.070, 184.68, -24.80, 2.078, 184.86, -24.75, 0.010, 223.04, -10.03);
insert into SHOT values (562, 565, 566, 102, 1.360, 76.18, -2.20, 1.362, 75.96, -2.10, 0.006, 3.68, 22.31);
insert into SHOT values (563, 565, 567, 102, 3.180, 50.58, -2.30, 3.185, 50.61, -2.16, 0.010, 66.78, 52.37);
insert into SHOT values (564, 565, 568, 102, 1.990, 26.38, 2.70, 1.993, 26.57, 2.88, 0.009, 96.72, 42.48);
insert into SHOT values (565, 565, 569, 102, 1.740, 5.98, 2.90, 1.742, 5.94, 2.96, 0.003, 328.39, 44.87);
insert into SHOT values (566, 565, 570, 102, 1.800, 28.58, 47.60, 1.803, 28.46, 47.54, 0.004, 351.32, 10.54);
insert into SHOT values (567, 565, 571, 102, 1.800, 72.08, -79.70, 1.800, 72.12, -79.57, 0.004, 75.56, 14.31);
insert into SHOT values (568, 565, 572, 102, 10.560, 88.38, 77.10, 10.567, 88.30, 77.09, 0.008, 45.67, 53.74);
insert into SHOT values (569, 565, 573, 102, 5.590, 75.38, -25.40, 5.591, 75.33, -25.31, 0.010, 35.50, 49.35);
insert into SHOT values (570, 573, 574, 102, 7.730, 75.38, -25.30, 7.730, 75.41, -25.35, 0.008, 209.64, -54.88);
insert into SHOT values (571, 573, 575, 102, 5.580, 75.48, -25.50, 5.578, 75.49, -25.60, 0.010, 243.75, -51.34);
insert into SHOT values (572, 573, 576, 102, 1.610, 48.68, 6.30, 1.604, 48.81, 6.09, 0.010, 195.70, -44.18);
insert into SHOT values (573, 573, 577, 102, 2.450, 108.58, 0.20, 2.448, 108.58, 0.00, 0.009, 285.26, -74.46);
insert into SHOT values (574, 573, 578, 102, 2.340, 156.08, -1.10, 2.342, 156.06, -1.22, 0.005, 134.72, -68.95);
insert into SHOT values (575, 573, 579, 102, 4.410, 194.58, -0.70, 4.412, 194.57, -0.78, 0.007, 179.10, -69.17);
insert into SHOT values (576, 573, 580, 102, 3.340, 229.28, 1.30, 3.340, 229.25, 1.20, 0.006, 155.72, -72.52);
insert into SHOT values (577, 573, 581, 102, 2.980, 272.48, 0.30, 2.983, 272.50, 0.19, 0.006, 290.65, -61.63);
insert into SHOT values (578, 573, 582, 102, 2.140, 302.18, 8.50, 2.139, 302.26, 8.33, 0.007, 25.90, -63.73);
insert into SHOT values (579, 573, 583, 102, 1.550, 297.98, 7.20, 1.551, 297.90, 7.04, 0.005, 233.36, -60.11);
insert into SHOT values (580, 573, 584, 102, 9.630, 199.68, 85.20, 9.624, 199.56, 85.19, 0.006, 132.40, -73.41);
insert into SHOT values (581, 573, 585, 102, 1.030, 147.98, -69.50, 1.036, 148.50, -69.45, 0.007, 196.79, -50.23);
insert into SHOT values (582, 573, 586, 102, 5.570, 68.38, 65.80, 5.568, 68.39, 65.83, 0.003, 244.14, -9.86);
insert into SHOT values (583, 573, 587, 102, 11.290, 239.68, 81.00, 11.290, 239.81, 80.98, 0.006, 286.48, -10.02);
insert into SHOT values (584, 573, 588, 102, 7.570, 168.08, -28.00, 7.573, 168.08, -28.04, 0.006, 248.74, -84.38);
insert into SHOT values (585, 588, 589, 102, 2.320, 330.08, 2.00, 2.322, 330.01, 1.97, 0.004, 277.04, -15.32);
insert into SHOT values (586, 588, 590, 102, 1.360, 29.58, 5.50, 1.363, 29.59, 5.47, 0.003, 32.96, -6.22);
insert into SHOT values (587, 588, 591, 102, 0.880, 90.08, 3.90, 0.882, 90.00, 3.90, 0.002, 59.05, 3.53);
insert into SHOT values (588, 588, 592, 102, 1.380, 154.88, 4.20, 1.382, 155.11, 4.15, 0.006, 227.71, -10.51);
insert into SHOT values (589, 588, 593, 102, 1.520, 307.28, 72.30, 1.522, 307.12, 72.26, 0.003, 272.11, 40.48);
insert into SHOT values (590, 588, 594, 102, 1.350, 70.48, -83.50, 1.348, 70.35, -83.67, 0.004, 255.24, 17.56);
insert into SHOT values (591, 588, 595, 102, 4.460, 130.68, -35.40, 4.460, 130.65, -35.34, 0.005, 95.52, 50.12);
insert into SHOT values (592, 595, 596, 102, 0.590, 17.18, 10.00, 0.584, 17.18, 9.85, 0.006, 197.60, -24.57);
insert into SHOT values (593, 595, 597, 102, 0.860, 317.18, 7.10, 0.855, 316.91, 6.72, 0.009, 179.42, -46.55);
insert into SHOT values (594, 595, 598, 102, 0.940, 231.28, 0.60, 0.946, 231.43, 0.61, 0.007, 252.89, 1.29);
insert into SHOT values (595, 595, 599, 102, 0.660, 181.48, 11.20, 0.663, 181.76, 11.30, 0.005, 229.67, 22.76);
insert into SHOT values (596, 595, 600, 102, 0.650, 142.88, -5.40, 0.653, 143.13, -5.27, 0.004, 187.49, 16.14);
insert into SHOT values (597, 595, 601, 102, 1.400, 205.48, 84.90, 1.396, 208.61, 84.85, 0.008, 289.97, -32.96);
insert into SHOT values (598, 595, 602, 102, 1.050, 88.98, -83.30, 1.047, 90.00, -83.42, 0.004, 228.72, 40.55);
insert into SHOT values (599, 595, 603, 102, 4.250, 158.18, -39.30, 4.246, 158.20, -39.31, 0.004, 322.61, 24.94);
insert into SHOT values (600, 603, 604, 102, 1.330, 18.18, 6.10, 1.323, 18.16, 6.07, 0.007, 202.02, -10.82);
insert into SHOT values (601, 603, 605, 102, 0.700, 114.18, 0.70, 0.703, 114.38, 0.82, 0.004, 156.10, 21.86);
insert into SHOT values (602, 603, 606, 102, 6.130, 123.48, -7.60, 6.136, 123.53, -7.59, 0.008, 166.19, 4.99);
insert into SHOT values (603, 603, 607, 102, 3.950, 80.78, -1.00, 3.951, 80.82, -1.02, 0.003, 149.91, -18.12);
insert into SHOT values (604, 603, 608, 102, 1.900, 46.38, 1.70, 1.896, 46.28, 1.51, 0.008, 267.81, -52.63);
insert into SHOT values (605, 603, 609, 102, 1.000, 23.68, 3.80, 0.996, 23.73, 3.45, 0.007, 191.07, -58.38);
insert into SHOT values (606, 603, 610, 102, 13.800, 133.98, 77.70, 13.797, 134.17, 77.69, 0.011, 212.43, -17.63);
insert into SHOT values (607, 603, 611, 102, 1.640, 114.48, -81.10, 1.640, 115.56, -81.06, 0.005, 190.68, 2.94);
insert into SHOT values (608, 603, 612, 102, 4.760, 109.08, -30.50, 4.768, 109.18, -30.50, 0.011, 157.03, -22.11);
insert into SHOT values (609, 612, 613, 102, 5.730, 202.98, -6.20, 5.728, 203.05, -6.21, 0.008, 306.17, -8.82);
insert into SHOT values (610, 612, 614, 102, 2.750, 232.18, -1.70, 2.753, 232.38, -1.66, 0.010, 302.62, 8.78);
insert into SHOT values (611, 612, 615, 102, 3.150, 147.68, -1.90, 3.148, 147.72, -1.82, 0.006, 279.11, 53.66);
insert into SHOT values (612, 612, 616, 102, 0.540, 20.28, 12.60, 0.545, 19.80, 12.72, 0.007, 334.89, 19.37);
insert into SHOT values (613, 612, 617, 102, 3.390, 325.68, 24.20, 3.398, 325.64, 24.14, 0.009, 313.31, 2.27);
insert into SHOT values (614, 612, 618, 102, 13.670, 211.08, 76.10, 13.670, 211.17, 76.10, 0.005, 297.89, 3.26);
insert into SHOT values (615, 612, 619, 102, 1.410, 235.78, -72.50, 1.406, 237.43, -72.32, 0.014, 311.92, 20.56);
insert into SHOT values (616, 612, 620, 102, 5.760, 209.58, -15.90, 5.757, 209.67, -15.93, 0.010, 324.54, -12.00);
insert into SHOT values (617, 612, 621, 102, 6.340, 186.98, -42.40, 6.331, 187.00, -42.41, 0.009, 351.43, 35.22);
insert into SHOT values (618, 621, 622, 102, 1.510, 235.18, 3.40, 1.512, 235.26, 3.41, 0.003, 285.29, 9.60);
insert into SHOT values (619, 621, 623, 102, 1.930, 194.88, 2.00, 1.937, 194.97, 1.78, 0.011, 218.72, -44.43);
insert into SHOT values (620, 621, 624, 102, 2.030, 77.08, 8.70, 2.024, 77.01, 8.53, 0.009, 282.80, -49.70);
insert into SHOT values (621, 621, 625, 102, 4.250, 21.98, 35.40, 4.245, 21.89, 35.42, 0.007, 249.33, -15.39);
insert into SHOT values (622, 621, 626, 102, 5.760, 289.98, 34.80, 5.758, 289.89, 34.73, 0.011, 218.39, -43.09);
insert into SHOT values (623, 621, 627, 102, 10.360, 139.98, -5.80, 10.360, 140.04, -5.82, 0.011, 229.77, -16.31);
insert into SHOT values (624, 621, 628, 102, 14.440, 159.18, 78.00, 14.436, 159.33, 77.99, 0.009, 241.87, -28.91);
insert into SHOT values (625, 621, 629, 102, 1.360, 121.38, -81.40, 1.365, 122.91, -81.47, 0.008, 221.43, -44.03);
insert into SHOT values (626, 621, 630, 102, 14.120, 148.38, -34.80, 14.126, 148.39, -34.79, 0.007, 170.72, -12.68);
insert into SHOT values (627, 630, 631, 102, 4.800, 232.18, 4.10, 4.803, 232.29, 4.06, 0.010, 305.76, -17.92);
insert into SHOT values (628, 630, 632, 102, 8.410, 181.28, 5.60, 8.402, 181.30, 5.60, 0.008, 338.49, -4.60);
insert into SHOT values (629, 630, 633, 102, 8.010, 291.48, 17.90, 8.019, 291.52, 17.87, 0.012, 321.44, -9.57);
insert into SHOT values (630, 630, 634, 102, 5.250, 348.48, 19.40, 5.256, 348.49, 19.33, 0.009, 352.49, -25.93);
insert into SHOT values (631, 630, 635, 102, 8.750, 331.68, 32.00, 8.752, 331.71, 31.94, 0.010, 1.78, -41.30);
insert into SHOT values (632, 630, 636, 102, 2.910, 46.38, 9.10, 2.915, 46.27, 9.08, 0.008, 359.13, -1.78);
insert into SHOT values (633, 630, 637, 102, 3.740, 107.28, 7.70, 3.731, 107.31, 7.70, 0.009, 275.74, -6.99);
insert into SHOT values (634, 630, 638, 102, 8.360, 141.68, 7.80, 8.349, 141.68, 7.78, 0.011, 325.21, -24.61);
insert into SHOT values (635, 630, 639, 102, 9.860, 177.18, -2.30, 9.860, 177.21, -2.33, 0.006, 271.50, -42.18);
insert into SHOT values (636, 630, 640, 102, 15.240, 178.88, 81.40, 15.240, 178.99, 81.43, 0.010, 331.77, 8.00);
insert into SHOT values (637, 630, 641, 102, 10.520, 225.78, 65.60, 10.521, 225.84, 65.58, 0.006, 279.13, -4.04);
insert into SHOT values (638, 630, 642, 102, 8.120, 168.38, -8.40, 8.111, 168.42, -8.44, 0.012, 315.83, -18.31);
insert into SHOT values (639, 642, 643, 102, 4.470, 78.08, 41.30, 4.472, 78.16, 41.27, 0.006, 130.37, -2.12);
insert into SHOT values (640, 642, 644, 102, 7.350, 31.48, 21.00, 7.350, 31.54, 20.97, 0.008, 105.86, -29.62);
insert into SHOT values (641, 642, 645, 102, 3.220, 181.28, -0.10, 3.221, 181.25, 0.00, 0.006, 112.86, 69.69);
insert into SHOT values (642, 642, 646, 102, 9.260, 155.78, -2.20, 9.263, 155.76, -2.17, 0.007, 108.73, 52.81);
insert into SHOT values (643, 642, 647, 102, 3.180, 294.58, 8.70, 3.178, 294.44, 8.69, 0.008, 190.79, -7.50);
insert into SHOT values (644, 642, 648, 102, 12.600, 112.48, 81.40, 12.601, 112.48, 81.41, 0.002, 293.08, 57.52);
insert into SHOT values (645, 642, 649, 102, 10.110, 168.38, -8.00, 10.115, 168.36, -8.01, 0.006, 136.32, -30.84);
insert into SHOT values (646, 630, 650, 102, 5.120, 217.58, -1.00, 5.119, 217.70, -1.01, 0.011, 311.34, -3.47);
insert into CENTRELINE values (103, 99, NULL, '2024-07-17', '2024-01-01', 134.08, 0.00, 0.00);
 insert into PERSON values (19, 'Vincent', 'Lacombe');
insert into TOPO values (19, 103);
 insert into TOPO values (16, 103);
 insert into TOPO values (17, 103);
 insert into EXPLO values (3, 103);
 insert into EXPLO values (18, 103);
 insert into SHOT values (647, 650, 651, 103, 2.960, 161.68, 12.60, 2.957, 161.63, 12.50, 0.006, 41.21, -61.76);
insert into SHOT values (648, 650, 652, 103, 15.230, 128.68, 20.10, 15.233, 128.67, 20.08, 0.006, 105.79, -37.82);
insert into SHOT values (649, 650, 653, 103, 7.330, 95.88, 17.80, 7.337, 95.91, 17.78, 0.009, 123.27, -4.69);
insert into SHOT values (650, 650, 654, 103, 6.490, 25.68, 25.50, 6.490, 25.69, 25.46, 0.004, 62.20, -66.52);
insert into SHOT values (651, 650, 655, 103, 8.150, 10.58, 12.30, 8.152, 10.63, 12.25, 0.010, 72.74, -36.80);
insert into SHOT values (652, 650, 656, 103, 4.540, 324.48, 20.40, 4.535, 324.48, 20.39, 0.005, 146.80, -31.63);
insert into SHOT values (653, 650, 657, 103, 12.720, 143.48, 88.40, 12.715, 144.09, 88.39, 0.007, 196.54, -46.58);
insert into SHOT values (654, 650, 658, 103, 2.120, 180.18, -87.70, 2.122, 180.00, -87.57, 0.005, 176.89, -19.11);
insert into SHOT values (655, 650, 659, 103, 9.890, 161.58, -87.90, 9.897, 161.08, -87.86, 0.011, 138.31, -38.84);
insert into SHOT values (656, 659, 660, 103, 2.760, 211.58, 4.00, 2.755, 211.61, 4.16, 0.009, 18.64, 51.97);
insert into SHOT values (657, 659, 661, 103, 4.430, 173.68, 4.30, 4.429, 173.76, 4.40, 0.010, 276.23, 51.20);
insert into SHOT values (658, 659, 662, 103, 0.660, 145.38, 7.30, 0.661, 145.58, 7.83, 0.007, 236.76, 69.44);
insert into SHOT values (659, 659, 663, 103, 0.930, 60.38, 8.50, 0.933, 60.10, 8.63, 0.006, 4.33, 25.09);
insert into SHOT values (660, 659, 664, 103, 2.810, 6.18, 8.60, 2.818, 6.18, 8.57, 0.008, 6.54, -1.43);
insert into SHOT values (661, 659, 665, 103, 4.430, 327.18, 6.20, 4.431, 327.14, 6.22, 0.004, 249.71, 26.11);
insert into SHOT values (662, 659, 666, 103, 4.800, 321.68, 3.40, 4.800, 321.70, 3.46, 0.005, 53.92, 76.92);
insert into SHOT values (663, 659, 667, 103, 2.330, 287.68, 2.80, 2.334, 287.74, 2.95, 0.007, 319.92, 55.80);
insert into SHOT values (664, 659, 668, 103, 5.110, 293.88, 18.80, 5.118, 293.87, 18.81, 0.008, 284.20, 24.89);
insert into SHOT values (665, 659, 669, 103, 8.910, 69.78, 89.10, 8.911, 68.96, 89.10, 0.002, 320.83, 27.61);
insert into SHOT values (666, 659, 670, 103, 16.130, 181.08, -80.90, 16.123, 181.12, -80.90, 0.007, 288.46, 73.95);
insert into SHOT values (667, 659, 671, 103, 16.220, 294.98, -85.00, 16.212, 295.11, -85.00, 0.009, 25.36, 68.14);
insert into SHOT values (668, 671, 672, 103, 1.700, 256.58, -2.50, 1.707, 256.78, -2.69, 0.011, 297.54, -32.98);
insert into SHOT values (669, 671, 673, 103, 2.650, 315.18, -1.00, 2.652, 315.15, -1.08, 0.004, 283.58, -57.15);
insert into SHOT values (670, 671, 674, 103, 4.910, 344.98, -3.30, 4.916, 345.00, -3.38, 0.009, 3.36, -52.66);
insert into SHOT values (671, 671, 675, 103, 3.460, 19.78, -0.50, 3.464, 19.74, -0.50, 0.004, 348.56, 2.55);
insert into SHOT values (672, 671, 676, 103, 2.940, 59.28, 0.70, 2.933, 59.24, 0.59, 0.010, 256.39, -38.39);
insert into SHOT values (673, 671, 677, 103, 2.230, 104.68, -0.50, 2.222, 104.60, -0.52, 0.009, 305.69, -3.52);
insert into SHOT values (674, 671, 678, 103, 1.870, 133.98, -3.00, 1.870, 134.13, -3.07, 0.005, 229.38, -23.23);
insert into SHOT values (675, 671, 679, 103, 2.220, 155.78, 10.70, 2.218, 155.90, 10.65, 0.005, 262.90, -23.85);
insert into SHOT values (676, 671, 680, 103, 10.070, 160.68, 30.90, 10.066, 160.66, 30.90, 0.005, 17.54, -17.45);
insert into SHOT values (677, 671, 681, 103, 2.960, 198.88, 20.10, 2.958, 198.89, 19.97, 0.007, 287.68, -85.78);
insert into SHOT values (678, 671, 682, 103, 1.750, 232.18, 8.00, 1.749, 232.27, 7.89, 0.005, 338.13, -51.51);
insert into SHOT values (679, 671, 683, 103, 0.780, 328.78, -56.90, 0.783, 328.57, -57.41, 0.008, 169.60, -56.56);
insert into SHOT values (680, 671, 684, 103, 13.950, 288.18, 81.60, 13.950, 288.26, 81.58, 0.006, 317.15, -3.51);
insert into SHOT values (681, 671, 685, 103, 5.140, 326.68, 1.80, 5.142, 326.59, 1.78, 0.009, 249.56, -9.73);
insert into SHOT values (682, 685, 686, 103, 1.520, 75.68, -4.70, 1.524, 75.51, -4.89, 0.008, 22.28, -43.50);
insert into SHOT values (683, 685, 687, 103, 0.480, 264.68, -14.40, 0.477, 265.03, -14.57, 0.004, 43.22, -8.40);
insert into SHOT values (684, 685, 688, 103, 5.290, 307.88, -67.40, 5.295, 308.00, -67.45, 0.008, 68.97, -51.74);
insert into SHOT values (685, 671, 689, 103, 11.130, 162.18, 32.80, 11.132, 162.20, 32.80, 0.005, 222.06, 9.94);
insert into SHOT values (686, 689, 690, 103, 2.100, 39.68, -1.40, 2.103, 39.60, -1.63, 0.010, 353.94, -63.66);
insert into SHOT values (687, 689, 691, 103, 4.550, 0.38, -0.40, 4.550, 0.38, -0.50, 0.008, 317.53, -88.01);
insert into SHOT values (688, 689, 692, 103, 15.440, 342.48, 0.10, 15.447, 342.48, 0.07, 0.010, 342.00, -46.66);
insert into SHOT values (689, 689, 693, 103, 4.390, 321.58, 4.80, 4.392, 321.59, 4.70, 0.008, 329.24, -67.69);
insert into SHOT values (690, 689, 694, 103, 1.000, 331.08, 6.90, 1.001, 331.11, 6.89, 0.001, 4.51, -7.46);
insert into SHOT values (691, 689, 695, 103, 3.240, 132.58, 20.10, 3.233, 132.46, 20.08, 0.009, 357.33, -21.58);
insert into SHOT values (692, 689, 696, 103, 0.810, 260.88, 5.80, 0.813, 261.47, 5.65, 0.009, 330.72, -11.83);
insert into SHOT values (693, 689, 697, 103, 1.380, 115.78, -81.60, 1.384, 113.96, -81.82, 0.009, 348.73, -31.54);
insert into SHOT values (694, 689, 698, 103, 14.410, 0.48, 84.60, 14.404, 0.42, 84.58, 0.007, 340.91, -55.37);
insert into SHOT values (695, 689, 699, 103, 8.860, 140.88, 42.50, 8.851, 140.85, 42.50, 0.010, 349.29, -35.38);
insert into SHOT values (696, 699, 700, 103, 6.440, 317.58, -2.40, 6.440, 317.58, -2.40, 0.000, 87.08, -43.43);
insert into SHOT values (697, 699, 701, 103, 0.670, 32.98, 5.50, 0.669, 32.74, 6.00, 0.007, 280.31, 61.92);
insert into SHOT values (698, 699, 702, 103, 0.580, 169.38, 10.40, 0.581, 168.89, 10.91, 0.007, 81.81, 47.14);
insert into SHOT values (699, 699, 703, 103, 1.670, 223.98, 5.80, 1.671, 223.78, 5.84, 0.006, 140.07, 12.01);
insert into SHOT values (700, 699, 704, 103, 1.630, 234.48, 9.30, 1.633, 234.34, 9.16, 0.006, 187.92, -31.85);
insert into SHOT values (701, 699, 705, 103, 2.410, 277.68, 1.00, 2.412, 277.63, 0.95, 0.004, 224.28, -35.96);
insert into SHOT values (702, 699, 706, 103, 4.970, 306.48, 1.80, 4.965, 306.48, 1.85, 0.007, 129.14, 35.57);
insert into SHOT values (703, 699, 707, 103, 7.490, 283.58, 87.30, 7.488, 283.24, 87.33, 0.004, 133.85, -22.30);
insert into SHOT values (704, 699, 708, 103, 1.500, 236.48, -72.40, 1.501, 236.66, -72.35, 0.002, 283.92, -6.33);
insert into SHOT values (705, 699, 709, 103, 1.940, 218.48, -11.50, 1.940, 218.38, -11.60, 0.005, 121.81, -43.19);
insert into SHOT values (706, 709, 710, 103, 1.180, 69.68, 3.70, 1.177, 69.56, 3.90, 0.006, 284.32, 41.21);
insert into SHOT values (707, 709, 711, 103, 1.700, 139.48, -3.00, 1.697, 139.55, -2.70, 0.009, 280.18, 71.27);
insert into SHOT values (708, 709, 712, 103, 6.400, 152.88, -5.20, 6.404, 152.95, -5.20, 0.009, 217.54, 0.31);
insert into SHOT values (709, 709, 713, 103, 0.590, 199.18, -6.60, 0.594, 198.74, -5.79, 0.010, 158.38, 48.42);
insert into SHOT values (710, 709, 714, 103, 1.500, 312.28, -2.40, 1.502, 312.30, -2.29, 0.004, 326.04, 53.14);
insert into SHOT values (711, 709, 715, 103, 8.160, 111.48, 78.60, 8.161, 111.47, 78.61, 0.001, 305.18, 43.19);
insert into SHOT values (712, 709, 716, 103, 1.460, 260.88, -76.30, 1.452, 259.99, -76.24, 0.010, 164.78, 57.54);
insert into SHOT values (713, 709, 717, 103, 6.010, 164.48, -35.30, 6.011, 164.52, -35.26, 0.005, 212.23, 32.67);
insert into SHOT values (714, 717, 718, 103, 0.740, 56.98, -4.50, 0.740, 57.17, -4.65, 0.003, 144.38, -38.20);
insert into SHOT values (715, 717, 719, 103, 0.310, 246.88, 6.30, 0.307, 246.80, 7.48, 0.007, 73.71, 59.51);
insert into SHOT values (716, 717, 720, 103, 1.310, 166.28, -4.80, 1.312, 166.28, -4.81, 0.002, 167.97, -11.47);
insert into SHOT values (717, 717, 721, 103, 0.610, 25.48, 2.70, 0.609, 25.30, 2.82, 0.002, 268.49, 30.69);
insert into SHOT values (718, 717, 722, 103, 3.710, 94.98, 71.70, 3.708, 94.93, 71.70, 0.003, 335.50, -62.37);
insert into SHOT values (719, 717, 723, 103, 0.790, 337.58, -54.10, 0.792, 337.29, -53.93, 0.004, 298.14, -1.02);
insert into SHOT values (720, 717, 724, 103, 2.170, 296.08, -82.90, 2.167, 296.57, -82.89, 0.004, 23.47, 55.93);
insert into SHOT values (721, 724, 725, 103, 0.420, 253.58, 12.00, 0.418, 252.90, 12.44, 0.006, 133.59, 25.49);
insert into SHOT values (722, 724, 726, 103, 0.320, 105.48, -1.30, 0.323, 106.19, -1.77, 0.006, 159.90, -29.16);
insert into SHOT values (723, 724, 727, 103, 0.760, 199.98, 6.90, 0.761, 200.11, 6.79, 0.003, 247.30, -28.76);
insert into SHOT values (724, 724, 728, 103, 0.530, 341.68, -19.00, 0.534, 341.57, -18.57, 0.006, 329.81, 27.29);
insert into SHOT values (725, 724, 729, 103, 4.160, 184.18, -33.30, 4.165, 184.12, -33.35, 0.007, 123.60, -55.68);
insert into SHOT values (726, 729, 730, 103, 0.380, 62.88, -3.30, 0.372, 62.74, -3.08, 0.008, 249.03, 12.87);
insert into SHOT values (727, 729, 731, 103, 1.270, 139.18, -0.30, 1.269, 139.15, 0.00, 0.007, 351.36, 80.64);
insert into SHOT values (728, 729, 732, 103, 1.530, 331.28, 13.50, 1.538, 331.21, 13.54, 0.008, 316.02, 21.03);
insert into SHOT values (729, 729, 733, 103, 0.780, 143.08, 78.90, 0.784, 143.13, 78.98, 0.005, 285.09, 87.35);
insert into SHOT values (730, 729, 734, 103, 0.960, 224.38, -75.80, 0.961, 225.00, -75.51, 0.006, 252.30, 6.85);
insert into SHOT values (731, 729, 735, 103, 3.710, 161.48, -23.60, 3.705, 161.46, -23.55, 0.006, 2.27, 55.41);
insert into SHOT values (732, 735, 736, 103, 0.360, 255.18, 6.60, 0.364, 255.58, 6.32, 0.005, 288.95, -16.92);
insert into SHOT values (733, 735, 737, 103, 0.430, 97.38, 15.10, 0.429, 98.33, 14.87, 0.007, 194.41, -16.32);
insert into SHOT values (734, 735, 738, 103, 0.680, 177.98, 9.10, 0.679, 178.29, 9.32, 0.005, 285.62, 32.80);
insert into SHOT values (735, 735, 739, 103, 0.520, 293.08, -6.10, 0.523, 292.62, -6.58, 0.007, 238.10, -42.91);
insert into SHOT values (736, 735, 740, 103, 1.290, 238.88, -75.40, 1.292, 238.74, -75.32, 0.003, 219.93, -33.16);
insert into SHOT values (737, 735, 741, 103, 3.450, 77.68, 80.50, 3.446, 77.69, 80.60, 0.007, 256.66, -22.52);
insert into SHOT values (738, 735, 742, 103, 3.240, 173.28, -20.00, 3.246, 173.41, -20.00, 0.009, 224.77, -11.79);
insert into SHOT values (739, 742, 743, 103, 0.560, 60.98, 0.70, 0.564, 60.26, 1.02, 0.009, 2.35, 20.69);
insert into SHOT values (740, 742, 744, 103, 0.270, 258.18, 12.00, 0.271, 259.11, 12.77, 0.006, 339.89, 41.53);
insert into SHOT values (741, 742, 745, 103, 0.860, 141.38, 1.80, 0.861, 141.13, 2.00, 0.005, 65.54, 37.87);
insert into SHOT values (742, 742, 746, 103, 2.150, 75.98, 71.60, 2.151, 75.56, 71.53, 0.006, 15.68, -0.82);
insert into SHOT values (743, 742, 747, 103, 0.760, 205.88, -86.10, 0.761, 206.57, -86.63, 0.007, 21.50, -14.12);
insert into SHOT values (744, 742, 748, 103, 2.670, 158.48, -13.50, 2.664, 158.49, -13.46, 0.007, 335.83, 29.84);
insert into SHOT values (745, 748, 749, 103, 0.550, 254.88, 0.40, 0.548, 255.20, 0.00, 0.005, 15.33, -46.97);
insert into SHOT values (746, 748, 750, 103, 0.380, 71.58, 2.80, 0.380, 71.57, 3.02, 0.001, 305.57, 85.06);
insert into SHOT values (747, 748, 751, 103, 2.920, 169.18, 1.10, 2.923, 169.15, 0.98, 0.007, 141.25, -62.69);
insert into SHOT values (748, 748, 752, 103, 2.180, 222.18, -74.30, 2.181, 221.55, -74.36, 0.007, 115.08, -11.18);
insert into SHOT values (749, 748, 753, 103, 2.030, 97.78, 75.20, 2.029, 97.67, 75.01, 0.007, 88.17, -23.08);
insert into SHOT values (750, 748, 754, 103, 2.380, 182.68, -24.20, 2.383, 182.64, -24.28, 0.005, 135.31, -63.87);
insert into SHOT values (751, 754, 755, 103, 0.650, 73.48, -10.60, 0.657, 73.81, -10.53, 0.008, 102.62, -3.23);
insert into SHOT values (752, 754, 756, 103, 0.300, 229.98, 12.50, 0.299, 229.18, 13.54, 0.007, 111.07, 47.72);
insert into SHOT values (753, 754, 757, 103, 2.510, 351.98, 9.10, 2.515, 352.13, 9.15, 0.009, 44.73, 20.22);
insert into SHOT values (754, 754, 758, 103, 1.610, 166.88, -2.00, 1.614, 166.74, -1.78, 0.008, 121.98, 47.72);
insert into SHOT values (755, 754, 759, 103, 1.610, 315.48, -67.40, 1.603, 315.66, -67.43, 0.008, 106.76, 57.96);
insert into SHOT values (756, 754, 760, 103, 2.420, 48.48, 70.40, 2.421, 48.48, 70.34, 0.003, 49.34, 4.38);
insert into SHOT values (757, 754, 761, 103, 4.700, 248.88, -71.40, 4.696, 248.91, -71.37, 0.005, 275.65, 70.53);
insert into SHOT values (758, 754, 762, 103, 4.900, 229.78, -70.00, 4.895, 229.84, -69.99, 0.005, 351.36, 64.04);
insert into SHOT values (759, 762, 763, 103, 0.460, 79.48, 2.00, 0.467, 80.13, 1.23, 0.011, 116.16, -34.16);
insert into SHOT values (760, 762, 764, 103, 0.350, 254.18, 16.70, 0.347, 254.29, 16.74, 0.003, 61.31, -11.25);
insert into SHOT values (761, 762, 765, 103, 1.350, 181.28, 6.50, 1.349, 181.28, 6.39, 0.003, 358.15, -70.72);
insert into SHOT values (762, 762, 766, 103, 1.280, 150.58, 3.20, 1.278, 150.42, 3.14, 0.004, 34.99, -20.40);
insert into SHOT values (763, 762, 767, 103, 3.470, 164.98, 1.30, 3.470, 164.96, 1.32, 0.002, 58.76, 48.27);
insert into SHOT values (764, 762, 768, 103, 2.780, 349.38, 0.10, 2.777, 349.42, 0.00, 0.006, 135.63, -55.55);
insert into SHOT values (765, 762, 769, 103, 5.300, 70.28, 67.10, 5.297, 70.42, 67.12, 0.006, 193.47, -20.68);
insert into SHOT values (766, 762, 770, 103, 2.430, 171.88, 7.70, 2.435, 171.90, 7.55, 0.008, 181.19, -42.70);
insert into SHOT values (767, 770, 771, 103, 0.510, 85.38, -7.80, 0.517, 84.40, -7.78, 0.011, 34.36, -3.98);
insert into SHOT values (768, 770, 772, 103, 0.260, 259.38, 16.70, 0.256, 260.54, 18.20, 0.009, 38.97, 34.89);
insert into SHOT values (769, 770, 773, 103, 5.160, 85.38, 66.70, 5.163, 85.24, 66.64, 0.008, 45.03, 5.87);
insert into SHOT values (770, 770, 774, 103, 0.990, 325.78, -82.10, 0.990, 329.74, -81.93, 0.010, 41.06, 3.48);
insert into SHOT values (771, 770, 775, 103, 4.770, 196.88, -57.80, 4.762, 196.72, -57.81, 0.011, 74.08, 37.07);
insert into SHOT values (772, 776, 775, 103, 1.500, 345.68, 39.30, 1.495, 345.96, 39.45, 0.009, 123.50, -0.48);
insert into SHOT values (773, 776, 777, 103, 0.480, 243.58, 15.60, 0.479, 242.88, 15.76, 0.006, 136.80, 8.86);
insert into SHOT values (774, 776, 778, 103, 0.330, 42.98, 15.20, 0.328, 43.73, 14.11, 0.008, 135.82, -57.51);
insert into SHOT values (775, 776, 779, 103, 3.220, 62.78, 70.50, 3.216, 62.96, 70.42, 0.007, 111.52, -49.79);
insert into SHOT values (776, 776, 780, 103, 2.130, 319.78, -50.20, 2.132, 319.76, -50.28, 0.004, 159.78, -72.05);
insert into SHOT values (777, 776, 781, 103, 3.560, 164.38, 4.90, 3.565, 164.32, 4.83, 0.008, 128.87, -32.64);
insert into SHOT values (778, 776, 782, 103, 5.880, 174.28, -18.30, 5.886, 174.25, -18.32, 0.007, 145.03, -30.54);
insert into SHOT values (779, 782, 783, 103, 0.470, 276.38, 2.90, 0.474, 277.28, 2.42, 0.009, 335.88, -23.75);
insert into SHOT values (780, 782, 784, 103, 1.290, 318.58, 5.00, 1.294, 318.77, 4.87, 0.007, 1.62, -20.99);
insert into SHOT values (781, 782, 785, 103, 1.250, 81.78, 5.30, 1.249, 81.67, 5.51, 0.005, 317.65, 58.55);
insert into SHOT values (782, 782, 786, 103, 3.130, 147.58, 10.00, 3.126, 147.60, 9.95, 0.005, 308.40, -47.16);
insert into SHOT values (783, 782, 787, 103, 11.170, 154.38, 4.10, 11.166, 154.36, 4.11, 0.007, 22.41, 11.90);
insert into SHOT values (784, 782, 788, 103, 2.010, 179.78, 8.60, 2.003, 179.71, 8.62, 0.008, 17.84, -4.17);
insert into SHOT values (785, 782, 789, 103, 5.860, 58.38, 71.80, 5.863, 58.39, 71.80, 0.003, 73.65, 64.77);
insert into SHOT values (786, 782, 790, 103, 1.370, 222.98, -69.70, 1.365, 224.14, -69.69, 0.011, 322.33, 26.69);
insert into SHOT values (787, 782, 791, 103, 3.720, 164.38, 14.70, 3.714, 164.34, 14.66, 0.007, 12.30, -36.00);
insert into SHOT values (788, 791, 792, 103, 1.160, 69.08, -0.90, 1.155, 69.21, -0.50, 0.010, 219.41, 56.91);
insert into SHOT values (789, 791, 793, 103, 1.960, 118.78, -2.40, 1.958, 119.05, -2.34, 0.010, 221.61, 12.19);
insert into SHOT values (790, 791, 794, 103, 6.260, 138.78, -3.50, 6.255, 138.83, -3.48, 0.008, 269.30, 16.45);
insert into SHOT values (791, 791, 795, 103, 8.080, 157.18, -3.80, 8.076, 157.22, -3.76, 0.009, 279.99, 38.47);
insert into SHOT values (792, 791, 796, 103, 5.550, 164.48, -5.50, 5.557, 164.48, -5.47, 0.007, 165.41, 15.08);
insert into SHOT values (793, 791, 797, 103, 2.530, 317.98, 18.00, 2.534, 318.03, 18.17, 0.009, 15.28, 72.96);
insert into SHOT values (794, 791, 798, 103, 3.860, 97.28, 68.70, 3.863, 97.38, 68.73, 0.004, 200.06, 56.11);
insert into SHOT values (795, 791, 799, 103, 2.570, 212.28, -84.80, 2.571, 213.02, -84.68, 0.006, 241.25, -5.16);
insert into SHOT values (796, 791, 800, 103, 8.870, 235.08, -74.60, 8.868, 235.03, -74.60, 0.003, 139.98, 35.26);
insert into SHOT values (797, 791, 801, 103, 3.020, 123.68, -1.10, 3.021, 123.80, -0.95, 0.010, 205.26, 52.45);
insert into SHOT values (798, 791, 802, 103, 7.790, 128.28, -14.70, 7.786, 128.32, -14.66, 0.009, 247.89, 51.94);
insert into SHOT values (799, 791, 803, 103, 1.330, 51.38, 7.40, 1.329, 51.48, 7.79, 0.009, 188.53, 69.57);
insert into SHOT values (800, 791, 804, 103, 2.720, 21.08, 7.70, 2.716, 21.13, 7.83, 0.008, 174.32, 47.39);
insert into SHOT values (801, 791, 805, 103, 9.030, 245.78, -76.10, 9.025, 245.80, -76.08, 0.006, 267.02, 73.17);
insert into SHOT values (802, 805, 806, 103, 6.490, 129.18, 0.50, 6.490, 129.18, 0.53, 0.003, 267.90, 79.65);
insert into SHOT values (803, 805, 807, 103, 10.950, 153.78, 1.20, 10.950, 153.76, 1.20, 0.003, 70.04, 11.37);
insert into SHOT values (804, 805, 808, 103, 8.210, 110.58, -0.80, 8.207, 110.62, -0.84, 0.009, 230.83, -38.17);
insert into SHOT values (805, 805, 809, 103, 1.570, 85.28, 8.90, 1.574, 85.21, 8.77, 0.006, 60.33, -31.15);
insert into SHOT values (806, 805, 810, 103, 1.100, 0.68, 5.00, 1.094, 0.53, 4.72, 0.009, 207.68, -42.19);
insert into SHOT values (807, 805, 811, 103, 3.840, 337.48, 1.80, 3.835, 337.45, 1.79, 0.005, 179.96, -6.47);
insert into SHOT values (808, 805, 812, 103, 3.450, 177.48, -0.90, 3.454, 177.51, -1.00, 0.007, 203.79, -54.72);
insert into SHOT values (809, 805, 813, 103, 9.110, 81.68, 79.80, 9.105, 81.82, 79.77, 0.008, 132.58, -49.89);
insert into SHOT values (810, 805, 814, 103, 12.230, 125.48, -75.80, 12.233, 125.49, -75.82, 0.005, 293.64, -48.01);
insert into SHOT values (811, 805, 815, 103, 19.040, 135.48, -81.90, 19.041, 135.60, -81.89, 0.007, 188.19, 0.40);
insert into CENTRELINE values (104, 99, NULL, '2024-07-18', '2024-01-01', 255.62, 0.00, 0.00);
 insert into TOPO values (1, 104);
 insert into TOPO values (17, 104);
 insert into EXPLO values (3, 104);
 insert into EXPLO values (18, 104);
 insert into SHOT values (812, 816, 817, 104, 7.160, 109.98, 3.20, 7.160, 109.96, 3.20, 0.003, 27.83, 5.78);
insert into SHOT values (813, 816, 818, 104, 2.470, 164.28, 10.90, 2.467, 164.18, 10.98, 0.006, 31.42, 27.91);
insert into SHOT values (814, 816, 819, 104, 1.800, 204.48, 7.50, 1.796, 204.55, 7.36, 0.006, 353.35, -49.70);
insert into SHOT values (815, 816, 820, 104, 1.340, 24.08, 6.40, 1.343, 23.88, 6.41, 0.005, 321.76, 6.67);
insert into SHOT values (816, 816, 821, 104, 9.070, 313.48, 4.00, 9.069, 313.52, 3.98, 0.007, 52.21, -22.17);
insert into SHOT values (817, 816, 822, 104, 4.270, 296.18, 2.10, 4.270, 296.14, 2.15, 0.004, 193.56, 52.11);
insert into SHOT values (818, 816, 823, 104, 13.950, 111.98, 61.10, 13.946, 111.96, 61.10, 0.005, 333.09, -35.53);
insert into SHOT values (819, 816, 824, 104, 3.640, 277.88, 1.50, 3.636, 277.91, 1.42, 0.007, 76.05, -49.45);
insert into SHOT values (820, 816, 825, 104, 13.590, 133.78, 2.40, 13.584, 133.78, 2.40, 0.006, 324.83, 9.05);
insert into SHOT values (821, 816, 826, 104, 7.000, 154.58, -2.80, 6.995, 154.57, -2.79, 0.005, 347.14, 21.65);
insert into SHOT values (822, 816, 827, 104, 17.710, 171.08, -15.00, 17.709, 171.09, -14.99, 0.004, 262.13, 58.20);
insert into SHOT values (823, 816, 828, 104, 14.120, 181.08, -18.20, 14.119, 181.07, -18.20, 0.003, 67.75, 3.00);
insert into SHOT values (824, 816, 829, 104, 2.600, 68.88, 6.20, 2.598, 68.90, 6.19, 0.002, 221.49, -24.20);
insert into SHOT values (825, 816, 830, 104, 2.720, 54.38, 7.30, 2.716, 54.36, 7.19, 0.007, 248.05, -58.62);
insert into SHOT values (826, 816, 831, 104, 0.450, 259.18, 9.30, 0.453, 259.70, 8.90, 0.006, 311.42, -28.18);
insert into SHOT values (827, 816, 832, 104, 1.600, 68.08, 61.10, 1.601, 68.06, 60.99, 0.003, 63.07, -14.06);
insert into SHOT values (828, 816, 833, 104, 1.450, 55.48, -81.10, 1.448, 55.62, -80.85, 0.006, 60.90, 23.26);
insert into SHOT values (829, 816, 834, 104, 5.110, 139.28, -43.10, 5.108, 139.35, -43.10, 0.005, 242.14, 18.59);
insert into SHOT values (830, 816, 835, 104, 8.460, 120.28, 13.20, 8.456, 120.27, 13.19, 0.005, 318.80, -23.96);
insert into SHOT values (831, 816, 836, 104, 7.120, 100.88, 15.90, 7.115, 100.87, 15.91, 0.005, 299.86, -6.49);
insert into SHOT values (832, 816, 837, 104, 2.870, 77.98, 9.50, 2.871, 77.98, 9.42, 0.004, 69.03, -67.65);
insert into SHOT values (833, 816, 838, 104, 7.440, 150.68, 1.30, 7.443, 150.71, 1.31, 0.005, 205.64, 13.02);
insert into SHOT values (834, 816, 839, 104, 12.380, 144.58, 5.50, 12.377, 144.58, 5.52, 0.005, 322.18, 48.29);
insert into SHOT values (835, 816, 840, 104, 14.410, 129.48, 9.70, 14.407, 129.49, 9.71, 0.004, 289.76, 31.36);
insert into SHOT values (836, 816, 841, 104, 9.310, 126.38, 8.20, 9.314, 126.40, 8.21, 0.005, 164.18, 25.65);
insert into SHOT values (837, 816, 842, 104, 4.270, 119.18, 1.90, 4.273, 119.15, 1.88, 0.004, 79.19, -21.26);
insert into SHOT values (838, 816, 843, 104, 3.440, 110.18, -0.40, 3.442, 110.22, -0.50, 0.007, 159.03, -59.49);
insert into SHOT values (839, 816, 815, 104, 9.150, 132.98, -3.70, 9.153, 133.00, -3.70, 0.005, 180.45, 5.40);
insert into SHOT values (840, 816, 844, 104, 9.520, 358.88, 7.50, 9.523, 358.91, 7.48, 0.006, 53.46, -25.57);
insert into SHOT values (841, 844, 845, 104, 2.250, 315.08, 1.70, 2.250, 315.00, 1.78, 0.005, 217.66, 45.52);
insert into SHOT values (842, 844, 846, 104, 3.330, 332.38, -3.70, 3.326, 332.35, -3.62, 0.007, 172.81, 47.89);
insert into SHOT values (843, 844, 847, 104, 6.560, 349.38, 4.60, 6.554, 349.33, 4.64, 0.009, 215.99, 24.61);
insert into SHOT values (844, 844, 848, 104, 2.260, 348.48, 8.20, 2.259, 348.39, 8.15, 0.004, 240.86, -31.82);
insert into SHOT values (845, 844, 849, 104, 4.990, 188.38, -6.10, 4.992, 188.46, -6.09, 0.007, 259.73, 2.13);
insert into SHOT values (846, 844, 850, 104, 2.530, 199.88, -3.30, 2.534, 199.87, -3.17, 0.007, 192.75, 49.32);
insert into SHOT values (847, 844, 851, 104, 1.590, 231.28, 6.60, 1.597, 231.40, 6.47, 0.008, 255.13, -19.11);
insert into SHOT values (848, 844, 852, 104, 1.370, 241.78, 8.80, 1.376, 241.93, 8.78, 0.007, 271.43, 3.33);
insert into SHOT values (849, 844, 853, 104, 2.130, 85.38, 86.20, 2.135, 85.91, 86.23, 0.005, 207.25, 71.80);
insert into SHOT values (850, 844, 854, 104, 1.600, 271.58, -36.00, 1.605, 271.32, -35.86, 0.008, 226.75, 3.14);
insert into SHOT values (851, 844, 855, 104, 1.440, 253.48, -2.00, 1.440, 253.45, -1.99, 0.001, 199.18, 16.74);
insert into SHOT values (852, 844, 856, 104, 4.090, 333.58, 14.30, 4.093, 333.50, 14.28, 0.007, 275.58, -1.95);
insert into SHOT values (853, 856, 857, 104, 5.700, 159.28, -10.20, 5.705, 159.24, -10.20, 0.006, 118.91, -5.86);
insert into SHOT values (854, 856, 858, 104, 1.760, 134.68, -0.20, 1.761, 134.77, 0.00, 0.007, 209.99, 65.23);
insert into SHOT values (855, 856, 859, 104, 1.150, 93.38, -1.50, 1.153, 93.48, -1.49, 0.003, 132.68, 1.82);
insert into SHOT values (856, 856, 860, 104, 1.430, 39.08, 6.90, 1.431, 39.29, 6.82, 0.006, 111.76, -18.32);
insert into SHOT values (857, 856, 861, 104, 2.180, 5.78, -0.40, 2.171, 5.82, -0.26, 0.010, 177.19, 30.47);
insert into SHOT values (858, 856, 862, 104, 3.990, 359.28, 11.70, 3.984, 359.27, 11.73, 0.007, 187.95, 7.30);
insert into SHOT values (859, 856, 863, 104, 6.600, 352.58, 16.00, 6.599, 352.57, 16.01, 0.002, 211.97, 29.08);
insert into SHOT values (860, 856, 864, 104, 6.420, 64.28, 62.30, 6.425, 64.38, 62.33, 0.008, 164.93, 47.71);
insert into SHOT values (861, 856, 865, 104, 1.590, 326.88, -84.10, 1.588, 325.30, -84.29, 0.007, 185.79, 12.84);
insert into SHOT values (862, 856, 866, 104, 6.650, 352.98, 14.90, 6.641, 353.02, 14.92, 0.010, 147.07, 0.39);
insert into SHOT values (863, 856, 867, 104, 5.100, 70.58, 65.30, 5.105, 70.80, 65.36, 0.011, 179.22, 37.68);
insert into SHOT values (864, 867, 868, 104, 2.760, 152.98, -6.20, 2.758, 152.87, -6.24, 0.006, 38.59, -18.95);
insert into SHOT values (865, 867, 869, 104, 1.420, 125.78, -2.00, 1.419, 125.82, -2.02, 0.001, 258.83, -18.62);
insert into SHOT values (866, 867, 870, 104, 0.980, 107.48, -2.70, 0.985, 107.15, -2.91, 0.008, 57.25, -27.13);
insert into SHOT values (867, 867, 871, 104, 0.700, 70.18, -4.40, 0.705, 70.02, -4.88, 0.008, 45.37, -52.78);
insert into SHOT values (868, 867, 872, 104, 0.930, 36.28, 9.70, 0.928, 36.12, 9.30, 0.007, 292.57, -68.37);
insert into SHOT values (869, 867, 873, 104, 2.090, 15.68, 20.90, 2.089, 15.74, 20.75, 0.006, 85.55, -67.63);
insert into SHOT values (870, 867, 874, 104, 1.810, 343.78, 26.50, 1.810, 343.91, 26.23, 0.009, 27.78, -55.46);
insert into SHOT values (871, 867, 875, 104, 1.610, 74.08, 64.10, 1.605, 73.61, 63.79, 0.012, 27.62, -45.93);
insert into SHOT values (872, 867, 876, 104, 6.190, 254.88, -72.90, 6.191, 254.97, -72.98, 0.009, 56.30, -23.09);
insert into SHOT values (873, 867, 877, 104, 4.790, 350.28, 17.30, 4.791, 350.31, 17.24, 0.005, 41.58, -54.77);
insert into SHOT values (874, 877, 878, 104, 2.340, 175.98, -6.60, 2.341, 176.05, -6.62, 0.003, 247.32, -18.24);
insert into SHOT values (875, 877, 879, 104, 1.680, 191.68, -5.10, 1.682, 191.71, -5.12, 0.002, 223.07, -20.22);
insert into SHOT values (876, 877, 880, 104, 1.180, 197.18, -2.50, 1.174, 197.35, -2.44, 0.007, 344.19, 12.71);
insert into SHOT values (877, 877, 881, 104, 0.730, 239.38, -1.30, 0.731, 239.57, -1.57, 0.004, 311.42, -52.96);
insert into SHOT values (878, 877, 882, 104, 0.790, 284.38, 0.30, 0.786, 284.74, 0.00, 0.008, 54.06, -32.60);
insert into SHOT values (879, 877, 883, 104, 1.310, 306.48, -1.80, 1.309, 306.61, -1.75, 0.003, 61.44, 19.83);
insert into SHOT values (880, 877, 884, 104, 3.590, 330.18, -2.50, 3.587, 330.22, -2.56, 0.005, 116.13, -41.24);
insert into SHOT values (881, 877, 885, 104, 4.660, 343.88, -3.90, 4.663, 343.90, -3.93, 0.005, 12.64, -39.78);
insert into SHOT values (882, 877, 886, 104, 0.790, 227.48, 77.40, 0.789, 229.76, 77.53, 0.007, 335.25, -7.79);
insert into SHOT values (883, 877, 887, 104, 1.560, 142.38, -88.40, 1.561, 135.00, -88.44, 0.006, 37.16, -6.15);
insert into SHOT values (884, 877, 888, 104, 9.980, 337.18, -1.60, 9.985, 337.19, -1.61, 0.005, 348.00, -15.61);
insert into SHOT values (885, 877, 889, 104, 10.260, 337.38, -1.50, 10.260, 337.41, -1.51, 0.005, 62.64, -15.02);
insert into SHOT values (886, 889, 890, 104, 1.320, 307.78, 0.10, 1.326, 307.65, 0.00, 0.007, 281.07, -18.59);
insert into SHOT values (887, 889, 891, 104, 1.790, 315.08, 1.00, 1.796, 315.00, 0.96, 0.007, 293.28, -10.32);
insert into SHOT values (888, 889, 892, 104, 2.200, 4.08, 11.40, 2.200, 3.99, 11.54, 0.006, 251.95, 54.73);
insert into SHOT values (889, 889, 893, 104, 1.240, 21.28, 14.50, 1.239, 21.00, 14.49, 0.006, 283.35, -4.59);
insert into SHOT values (890, 889, 894, 104, 0.770, 52.28, 16.10, 0.764, 52.19, 15.96, 0.007, 243.36, -31.29);
insert into SHOT values (891, 889, 895, 104, 1.160, 119.38, 14.80, 1.155, 119.55, 15.06, 0.008, 271.78, 26.87);
insert into SHOT values (892, 889, 896, 104, 1.870, 135.68, 18.70, 1.867, 135.92, 18.75, 0.008, 250.09, 3.25);
insert into SHOT values (893, 889, 897, 104, 2.770, 145.78, 10.60, 2.768, 145.78, 10.62, 0.002, 320.34, 14.03);
insert into SHOT values (894, 889, 898, 104, 11.070, 158.48, 0.30, 11.071, 158.49, 0.31, 0.003, 198.22, 47.26);
insert into SHOT values (895, 889, 899, 104, 4.090, 166.08, 4.40, 4.091, 166.10, 4.35, 0.004, 208.37, -61.56);
insert into SHOT values (896, 889, 900, 104, 3.300, 175.28, 10.40, 3.305, 175.41, 10.46, 0.010, 233.48, 26.05);
insert into SHOT values (897, 889, 901, 104, 2.060, 198.48, 3.00, 2.062, 198.70, 3.06, 0.008, 277.85, 15.33);
insert into SHOT values (898, 889, 902, 104, 1.550, 242.08, 21.50, 1.557, 242.02, 21.47, 0.008, 230.25, 14.52);
insert into SHOT values (899, 889, 903, 104, 0.800, 260.58, 4.60, 0.804, 260.66, 5.00, 0.007, 278.63, 60.04);
insert into SHOT values (900, 889, 904, 104, 2.360, 168.78, 80.50, 2.362, 169.56, 80.58, 0.007, 289.67, 21.06);
insert into SHOT values (901, 889, 905, 104, 1.130, 271.08, -66.20, 1.128, 271.25, -65.93, 0.006, 288.96, 42.18);
insert into SHOT values (902, 889, 906, 104, 6.510, 275.28, -58.80, 6.512, 275.27, -58.79, 0.003, 259.20, -38.39);
insert into SHOT values (903, 889, 907, 104, 4.860, 341.68, 30.00, 4.866, 341.61, 29.96, 0.008, 301.96, -0.00);
insert into SHOT values (904, 907, 908, 104, 4.320, 355.68, -4.20, 4.314, 355.73, -4.25, 0.008, 143.93, -25.35);
insert into SHOT values (905, 907, 909, 104, 1.790, 14.88, -2.70, 1.782, 14.97, -2.57, 0.009, 174.14, 28.10);
insert into SHOT values (906, 907, 910, 104, 1.310, 33.28, -3.60, 1.309, 33.45, -3.50, 0.005, 139.33, 29.78);
insert into SHOT values (907, 907, 911, 104, 1.030, 63.28, -0.10, 1.029, 63.43, 0.00, 0.004, 180.27, 30.04);
insert into SHOT values (908, 907, 912, 104, 1.320, 105.38, 1.80, 1.318, 105.41, 1.74, 0.003, 268.14, -34.88);
insert into SHOT values (909, 907, 913, 104, 2.010, 139.58, 5.90, 2.019, 139.65, 5.97, 0.009, 154.98, 21.34);
insert into SHOT values (910, 907, 914, 104, 2.710, 144.78, -3.40, 2.710, 144.78, -3.38, 0.001, 286.74, 79.50);
insert into SHOT values (911, 907, 915, 104, 1.650, 157.58, -10.20, 1.658, 157.68, -10.07, 0.009, 175.69, 13.91);
insert into SHOT values (912, 907, 916, 104, 2.860, 72.48, 72.50, 2.861, 73.04, 72.57, 0.009, 180.82, 14.92);
insert into SHOT values (913, 907, 917, 104, 2.290, 271.98, -75.40, 2.292, 272.01, -75.59, 0.008, 89.59, -29.79);
insert into SHOT values (914, 907, 918, 104, 3.940, 71.68, 73.00, 3.944, 71.88, 72.93, 0.007, 107.84, 17.71);
insert into SHOT values (915, 907, 919, 104, 2.500, 1.48, 13.90, 2.494, 1.66, 13.92, 0.009, 129.36, -3.46);
insert into SHOT values (916, 919, 920, 104, 2.540, 330.28, 15.40, 2.547, 330.20, 15.48, 0.009, 298.82, 38.70);
insert into SHOT values (917, 919, 921, 104, 2.020, 351.98, 15.00, 2.018, 351.75, 14.93, 0.009, 255.00, -19.22);
insert into SHOT values (918, 919, 922, 104, 1.310, 352.78, 13.30, 1.315, 352.82, 13.19, 0.005, 2.29, -14.58);
insert into SHOT values (919, 919, 923, 104, 2.340, 306.58, 5.80, 2.342, 306.62, 5.88, 0.004, 347.96, 52.93);
insert into SHOT values (920, 919, 924, 104, 1.740, 288.88, 7.10, 1.747, 288.85, 7.23, 0.008, 281.38, 37.75);
insert into SHOT values (921, 919, 925, 104, 1.190, 264.38, 8.60, 1.199, 264.67, 8.64, 0.011, 299.99, 11.13);
insert into SHOT values (922, 919, 926, 104, 1.270, 237.98, 3.00, 1.273, 238.19, 3.15, 0.006, 297.51, 33.80);
insert into SHOT values (923, 919, 927, 104, 1.420, 199.48, 1.40, 1.424, 199.71, 1.61, 0.009, 255.62, 37.96);
insert into SHOT values (924, 919, 928, 104, 3.330, 175.98, 3.00, 3.333, 176.04, 3.10, 0.007, 228.41, 54.16);
insert into SHOT values (925, 919, 929, 104, 4.230, 165.48, 3.00, 4.228, 165.60, 2.98, 0.009, 265.54, -8.66);
insert into SHOT values (926, 919, 930, 104, 3.520, 116.58, 83.30, 3.523, 116.57, 83.44, 0.009, 297.35, 26.25);
insert into SHOT values (927, 919, 931, 104, 8.970, 358.28, 84.30, 8.974, 358.07, 84.31, 0.005, 261.36, 52.76);
insert into SHOT values (928, 919, 932, 104, 2.110, 240.18, -72.70, 2.107, 240.59, -72.56, 0.008, 289.74, 37.30);
insert into SHOT values (929, 919, 933, 104, 9.620, 9.38, 82.90, 9.623, 9.22, 82.92, 0.006, 230.43, 37.34);
insert into SHOT values (930, 919, 934, 104, 5.990, 16.28, 76.30, 5.989, 16.00, 76.34, 0.008, 257.06, 3.04);
insert into SHOT values (931, 919, 935, 104, 9.720, 0.58, 82.30, 9.717, 0.44, 82.31, 0.005, 234.53, -30.97);
insert into SHOT values (932, 919, 936, 104, 4.450, 296.18, 31.00, 4.453, 296.10, 30.95, 0.008, 247.15, -14.31);
insert into SHOT values (933, 936, 937, 104, 0.980, 180.88, -8.20, 0.980, 180.59, -8.21, 0.005, 91.56, -2.61);
insert into SHOT values (934, 936, 938, 104, 2.860, 200.48, -9.70, 2.857, 200.37, -9.67, 0.007, 81.83, 16.25);
insert into SHOT values (935, 936, 939, 104, 4.940, 209.38, -8.70, 4.932, 209.35, -8.63, 0.011, 48.39, 43.35);
insert into SHOT values (936, 936, 940, 104, 6.140, 217.28, -7.30, 6.136, 217.32, -7.30, 0.006, 350.08, 1.70);
insert into SHOT values (937, 936, 941, 104, 4.010, 222.28, -4.90, 4.007, 222.36, -4.87, 0.007, 340.84, 21.69);
insert into SHOT values (938, 936, 942, 104, 2.970, 229.68, -4.80, 2.961, 229.67, -4.65, 0.012, 52.63, 46.03);
insert into SHOT values (939, 936, 943, 104, 2.570, 241.28, -2.10, 2.566, 241.34, -2.01, 0.006, 29.63, 41.47);
insert into SHOT values (940, 936, 944, 104, 2.320, 262.58, 2.20, 2.321, 262.57, 2.22, 0.002, 240.30, 36.11);
insert into SHOT values (941, 936, 945, 104, 1.360, 287.68, 4.40, 1.361, 288.03, 4.64, 0.010, 13.36, 33.99);
insert into SHOT values (942, 936, 946, 104, 0.730, 308.18, 5.90, 0.731, 308.29, 6.29, 0.005, 34.52, 74.34);
insert into SHOT values (943, 936, 947, 104, 0.320, 353.48, 7.40, 0.324, 354.64, 7.09, 0.008, 51.96, -9.01);
insert into SHOT values (944, 936, 948, 104, 5.460, 29.98, 83.00, 5.461, 29.64, 82.98, 0.004, 325.34, 8.99);
insert into SHOT values (945, 936, 949, 104, 0.860, 265.98, 72.80, 0.867, 267.71, 73.22, 0.012, 25.21, 44.37);
insert into SHOT values (946, 936, 950, 104, 1.250, 68.18, -84.40, 1.247, 67.38, -84.02, 0.009, 55.40, 26.16);
insert into SHOT values (947, 936, 951, 104, 4.140, 220.08, -62.50, 4.137, 220.11, -62.52, 0.004, 17.44, 38.49);
insert into SHOT values (948, 936, 952, 104, 17.750, 213.88, -57.90, 17.745, 213.89, -57.89, 0.007, 291.71, 73.11);
insert into SHOT values (949, 936, 953, 104, 6.580, 310.78, 37.60, 6.587, 310.80, 37.61, 0.008, 333.47, 43.90);
insert into SHOT values (950, 919, 954, 104, 7.960, 344.88, 32.70, 7.963, 344.86, 32.68, 0.004, 320.40, -4.01);
insert into SHOT values (951, 954, 955, 104, 1.200, 332.48, 6.20, 1.201, 332.58, 6.21, 0.002, 31.28, 9.72);
insert into SHOT values (952, 954, 956, 104, 4.490, 352.88, 15.50, 4.487, 352.83, 15.51, 0.005, 228.40, 1.13);
insert into SHOT values (953, 954, 957, 104, 2.370, 7.98, 10.70, 2.363, 7.92, 10.73, 0.007, 208.07, -0.24);
insert into SHOT values (954, 954, 958, 104, 1.240, 34.98, 7.50, 1.239, 34.72, 7.42, 0.006, 299.34, -18.56);
insert into SHOT values (955, 954, 959, 104, 0.860, 71.08, 1.20, 0.857, 70.93, 1.34, 0.004, 289.91, 29.10);
insert into SHOT values (956, 954, 960, 104, 0.930, 86.78, 1.20, 0.932, 86.92, 1.23, 0.003, 142.98, 10.68);
insert into SHOT values (957, 954, 961, 104, 1.570, 128.68, -5.70, 1.572, 128.77, -5.48, 0.007, 172.90, 58.31);
insert into SHOT values (958, 954, 962, 104, 3.060, 154.98, -6.10, 3.063, 154.95, -6.00, 0.007, 131.72, 50.50);
insert into SHOT values (959, 954, 963, 104, 4.280, 162.38, -5.10, 4.286, 162.41, -5.09, 0.007, 183.23, 3.85);
insert into SHOT values (960, 954, 964, 104, 1.970, 172.08, -13.90, 1.974, 172.21, -13.77, 0.008, 210.39, 25.31);
insert into SHOT values (961, 954, 965, 104, 2.660, 99.78, 72.30, 2.667, 99.93, 72.27, 0.007, 130.83, 55.95);
insert into SHOT values (962, 954, 966, 104, 1.280, 100.08, -85.50, 1.274, 101.31, -85.41, 0.007, 155.13, 66.21);
insert into SHOT values (963, 954, 967, 104, 10.940, 348.48, 20.80, 10.940, 348.49, 20.83, 0.006, 113.23, 63.83);
insert into SHOT values (964, 967, 968, 104, 0.810, 266.68, 0.00, 0.812, 266.47, 0.00, 0.003, 203.67, 0.00);
insert into SHOT values (965, 967, 969, 104, 1.330, 308.78, 6.80, 1.331, 308.86, 6.47, 0.008, 350.11, -69.01);
insert into SHOT values (966, 967, 970, 104, 2.380, 324.88, 8.80, 2.380, 324.69, 8.70, 0.009, 241.21, -27.38);
insert into SHOT values (967, 967, 971, 104, 6.030, 333.78, 1.20, 6.034, 333.73, 1.14, 0.009, 284.02, -43.26);
insert into SHOT values (968, 967, 972, 104, 3.420, 340.88, -1.80, 3.420, 340.88, -1.84, 0.003, 303.24, -80.07);
insert into SHOT values (969, 967, 973, 104, 0.310, 81.98, 12.50, 0.309, 82.41, 11.21, 0.007, 172.11, -72.46);
insert into SHOT values (970, 967, 974, 104, 2.160, 162.28, 11.50, 2.162, 162.42, 11.47, 0.006, 228.08, -6.40);
insert into SHOT values (971, 967, 975, 104, 1.650, 182.58, 3.50, 1.655, 182.78, 3.46, 0.008, 230.92, -5.54);
insert into SHOT values (972, 967, 976, 104, 1.070, 210.28, 2.90, 1.068, 210.41, 2.68, 0.005, 337.76, -53.50);
insert into SHOT values (973, 967, 977, 104, 0.760, 236.58, 5.70, 0.769, 236.73, 5.22, 0.011, 248.35, -30.09);
insert into SHOT values (974, 967, 978, 104, 0.890, 227.08, 84.80, 0.884, 225.00, 84.49, 0.008, 190.39, -50.87);
insert into SHOT values (975, 967, 979, 104, 1.540, 248.58, -75.30, 1.542, 249.27, -75.13, 0.007, 293.61, -3.45);
insert into SHOT values (976, 967, 980, 104, 8.470, 268.08, -57.50, 8.476, 268.11, -57.51, 0.007, 326.13, -65.75);
insert into SHOT values (977, 967, 981, 104, 7.020, 267.48, -56.50, 7.025, 267.48, -56.53, 0.006, 69.79, -81.56);
insert into SHOT values (978, 967, 982, 104, 8.120, 339.58, 14.30, 8.117, 339.54, 14.27, 0.008, 230.28, -42.04);
insert into SHOT values (979, 982, 983, 104, 1.070, 315.18, -7.20, 1.076, 315.38, -6.94, 0.008, 346.10, 29.66);
insert into SHOT values (980, 982, 984, 104, 3.820, 333.68, -5.20, 3.821, 333.64, -5.11, 0.007, 271.48, 62.15);
insert into SHOT values (981, 982, 985, 104, 2.500, 357.48, 7.20, 2.503, 357.46, 7.35, 0.007, 335.20, 70.77);
insert into SHOT values (982, 982, 986, 104, 1.300, 14.08, 5.50, 1.306, 14.25, 5.71, 0.009, 46.81, 37.23);
insert into SHOT values (983, 982, 987, 104, 0.900, 40.68, 4.30, 0.903, 40.95, 4.45, 0.006, 96.83, 26.61);
insert into SHOT values (984, 982, 988, 104, 0.360, 241.88, -5.20, 0.364, 242.02, -4.73, 0.005, 254.87, 33.74);
insert into SHOT values (985, 982, 989, 104, 1.380, 122.98, -0.10, 1.381, 122.88, 0.00, 0.004, 63.08, 42.03);
insert into SHOT values (986, 982, 990, 104, 2.790, 151.58, -3.00, 2.791, 151.50, -2.87, 0.007, 84.17, 56.25);
insert into SHOT values (987, 982, 991, 104, 2.990, 157.88, -4.20, 2.987, 157.91, -4.22, 0.004, 311.56, -15.10);
insert into SHOT values (988, 982, 992, 104, 2.940, 165.78, -18.50, 2.938, 165.66, -18.45, 0.006, 62.77, 26.39);
insert into SHOT values (989, 982, 993, 104, 2.670, 66.18, 74.70, 2.676, 65.96, 74.58, 0.009, 45.01, 30.92);
insert into SHOT values (990, 982, 994, 104, 2.210, 269.08, -71.20, 2.207, 269.19, -71.23, 0.003, 56.00, 39.38);
insert into SHOT values (991, 982, 995, 104, 3.770, 334.58, 1.00, 3.776, 334.59, 1.06, 0.007, 339.88, 35.72);
insert into SHOT values (992, 995, 996, 104, 0.310, 264.68, 5.80, 0.303, 264.29, 5.68, 0.007, 101.24, -10.41);
insert into SHOT values (993, 995, 997, 104, 1.340, 307.48, 9.50, 1.338, 307.30, 9.46, 0.005, 196.13, -14.91);
insert into SHOT values (994, 995, 998, 104, 2.240, 323.28, -0.90, 2.236, 323.18, -1.02, 0.007, 189.41, -41.85);
insert into SHOT values (995, 995, 999, 104, 1.230, 342.38, 4.50, 1.230, 342.45, 4.19, 0.007, 41.49, -74.90);
insert into SHOT values (996, 995, 1000, 104, 1.410, 26.18, 15.50, 1.412, 26.19, 15.62, 0.003, 38.06, 74.96);
insert into SHOT values (997, 995, 1001, 104, 0.960, 60.18, 15.90, 0.959, 60.10, 15.73, 0.003, 310.80, -65.64);
insert into SHOT values (998, 995, 1002, 104, 1.050, 94.88, 15.70, 1.052, 95.09, 15.44, 0.006, 144.62, -40.11);
insert into SHOT values (999, 995, 1003, 104, 1.950, 120.88, 10.60, 1.958, 120.96, 10.60, 0.008, 141.32, 9.20);
insert into SHOT values (1000, 995, 1004, 104, 0.870, 169.48, -4.00, 0.877, 169.46, -3.92, 0.007, 166.96, 5.71);
insert into SHOT values (1001, 995, 1005, 104, 3.770, 72.88, 60.60, 3.766, 73.03, 60.57, 0.007, 164.89, -42.12);
insert into SHOT values (1002, 995, 1006, 104, 1.300, 237.48, -65.70, 1.305, 237.20, -65.78, 0.006, 155.64, -62.93);
insert into SHOT values (1003, 995, 1007, 104, 2.080, 57.28, 67.40, 2.082, 57.69, 67.26, 0.008, 105.36, -2.04);
insert into SHOT values (1004, 1007, 1008, 104, 0.780, 327.48, 6.80, 0.779, 327.13, 6.63, 0.005, 229.74, -26.32);
insert into SHOT values (1005, 1007, 1009, 104, 1.840, 354.88, 5.30, 1.836, 354.66, 5.31, 0.008, 233.49, 0.27);
insert into SHOT values (1006, 1007, 1010, 104, 0.850, 7.68, 5.70, 0.851, 7.46, 5.39, 0.006, 300.48, -51.40);
insert into SHOT values (1007, 1007, 1011, 104, 0.600, 52.18, 2.40, 0.598, 51.79, 1.92, 0.007, 304.24, -50.02);
insert into SHOT values (1008, 1007, 1012, 104, 0.560, 98.08, 3.80, 0.557, 98.28, 4.12, 0.005, 245.68, 39.24);
insert into SHOT values (1009, 1007, 1013, 104, 0.930, 131.28, 7.40, 0.929, 131.48, 7.42, 0.003, 243.23, 3.67);
insert into SHOT values (1010, 1007, 1014, 104, 0.310, 247.98, 12.10, 0.316, 249.23, 10.95, 0.011, 292.04, -27.17);
insert into SHOT values (1011, 1007, 1015, 104, 0.490, 256.18, 15.20, 0.491, 256.55, 15.37, 0.003, 344.28, 26.51);
insert into SHOT values (1012, 1007, 1016, 104, 1.250, 49.18, 47.40, 1.248, 49.33, 47.47, 0.003, 185.63, -2.25);
insert into SHOT values (1013, 1007, 1017, 104, 3.320, 200.88, -70.40, 3.322, 201.04, -70.40, 0.004, 280.34, -37.37);
insert into SHOT values (1014, 1007, 1018, 104, 3.760, 342.48, 3.10, 3.759, 342.48, 3.05, 0.003, 149.11, -83.09);
insert into SHOT values (1015, 1018, 1019, 104, 1.460, 244.78, -1.30, 1.468, 245.01, -1.17, 0.010, 281.44, 17.86);
insert into SHOT values (1016, 1018, 1020, 104, 1.530, 277.38, 3.50, 1.536, 277.50, 3.73, 0.009, 304.76, 44.54);
insert into SHOT values (1017, 1018, 1021, 104, 1.950, 293.78, 6.70, 1.957, 293.66, 6.75, 0.008, 263.08, 17.70);
insert into SHOT values (1018, 1018, 1022, 104, 3.360, 315.78, 11.30, 3.361, 315.74, 11.33, 0.003, 237.76, 32.67);
insert into SHOT values (1019, 1018, 1023, 104, 2.840, 347.38, 15.00, 2.844, 347.38, 15.08, 0.006, 347.39, 57.85);
insert into SHOT values (1020, 1018, 1024, 104, 0.370, 53.88, 20.40, 0.368, 54.46, 20.70, 0.005, 181.78, 13.08);
insert into SHOT values (1021, 1018, 1025, 104, 0.960, 347.48, 27.60, 0.963, 347.11, 27.86, 0.008, 264.61, 43.04);
insert into SHOT values (1022, 1018, 1026, 104, 1.540, 146.68, 12.70, 1.541, 146.94, 12.74, 0.007, 228.53, 11.62);
insert into SHOT values (1023, 1018, 1027, 104, 2.770, 172.68, 20.00, 2.769, 172.71, 20.06, 0.004, 317.13, 47.67);
insert into SHOT values (1024, 1018, 1028, 104, 2.680, 195.48, 8.60, 2.677, 195.56, 8.59, 0.005, 323.95, -9.29);
insert into SHOT values (1025, 1018, 1029, 104, 2.230, 205.88, 1.00, 2.237, 205.99, 1.02, 0.008, 239.61, 7.86);
insert into SHOT values (1026, 1018, 1030, 104, 1.670, 201.88, 14.50, 1.673, 202.13, 14.54, 0.008, 272.57, 14.03);
insert into SHOT values (1027, 1018, 1031, 104, 2.170, 304.98, 80.90, 2.169, 304.59, 80.65, 0.010, 290.23, -16.00);
insert into SHOT values (1028, 1018, 1032, 104, 2.250, 261.78, -66.60, 2.248, 261.69, -66.41, 0.008, 248.09, 39.36);
insert into SHOT values (1029, 1018, 1033, 104, 5.840, 337.38, 25.40, 5.843, 337.37, 25.44, 0.005, 286.94, 78.06);
insert into SHOT values (1030, 1033, 1034, 104, 1.060, 233.78, 4.20, 1.068, 233.78, 3.76, 0.012, 233.11, -40.57);
insert into SHOT values (1031, 1033, 1035, 104, 2.000, 272.78, 13.00, 2.003, 272.64, 12.98, 0.006, 218.07, 0.97);
insert into SHOT values (1032, 1033, 1036, 104, 2.990, 288.78, 11.20, 2.991, 288.68, 11.18, 0.005, 215.93, -8.18);
insert into SHOT values (1033, 1033, 1037, 104, 2.340, 299.38, 16.00, 2.337, 299.30, 15.89, 0.006, 179.37, -54.55);
insert into SHOT values (1034, 1033, 1038, 104, 2.220, 325.18, 18.20, 2.221, 325.03, 18.10, 0.007, 256.97, -29.54);
insert into SHOT values (1035, 1033, 1039, 104, 1.560, 338.28, 14.60, 1.557, 338.20, 14.50, 0.004, 208.76, -49.06);
insert into SHOT values (1036, 1033, 1040, 104, 0.440, 42.88, 3.60, 0.432, 42.18, 2.65, 0.012, 258.56, -40.29);
insert into SHOT values (1037, 1033, 1041, 104, 0.910, 136.88, 2.10, 0.906, 136.79, 1.90, 0.005, 337.31, -39.15);
insert into SHOT values (1038, 1033, 1042, 104, 0.830, 167.38, 4.50, 0.832, 167.47, 4.14, 0.006, 196.89, -62.54);
insert into SHOT values (1039, 1033, 1043, 104, 0.720, 176.98, 10.40, 0.722, 177.58, 10.37, 0.008, 248.94, 0.19);
insert into SHOT values (1040, 1033, 1044, 104, 1.500, 252.68, 82.70, 1.493, 252.47, 82.33, 0.012, 247.94, -42.10);
insert into SHOT values (1041, 1033, 1045, 104, 1.020, 138.88, -63.40, 1.026, 138.58, -63.76, 0.009, 355.09, -62.89);
insert into SHOT values (1042, 1033, 1046, 104, 3.250, 270.68, 34.70, 3.257, 270.64, 34.62, 0.008, 258.04, -1.08);
insert into SHOT values (1043, 1046, 1047, 104, 1.140, 299.48, 16.40, 1.139, 299.61, 16.32, 0.003, 48.30, -34.67);
insert into SHOT values (1044, 1046, 1048, 104, 0.710, 332.68, 11.50, 0.712, 332.70, 11.35, 0.003, 339.67, -38.10);
insert into SHOT values (1045, 1046, 1049, 104, 0.630, 359.08, 4.70, 0.632, 359.09, 4.54, 0.003, 1.93, -36.38);
insert into SHOT values (1046, 1046, 1050, 104, 0.900, 37.58, 2.50, 0.899, 37.76, 2.55, 0.003, 147.55, 13.72);
insert into SHOT values (1047, 1046, 1051, 104, 0.970, 59.58, -3.60, 0.974, 59.74, -3.53, 0.005, 91.84, 9.93);
insert into SHOT values (1048, 1046, 1052, 104, 1.100, 83.38, 0.10, 1.108, 83.26, 0.00, 0.008, 66.42, -13.49);
insert into SHOT values (1049, 1046, 1053, 104, 0.900, 125.58, 11.20, 0.899, 125.31, 10.91, 0.006, 28.13, -48.98);
insert into SHOT values (1050, 1046, 1054, 104, 0.340, 149.18, 11.80, 0.335, 148.74, 12.06, 0.006, 354.97, 4.61);
insert into SHOT values (1051, 1046, 1055, 104, 4.200, 5.08, 74.20, 4.199, 5.51, 74.17, 0.009, 84.01, -8.53);
insert into SHOT values (1052, 1046, 1056, 104, 4.100, 10.38, 76.10, 4.100, 10.51, 76.08, 0.003, 64.86, 1.28);
insert into SHOT values (1053, 1046, 1057, 104, 4.740, 13.18, 73.00, 4.738, 13.34, 72.97, 0.005, 80.53, -35.44);
insert into SHOT values (1054, 1046, 1058, 104, 1.860, 42.98, -83.00, 1.865, 43.26, -82.81, 0.008, 52.66, -29.35);
insert into SHOT values (1055, 1046, 1059, 104, 5.040, 319.08, 59.00, 5.039, 319.06, 59.01, 0.001, 170.96, -4.75);
insert into SHOT values (1056, 1059, 1060, 104, 1.040, 191.58, 3.00, 1.031, 191.20, 2.78, 0.012, 48.80, -21.43);
insert into SHOT values (1057, 1059, 1061, 104, 1.200, 215.28, 0.90, 1.199, 215.15, 0.96, 0.003, 99.82, 20.63);
insert into SHOT values (1058, 1059, 1062, 104, 1.360, 226.98, -1.80, 1.352, 227.10, -2.12, 0.011, 27.42, -41.15);
insert into SHOT values (1059, 1059, 1063, 104, 2.240, 240.98, -5.40, 2.239, 241.02, -5.38, 0.002, 2.79, 23.86);
insert into SHOT values (1060, 1059, 1064, 104, 2.290, 262.78, -2.20, 2.289, 262.97, -2.25, 0.008, 1.30, -15.45);
insert into SHOT values (1061, 1059, 1065, 104, 2.470, 274.48, 2.30, 2.470, 274.65, 2.32, 0.007, 3.72, 6.92);
insert into SHOT values (1062, 1059, 1066, 104, 1.880, 300.38, 6.80, 1.882, 300.54, 6.71, 0.006, 4.25, -23.75);
insert into SHOT values (1063, 1059, 1067, 104, 1.710, 313.38, 11.00, 1.714, 313.56, 10.76, 0.009, 0.04, -41.59);
insert into SHOT values (1064, 1059, 1068, 104, 0.970, 328.88, 21.30, 0.971, 329.47, 21.13, 0.010, 48.24, -13.94);
insert into SHOT values (1065, 1059, 1069, 104, 0.430, 13.48, 26.50, 0.434, 13.32, 25.94, 0.006, 2.89, -17.86);
insert into SHOT values (1066, 1059, 1070, 104, 0.850, 134.78, 6.40, 0.846, 134.52, 6.10, 0.007, 4.83, -43.40);
insert into SHOT values (1067, 1059, 1071, 104, 0.340, 171.78, 0.90, 0.334, 171.38, 0.00, 0.009, 12.20, -38.91);
insert into SHOT values (1068, 1059, 1072, 104, 0.310, 178.28, 5.00, 0.311, 178.15, 3.69, 0.007, 150.89, -77.86);
insert into SHOT values (1069, 1059, 1073, 104, 1.250, 241.78, 79.70, 1.249, 242.24, 80.10, 0.009, 50.68, 0.92);
insert into SHOT values (1070, 1059, 1074, 104, 1.010, 193.78, 77.20, 1.003, 193.39, 77.58, 0.009, 24.27, -31.39);
insert into SHOT values (1071, 1059, 1075, 104, 3.200, 278.98, 70.00, 3.193, 278.95, 69.98, 0.007, 128.96, -79.13);
insert into SHOT values (1072, 1059, 1076, 104, 0.990, 182.68, -64.90, 0.993, 182.73, -64.96, 0.004, 215.55, -79.96);
insert into SHOT values (1073, 1059, 1077, 104, 3.350, 200.08, -55.40, 3.348, 200.06, -55.53, 0.008, 25.27, -18.76);
insert into SHOT values (1074, 1059, 1078, 104, 2.250, 261.48, -10.40, 2.243, 261.39, -10.53, 0.010, 104.03, -23.34);
insert into SHOT values (1075, 1078, 1079, 104, 0.810, 5.08, 13.90, 0.818, 5.06, 14.15, 0.009, 3.10, 38.46);
insert into SHOT values (1076, 1078, 1080, 104, 1.510, 37.88, 12.60, 1.513, 37.57, 12.60, 0.008, 324.85, 4.11);
insert into SHOT values (1077, 1078, 1081, 104, 2.040, 69.28, 12.50, 2.039, 69.11, 12.46, 0.006, 332.20, -14.19);
insert into SHOT values (1078, 1078, 1082, 104, 2.860, 97.18, 8.60, 2.854, 97.13, 8.66, 0.007, 301.54, 19.31);
insert into SHOT values (1079, 1078, 1083, 104, 2.110, 106.98, 8.50, 2.101, 106.78, 8.48, 0.011, 328.27, -9.59);
insert into SHOT values (1080, 1078, 1084, 104, 1.180, 119.88, 5.90, 1.171, 119.87, 5.88, 0.009, 301.65, -8.13);
insert into SHOT values (1081, 1078, 1085, 104, 0.440, 160.48, -4.40, 0.434, 161.15, -3.96, 0.008, 297.94, 26.76);
insert into SHOT values (1082, 1078, 1086, 104, 0.340, 284.08, 10.40, 0.347, 285.26, 9.95, 0.010, 326.90, -7.60);
insert into SHOT values (1083, 1078, 1087, 104, 14.560, 39.68, 63.30, 14.562, 39.60, 63.31, 0.009, 305.48, 15.92);
insert into SHOT values (1084, 1078, 1088, 104, 3.800, 20.88, 73.10, 3.806, 20.56, 73.03, 0.010, 334.68, 25.23);
insert into SHOT values (1085, 1078, 1089, 104, 1.870, 94.78, -66.80, 1.869, 94.70, -66.93, 0.005, 288.76, -15.67);
insert into SHOT values (1086, 1078, 1090, 104, 14.690, 47.78, 65.60, 14.691, 47.74, 65.61, 0.005, 297.04, 23.57);
insert into SHOT values (1087, 816, 1091, 104, 9.300, 214.38, -65.10, 9.303, 214.38, -65.12, 0.005, 35.02, -66.64);
insert into SHOT values (1088, 1091, 1092, 104, 19.160, 155.98, 27.00, 19.166, 155.99, 27.00, 0.007, 170.88, 13.02);
insert into SHOT values (1089, 1091, 1093, 104, 2.320, 118.08, 21.50, 2.318, 118.23, 21.51, 0.006, 228.70, -2.72);
insert into SHOT values (1090, 1091, 1094, 104, 22.110, 113.48, 44.30, 22.115, 113.50, 44.32, 0.010, 215.61, 52.00);
insert into SHOT values (1091, 1091, 1095, 104, 14.440, 114.58, -12.10, 14.438, 114.57, -12.07, 0.008, 6.03, 64.87);
insert into SHOT values (1092, 1091, 1096, 104, 3.370, 217.28, 14.30, 3.374, 217.29, 14.41, 0.008, 230.11, 71.35);
insert into SHOT values (1093, 1091, 1097, 104, 1.120, 20.38, 21.20, 1.122, 20.17, 21.44, 0.006, 287.70, 52.43);
insert into SHOT values (1094, 1091, 1098, 104, 5.410, 310.68, 24.00, 5.410, 310.65, 23.99, 0.003, 231.53, -9.89);
insert into SHOT values (1095, 1091, 1099, 104, 8.280, 303.88, 25.90, 8.278, 303.88, 25.93, 0.005, 121.19, 37.84);
insert into SHOT values (1096, 1091, 1100, 104, 4.530, 282.98, 36.90, 4.529, 282.92, 36.91, 0.004, 180.00, 1.49);
insert into SHOT values (1097, 1091, 1101, 104, 2.950, 231.38, 9.80, 2.954, 231.28, 9.94, 0.010, 167.69, 53.76);
insert into SHOT values (1098, 1091, 1102, 104, 14.080, 335.18, -84.70, 14.080, 335.01, -84.69, 0.004, 263.68, -2.74);
insert into SHOT values (1099, 1102, 1103, 104, 0.780, 340.88, 7.60, 0.779, 341.10, 8.11, 0.008, 98.79, 64.43);
insert into SHOT values (1100, 1102, 1104, 104, 5.320, 262.18, 2.20, 5.313, 262.21, 2.27, 0.009, 63.94, 37.97);
insert into SHOT values (1101, 1102, 1105, 104, 7.310, 242.68, 2.80, 7.304, 242.66, 2.83, 0.008, 82.45, 22.66);
insert into SHOT values (1102, 1102, 1106, 104, 1.260, 207.88, 2.70, 1.258, 207.99, 2.73, 0.003, 330.16, 12.60);
insert into SHOT values (1103, 1102, 1107, 104, 13.260, 106.78, -0.20, 13.265, 106.78, -0.17, 0.008, 110.27, 51.28);
insert into SHOT values (1104, 1102, 1108, 104, 6.640, 108.38, 0.70, 6.638, 108.35, 0.69, 0.004, 347.96, -16.82);
insert into SHOT values (1105, 1102, 1109, 104, 3.790, 123.58, 1.80, 3.796, 123.61, 1.81, 0.006, 139.32, 8.66);
insert into SHOT values (1106, 1102, 1110, 104, 1.850, 145.18, 2.40, 1.855, 145.11, 2.47, 0.006, 119.15, 25.69);
insert into SHOT values (1107, 1102, 1111, 104, 1.490, 197.48, 6.00, 1.486, 197.33, 6.18, 0.007, 56.38, 34.67);
insert into SHOT values (1108, 1102, 1112, 104, 11.540, 241.48, -73.30, 11.535, 241.50, -73.32, 0.006, 48.55, 33.20);
insert into SHOT values (1109, 1112, 1113, 104, 4.170, 260.58, 14.70, 4.171, 260.58, 14.72, 0.002, 277.74, 64.17);
insert into SHOT values (1110, 1112, 1114, 104, 16.680, 97.98, 6.00, 16.683, 98.00, 5.99, 0.008, 163.46, -26.31);
insert into SHOT values (1111, 1112, 1115, 104, 2.020, 46.78, 8.80, 2.012, 46.83, 8.86, 0.008, 214.01, 6.55);
insert into SHOT values (1112, 1112, 1116, 104, 1.180, 354.68, 15.60, 1.180, 354.44, 15.74, 0.006, 250.55, 28.55);
insert into SHOT values (1113, 1112, 1117, 104, 9.740, 276.08, -63.90, 9.742, 276.03, -63.92, 0.005, 167.03, -38.71);
insert into SHOT values (1114, 1112, 1118, 104, 15.200, 268.88, -75.80, 15.205, 268.77, -75.80, 0.009, 195.90, -30.76);
insert into SHOT values (1115, 1118, 1119, 104, 9.890, 89.98, 33.60, 9.896, 89.93, 33.63, 0.010, 18.45, 42.43);
insert into SHOT values (1116, 1118, 1120, 104, 9.070, 200.68, -5.00, 9.067, 200.68, -5.00, 0.003, 16.44, 8.39);
insert into SHOT values (1117, 1118, 1121, 104, 1.760, 145.28, 5.80, 1.762, 145.22, 5.86, 0.004, 105.86, 37.22);
insert into SHOT values (1118, 1118, 1122, 104, 1.980, 102.08, 29.50, 1.986, 102.03, 29.56, 0.007, 82.18, 45.55);
insert into SHOT values (1119, 1118, 1123, 104, 0.590, 344.78, 23.40, 0.598, 345.20, 23.64, 0.010, 15.93, 36.02);
insert into SHOT values (1120, 1118, 1124, 104, 8.940, 190.48, -29.60, 8.933, 190.46, -29.58, 0.008, 47.95, 47.39);
insert into SHOT values (1121, 1124, 1125, 104, 2.230, 349.38, 1.50, 2.229, 349.40, 1.54, 0.002, 142.50, 50.68);
insert into SHOT values (1122, 1124, 1126, 104, 4.330, 27.58, 4.70, 4.326, 27.63, 4.64, 0.007, 158.68, -41.58);
insert into SHOT values (1123, 1124, 1127, 104, 3.160, 39.68, 7.70, 3.160, 39.69, 7.64, 0.003, 96.18, -81.45);
insert into SHOT values (1124, 1124, 1128, 104, 9.670, 29.18, 29.60, 9.671, 29.19, 29.62, 0.004, 149.52, 73.29);
insert into SHOT values (1125, 1124, 1129, 104, 5.510, 242.28, 16.50, 5.512, 242.27, 16.44, 0.006, 230.81, -49.95);
insert into SHOT values (1126, 1124, 1130, 104, 5.220, 286.88, 7.80, 5.221, 286.86, 7.82, 0.003, 212.92, 36.80);
insert into SHOT values (1127, 1124, 1131, 104, 2.310, 317.88, 3.50, 2.312, 317.81, 3.47, 0.004, 266.13, -15.71);
insert into SHOT values (1128, 1124, 1132, 104, 10.430, 277.38, 55.40, 10.429, 277.36, 55.35, 0.008, 262.73, -39.20);
insert into SHOT values (1129, 1124, 1133, 104, 1.730, 343.08, -80.50, 1.734, 341.57, -80.55, 0.008, 245.31, -26.12);
insert into SHOT values (1130, 1124, 1134, 104, 7.990, 30.18, -76.70, 7.994, 30.05, -76.71, 0.006, 284.71, -45.67);
insert into SHOT values (1131, 1124, 1135, 104, 20.810, 264.88, -75.20, 20.812, 264.83, -75.18, 0.008, 223.51, -2.97);
insert into SHOT values (1132, 1124, 1136, 104, 5.570, 260.28, 12.70, 5.574, 260.26, 12.64, 0.007, 237.98, -42.09);
insert into SHOT values (1133, 1136, 1137, 104, 2.070, 4.58, 5.50, 2.077, 4.72, 5.53, 0.008, 41.70, 11.06);
insert into SHOT values (1134, 1136, 1138, 104, 3.250, 42.58, 0.10, 3.248, 42.63, 0.18, 0.005, 162.48, 53.50);
insert into SHOT values (1135, 1136, 1139, 104, 7.820, 69.68, 0.00, 7.828, 69.67, 0.00, 0.008, 55.88, 0.00);
insert into SHOT values (1136, 1136, 1140, 104, 4.610, 77.38, 3.70, 4.612, 77.32, 3.73, 0.006, 8.52, 26.64);
insert into SHOT values (1137, 1136, 1141, 104, 6.830, 76.58, 4.00, 6.833, 76.60, 4.03, 0.005, 114.63, 50.62);
insert into SHOT values (1138, 1136, 1142, 104, 3.880, 88.98, 2.20, 3.884, 88.97, 2.21, 0.004, 73.54, 16.24);
insert into SHOT values (1139, 1136, 1143, 104, 3.320, 117.18, 3.20, 3.319, 117.11, 3.28, 0.006, 16.32, 46.85);
insert into SHOT values (1140, 1136, 1144, 104, 1.350, 160.38, 10.60, 1.352, 160.20, 10.66, 0.005, 90.97, 20.53);
insert into SHOT values (1141, 1136, 1145, 104, 2.560, 165.28, 5.00, 2.555, 165.20, 5.17, 0.010, 17.10, 45.06);
insert into SHOT values (1142, 1136, 1146, 104, 1.060, 210.08, 2.50, 1.054, 210.22, 2.72, 0.007, 7.04, 30.40);
insert into SHOT values (1143, 1136, 1147, 104, 3.310, 266.58, 12.50, 3.305, 266.62, 12.58, 0.007, 64.67, 29.25);
insert into SHOT values (1144, 1136, 1148, 104, 7.020, 314.58, 29.20, 7.019, 314.60, 29.25, 0.007, 105.05, 47.12);
insert into SHOT values (1145, 1136, 1149, 104, 7.730, 53.08, -67.10, 7.732, 53.09, -67.06, 0.006, 58.73, 7.13);
insert into SHOT values (1146, 1136, 1150, 104, 20.830, 125.78, -76.70, 20.829, 125.75, -76.70, 0.003, 54.61, 23.32);
insert into SHOT values (1147, 1136, 1151, 104, 20.850, 288.48, -88.70, 20.845, 288.43, -88.70, 0.005, 272.37, 73.59);
insert into SCRAPS values (106, 97, 'SP-Gouffre_du_Colonney_00', 1, 2.38912, 0.04055);
 insert into SCRAPS values (139, 97, 'SP-Gouffre_du_Colonney_01', 1, 100.00000, 1.21462);
 insert into SCRAPS values (195, 97, 'SP-Gouffre_du_Colonney_02', 1, 0.72010, 0.02277);
 insert into SCRAPS values (235, 97, 'SP-Gouffre_du_Colonney_03', 1, 0.56003, 0.05338);
 insert into SCRAPS values (245, 97, 'SP-Gouffre_du_Colonney_04', 1, 7.39725, 0.05979);
 insert into SCRAPS values (331, 97, 'SC-Gouffre_du_Colonney_00', 2, 12.20203, 0.08002);
 insert into SCRAPS values (384, 97, 'SC-Gouffre_du_Colonney_01', 2, 0.03591, 0.00045);
 insert into SCRAPS values (466, 97, 'SC-Gouffre_du_Colonney_02', 2, 0.42851, 0.00290);
 insert into SCRAPS values (520, 97, 'SC-Gouffre_du_Colonney_03', 2, 9.68765, 0.21288);
 insert into MAPS values (597, 97, 'MP-Gouffre_du_Colonney', 'Gouffre du Colonney', 1, 693.430, -246.130);
 insert into MAPITEMS values (597, 4, 106);
 insert into MAPITEMS values (597, 4, 139);
 insert into MAPITEMS values (597, 4, 195);
 insert into MAPITEMS values (597, 4, 235);
 insert into MAPITEMS values (597, 4, 245);
 insert into MAPS values (598, 97, 'MC-Gouffre_du_Colonney', 'Gouffre du Colonney', 2, 693.430, -246.130);
 insert into MAPITEMS values (598, 4, 331);
 insert into MAPITEMS values (598, 4, 384);
 insert into MAPITEMS values (598, 4, 466);
 insert into MAPITEMS values (598, 4, 520);
 insert into SURVEY values (600, 54, 'Grotte_des_3_gros', 'Grotte_des_3_gros.Flaine_Plate', 'Grotte des trois gros');
 insert into CENTRELINE values (601, 600, NULL, NULL, NULL, 0.00, 0.00, 0.00);
 insert into SURVEY values (602, 600, 'Grotte_des_3_gros', 'Grotte_des_3_gros.Grotte_des_3_gros.Flaine_Plate', 'Grotte des trois gros (GRSIF 70-12)');
 insert into CENTRELINE values (603, 602, NULL, NULL, NULL, 0.00, 0.00, 0.00);
 insert into CENTRELINE values (604, 602, NULL, '2024-07-21', '2024-01-01', 52.34, 0.00, 0.00);
 insert into TOPO values (1, 604);
 insert into TOPO values (2, 604);
 insert into TOPO values (17, 604);
 insert into EXPLO values (3, 604);
 insert into PERSON values (20, NULL, 'GRSIF');
insert into EXPLO values (20, 604);
 insert into SHOT values (1148, 1152, 1153, 604, 2.650, 347.18, 7.80, 2.649, 347.23, 7.81, 0.003, 91.25, 8.13);
insert into SHOT values (1149, 1152, 1154, 604, 2.460, 18.38, 6.30, 2.459, 18.36, 6.30, 0.001, 250.55, 2.68);
insert into SHOT values (1150, 1152, 1155, 604, 4.010, 342.58, 3.80, 4.004, 342.52, 3.87, 0.009, 196.49, 27.80);
insert into SHOT values (1151, 1152, 1156, 604, 5.830, 301.68, 3.50, 5.825, 301.64, 3.54, 0.008, 162.72, 32.06);
insert into SHOT values (1152, 1152, 1157, 604, 5.900, 261.98, 5.50, 5.895, 261.97, 5.55, 0.007, 98.71, 39.40);
insert into SHOT values (1153, 1152, 1158, 604, 7.800, 230.28, 3.70, 7.806, 230.26, 3.67, 0.007, 204.25, -26.56);
insert into SHOT values (1154, 1152, 1159, 604, 4.260, 256.48, 73.30, 4.260, 256.30, 73.29, 0.004, 176.40, -4.80);
insert into SHOT values (1155, 1152, 1160, 604, 4.190, 260.18, 76.90, 4.188, 259.64, 76.95, 0.010, 144.46, -5.53);
insert into SHOT values (1156, 1152, 1161, 604, 3.310, 323.28, 67.60, 3.309, 323.40, 67.65, 0.004, 104.62, -3.32);
insert into SHOT values (1157, 1152, 1162, 604, 2.980, 339.38, 36.20, 2.978, 339.53, 36.23, 0.007, 96.01, -0.04);
insert into SHOT values (1158, 1152, 1163, 604, 4.010, 342.08, 2.10, 4.006, 342.11, 2.15, 0.005, 135.72, 36.65);
insert into SHOT values (1159, 1152, 1164, 604, 0.810, 315.18, -76.90, 0.811, 315.00, -76.90, 0.001, 249.12, -59.38);
insert into SHOT values (1160, 1152, 1165, 604, 1.400, 61.28, -1.80, 1.401, 61.42, -1.64, 0.005, 130.08, 47.24);
insert into SHOT values (1161, 1152, 1166, 604, 8.960, 57.08, 4.30, 8.984, 57.30, 4.21, 0.044, 111.32, -15.49);
insert into SHOT values (1162, 1166, 1167, 604, 5.290, 294.28, 1.00, 5.291, 294.34, 0.97, 0.006, 14.46, -24.50);
insert into SHOT values (1163, 1166, 1168, 604, 6.160, 262.48, 4.40, 6.160, 262.52, 4.38, 0.005, 345.13, -34.92);
insert into SHOT values (1164, 1166, 1169, 604, 1.460, 335.28, -84.20, 1.457, 331.70, -84.19, 0.010, 244.15, 15.31);
insert into SHOT values (1165, 1166, 1170, 604, 0.460, 75.28, 54.50, 0.452, 74.36, 54.94, 0.010, 284.32, -27.51);
insert into SHOT values (1166, 1166, 1171, 604, 1.370, 276.58, 56.60, 1.368, 276.84, 56.47, 0.005, 347.13, -45.74);
insert into SHOT values (1167, 1166, 1172, 604, 6.400, 336.08, -1.50, 6.392, 336.28, -1.61, 0.027, 86.18, -27.54);
insert into SHOT values (1168, 1172, 1173, 604, 3.720, 321.08, 11.60, 3.725, 321.12, 11.62, 0.005, 350.52, 22.30);
insert into SHOT values (1169, 1172, 1174, 604, 3.900, 294.78, 8.80, 3.903, 294.84, 8.84, 0.006, 349.47, 36.29);
insert into SHOT values (1170, 1172, 1175, 604, 5.130, 269.98, 5.70, 5.125, 270.00, 5.71, 0.005, 70.91, 5.70);
insert into SHOT values (1171, 1172, 1176, 604, 4.410, 250.88, 4.60, 4.407, 250.86, 4.69, 0.007, 95.32, 61.99);
insert into SHOT values (1172, 1172, 1177, 604, 4.170, 227.38, 1.60, 4.170, 227.43, 1.65, 0.005, 313.60, 45.27);
insert into SHOT values (1173, 1172, 1178, 604, 5.000, 211.08, -0.50, 4.998, 211.08, -0.46, 0.004, 31.66, 57.32);
insert into SHOT values (1174, 1172, 1179, 604, 1.050, 117.68, -1.40, 1.051, 117.78, -1.09, 0.006, 168.92, 67.01);
insert into SHOT values (1175, 1172, 1180, 604, 1.220, 32.58, 9.90, 1.219, 32.76, 9.92, 0.004, 133.81, 3.63);
insert into SHOT values (1176, 1172, 1181, 604, 2.610, 94.18, 65.50, 2.615, 94.24, 65.53, 0.005, 153.54, 76.56);
insert into SHOT values (1177, 1172, 1182, 604, 3.690, 259.18, 49.30, 3.689, 259.20, 49.37, 0.005, 64.93, 32.89);
insert into SHOT values (1178, 1172, 1183, 604, 0.690, 163.68, -59.60, 0.683, 163.14, -59.70, 0.007, 20.40, 43.35);
insert into SHOT values (1179, 1172, 1184, 604, 3.630, 348.88, 6.40, 3.628, 349.13, 6.49, 0.017, 88.81, 18.97);
insert into SHOT values (1180, 1184, 1185, 604, 1.590, 260.78, 4.20, 1.585, 260.54, 3.98, 0.010, 138.71, -39.02);
insert into SHOT values (1181, 1184, 1186, 604, 1.430, 260.88, 32.10, 1.425, 260.93, 32.24, 0.006, 72.07, 0.90);
insert into SHOT values (1182, 1184, 1187, 604, 1.240, 270.58, 52.50, 1.234, 270.76, 52.57, 0.007, 64.20, -35.04);
insert into SHOT values (1183, 1184, 1188, 604, 1.480, 312.68, 76.20, 1.473, 312.71, 76.10, 0.007, 324.53, -83.54);
insert into SHOT values (1184, 1184, 1189, 604, 1.410, 4.58, 72.80, 1.402, 4.18, 72.94, 0.010, 210.50, -46.81);
insert into SHOT values (1185, 1184, 1190, 604, 1.410, 24.08, 67.70, 1.407, 24.18, 67.55, 0.005, 47.64, -63.38);
insert into SHOT values (1186, 1184, 1191, 604, 0.250, 279.08, -72.30, 0.250, 278.13, -73.58, 0.006, 111.56, -18.65);
insert into SHOT values (1187, 1184, 1192, 604, 6.700, 343.68, 5.60, 6.690, 343.96, 5.49, 0.036, 89.00, -22.39);
insert into SHOT values (1188, 1192, 1193, 604, 0.960, 247.08, 9.10, 0.957, 246.96, 9.02, 0.004, 105.69, -29.70);
insert into SHOT values (1189, 1192, 1194, 604, 0.830, 245.58, 40.60, 0.827, 245.48, 40.76, 0.004, 82.31, -2.11);
insert into SHOT values (1190, 1192, 1195, 604, 0.770, 254.18, 78.40, 0.776, 255.07, 78.46, 0.006, 334.89, 66.97);
insert into SHOT values (1191, 1192, 1196, 604, 0.380, 100.58, -83.20, 0.382, 104.04, -83.81, 0.005, 247.66, -30.32);
insert into SHOT values (1192, 1192, 1197, 604, 0.700, 329.98, 80.20, 0.700, 329.04, 80.41, 0.003, 187.10, 3.85);
insert into SHOT values (1193, 1197, 1198, 604, 0.340, 269.88, 8.30, 0.344, 270.00, 8.37, 0.004, 281.01, 14.21);
insert into SHOT values (1194, 1197, 1199, 604, 0.330, 287.28, 61.50, 0.330, 288.43, 61.40, 0.003, 6.26, -0.17);
insert into SHOT values (1195, 1197, 1200, 604, 0.320, 81.28, 87.90, 0.320, 90.00, 88.21, 0.002, 221.83, 5.15);
insert into SHOT values (1196, 1197, 1201, 604, 0.810, 350.98, -84.70, 0.804, 352.87, -84.25, 0.009, 15.80, 45.86);
insert into SHOT values (1197, 1197, 1202, 604, 2.090, 337.08, 12.90, 2.093, 337.21, 12.98, 0.006, 43.08, 34.93);
insert into SHOT values (1198, 1192, 1203, 604, 3.990, 182.58, -4.60, 3.986, 182.31, -4.60, 0.019, 80.78, -0.02);
insert into SHOT values (1199, 1203, 1204, 604, 0.450, 335.58, 12.50, 0.454, 334.59, 12.73, 0.009, 269.75, 17.24);
insert into SHOT values (1200, 1203, 1205, 604, 2.110, 22.88, 5.50, 2.103, 22.77, 5.46, 0.009, 233.07, -15.00);
insert into SHOT values (1201, 1203, 1206, 604, 1.530, 47.18, 1.60, 1.529, 47.12, 1.50, 0.003, 285.40, -54.91);
insert into SHOT values (1202, 1203, 1207, 604, 1.470, 82.28, -4.80, 1.467, 82.53, -4.69, 0.008, 193.18, 23.52);
insert into SHOT values (1203, 1203, 1208, 604, 2.060, 118.38, 1.60, 2.059, 118.43, 1.67, 0.003, 235.21, 50.54);
insert into SHOT values (1204, 1203, 1209, 604, 1.780, 182.48, 2.70, 1.784, 182.57, 2.57, 0.006, 219.48, -39.19);
insert into SHOT values (1205, 1203, 1210, 604, 0.770, 177.28, 70.90, 0.775, 177.80, 70.38, 0.009, 193.17, 15.61);
insert into SHOT values (1206, 1203, 1211, 604, 1.820, 92.98, 29.10, 1.811, 93.26, 29.08, 0.012, 228.13, -25.22);
insert into SHOT values (1207, 1203, 1212, 604, 1.460, 84.78, 3.80, 1.459, 84.88, 3.93, 0.004, 196.84, 51.26);
insert into SHOT values (1208, 1203, 1213, 604, 0.200, 59.88, -84.10, 0.200, 45.00, -85.96, 0.008, 267.68, -7.75);
insert into SHOT values (1209, 1203, 1214, 604, 3.380, 163.78, -6.40, 3.388, 163.61, -6.44, 0.013, 111.72, -14.20);
insert into SHOT values (1210, 1214, 1215, 604, 1.640, 248.48, 0.90, 1.644, 248.59, 0.70, 0.007, 288.09, -50.63);
insert into SHOT values (1211, 1214, 1216, 604, 6.640, 184.88, 0.30, 6.645, 184.92, 0.26, 0.008, 229.64, -36.45);
insert into SHOT values (1212, 1214, 1217, 604, 2.110, 108.48, 2.60, 2.111, 108.52, 2.44, 0.006, 153.83, -70.62);
insert into SHOT values (1213, 1214, 1218, 604, 0.540, 302.78, 57.20, 0.539, 302.62, 56.59, 0.006, 291.67, -41.76);
insert into SHOT values (1214, 1214, 1219, 604, 1.280, 15.18, 63.50, 1.275, 15.26, 63.43, 0.006, 160.36, -76.99);
insert into SHOT values (1215, 1214, 1220, 604, 2.190, 53.88, 35.40, 2.188, 53.90, 35.47, 0.003, 222.21, 24.39);
insert into SHOT values (1216, 1214, 1221, 604, 1.600, 62.88, 2.50, 1.598, 62.79, 2.51, 0.003, 296.51, 3.88);
insert into SHOT values (1217, 1214, 1222, 604, 2.170, 235.48, 27.60, 2.152, 235.48, 27.69, 0.018, 56.14, -17.04);
insert into SHOT values (1218, 1222, 1223, 604, 2.450, 221.08, -6.90, 2.457, 221.01, -7.01, 0.009, 194.13, -39.61);
insert into SHOT values (1219, 1222, 1224, 604, 3.340, 194.58, -7.10, 3.342, 194.50, -7.22, 0.009, 118.08, -54.89);
insert into SHOT values (1220, 1222, 1225, 604, 4.990, 169.98, -9.60, 4.997, 169.94, -9.68, 0.010, 140.00, -50.76);
insert into SHOT values (1221, 1222, 1226, 604, 7.820, 134.78, -8.30, 7.825, 134.84, -8.30, 0.010, 194.83, -6.80);
insert into SHOT values (1222, 1222, 1227, 604, 3.990, 95.18, -2.70, 3.991, 95.18, -2.73, 0.002, 91.96, -70.62);
insert into SHOT values (1223, 1222, 1228, 604, 3.590, 68.38, -3.60, 3.589, 68.38, -3.67, 0.005, 269.62, -78.93);
insert into SHOT values (1224, 1222, 1229, 604, 1.960, 46.18, -5.90, 1.956, 46.46, -6.16, 0.013, 161.66, -39.39);
insert into SHOT values (1225, 1222, 1230, 604, 1.530, 89.18, 52.60, 1.526, 89.38, 52.45, 0.006, 166.08, -58.32);
insert into SHOT values (1226, 1222, 1231, 604, 3.320, 117.68, 37.50, 3.320, 117.83, 37.48, 0.007, 201.05, -9.06);
insert into SHOT values (1227, 1222, 1232, 604, 4.060, 142.08, 19.80, 4.064, 142.11, 19.70, 0.009, 158.84, -37.32);
insert into SHOT values (1228, 1222, 1233, 604, 6.110, 148.38, 0.40, 6.120, 148.36, 0.37, 0.010, 135.79, -15.04);
insert into SHOT values (1229, 1222, 1234, 604, 1.700, 120.48, -65.40, 1.704, 120.55, -65.44, 0.004, 172.63, -76.57);
insert into SHOT values (1230, 1222, 1235, 604, 1.510, 347.08, -86.70, 1.512, 345.96, -86.87, 0.005, 186.86, -27.77);
insert into SHOT values (1231, 1222, 1236, 604, 3.450, 185.48, -6.20, 3.455, 185.18, -6.31, 0.020, 108.37, -21.69);
insert into SHOT values (1232, 1236, 1237, 604, 4.980, 87.08, -7.10, 4.975, 87.10, -7.16, 0.007, 253.79, -38.42);
insert into SHOT values (1233, 1236, 1238, 604, 4.990, 57.18, -0.50, 4.990, 57.11, -0.46, 0.008, 328.88, 28.20);
insert into SHOT values (1234, 1236, 1239, 604, 4.860, 11.08, 0.30, 4.860, 11.03, 0.35, 0.006, 279.44, 47.29);
insert into SHOT values (1235, 1236, 1240, 604, 3.430, 2.08, 1.50, 3.433, 2.00, 1.50, 0.006, 306.97, 2.13);
insert into SHOT values (1236, 1236, 1241, 604, 2.240, 322.08, -2.00, 2.246, 322.06, -2.04, 0.006, 312.75, -17.37);
insert into SHOT values (1237, 1236, 1242, 604, 0.930, 70.48, 51.90, 0.928, 70.62, 51.90, 0.003, 206.75, -43.79);
insert into SHOT values (1238, 1236, 1243, 604, 4.400, 68.88, 29.10, 4.396, 68.78, 29.13, 0.008, 307.06, 0.89);
insert into SHOT values (1239, 1236, 1244, 604, 4.370, 73.38, -19.10, 4.373, 73.41, -19.09, 0.003, 107.70, -1.03);
insert into SHOT values (1240, 1236, 1245, 604, 2.700, 78.78, -38.40, 2.697, 78.80, -38.52, 0.006, 253.46, -26.64);
insert into SHOT values (1241, 1236, 1246, 604, 1.530, 168.98, -81.30, 1.528, 170.13, -81.21, 0.006, 236.15, 25.19);
insert into SHOT values (1242, 1236, 1247, 604, 2.880, 133.48, -38.90, 2.899, 133.38, -38.89, 0.019, 119.25, -36.13);
insert into SHOT values (1243, 1247, 1248, 604, 2.560, 306.18, 9.20, 2.565, 306.33, 9.20, 0.008, 357.98, 4.94);
insert into SHOT values (1244, 1247, 1249, 604, 1.180, 256.48, 11.90, 1.179, 256.45, 12.24, 0.007, 92.20, 68.32);
insert into SHOT values (1245, 1247, 1250, 604, 1.320, 221.78, 14.00, 1.314, 221.82, 14.09, 0.006, 33.77, 6.21);
insert into SHOT values (1246, 1247, 1251, 604, 4.360, 37.78, 12.20, 4.361, 37.76, 12.18, 0.003, 335.59, -33.30);
insert into SHOT values (1247, 1247, 1252, 604, 3.420, 73.28, 1.90, 3.419, 73.16, 2.01, 0.010, 331.60, 40.79);
insert into SHOT values (1248, 1247, 1253, 604, 4.310, 106.78, -0.80, 4.313, 106.71, -0.80, 0.006, 42.61, 1.73);
insert into SHOT values (1249, 1247, 1254, 604, 4.700, 107.18, 22.50, 4.701, 107.14, 22.51, 0.003, 29.66, 23.83);
insert into SHOT values (1250, 1247, 1255, 604, 4.630, 81.38, 33.60, 4.632, 81.34, 33.70, 0.009, 306.45, 65.31);
insert into SHOT values (1251, 1247, 1256, 604, 5.650, 40.78, 37.40, 5.649, 40.75, 37.39, 0.003, 307.28, -36.91);
insert into SHOT values (1252, 1247, 1257, 604, 6.860, 19.48, 24.60, 6.862, 19.48, 24.63, 0.004, 222.34, 85.55);
insert into SHOT values (1253, 1247, 1258, 604, 3.260, 59.78, 58.60, 3.269, 59.67, 58.60, 0.009, 24.06, 52.70);
insert into SHOT values (1254, 1247, 1259, 604, 2.080, 359.28, 74.80, 2.084, 358.96, 74.69, 0.006, 325.97, 26.05);
insert into SHOT values (1255, 1247, 1260, 604, 1.330, 286.18, 29.20, 1.328, 286.56, 29.31, 0.008, 37.74, 8.01);
insert into SHOT values (1256, 1247, 1152, 604, 7.990, 202.38, 2.70, 7.975, 202.12, 2.66, 0.040, 90.18, -9.28);
insert into STATION values (1, 'Gouffre_de_la_petite_Marielle', 58, 322898.00, 5094854.00, 2300.00);
insert into STATION_FLAG values(1, 'ent');
insert into STATION_FLAG values(1, 'fix');
insert into STATION values (2, '0d', 58, 322898.00, 5094854.00, 2300.00);
insert into STATION values (3, '1.2', 58, 322898.00, 5094854.00, 2300.00);
insert into STATION values (4, '1.0', 58, 322895.82, 5094854.70, 2289.73);
insert into STATION values (5, '2.0', 58, 322895.82, 5094854.70, 2289.73);
insert into STATION values (6, '1.0d', 58, 322895.82, 5094854.70, 2289.73);
insert into STATION values (7, '1.1', 58, 322897.57, 5094854.07, 2293.72);
insert into STATION values (8, '1.2d', 58, 322898.00, 5094854.00, 2300.00);
insert into STATION values (9, '2f.0', 58, 322895.82, 5094854.70, 2289.73);
insert into STATION values (10, '2f.1', 58, 322891.38, 5094854.97, 2289.05);
insert into STATION values (11, '2.1', 58, 322904.79, 5094858.20, 2289.10);
insert into STATION values (12, '2.2', 58, 322909.38, 5094858.70, 2290.43);
insert into STATION values (13, '2.3', 58, 322918.25, 5094861.12, 2289.43);
insert into STATION values (14, '2.4', 58, 322931.91, 5094862.39, 2287.55);
insert into STATION values (15, '2.5', 58, 322934.11, 5094863.18, 2287.50);
insert into STATION values (16, '2.6', 58, 322939.07, 5094865.81, 2284.80);
insert into STATION values (17, '2.7', 58, 322945.34, 5094867.97, 2285.28);
insert into STATION values (18, '2.8', 58, 322948.56, 5094869.06, 2284.24);
insert into STATION values (19, '2.9', 58, 322953.37, 5094870.29, 2284.85);
insert into STATION values (20, '2.10', 58, 322960.50, 5094873.52, 2283.20);
insert into STATION values (21, '2.11', 58, 322964.66, 5094874.42, 2285.97);
insert into STATION values (22, '2.12', 58, 322968.97, 5094876.43, 2284.22);
insert into STATION values (23, '2.13', 58, 322969.46, 5094877.47, 2284.61);
insert into STATION values (24, '3.0', 58, 322918.25, 5094861.12, 2289.43);
insert into STATION values (25, '3.1', 58, 322920.82, 5094856.89, 2294.21);
insert into STATION values (26, '4.0', 58, 322933.59, 5094858.64, 2286.82);
insert into STATION values (27, '4.0d', 58, 322933.59, 5094858.64, 2286.82);
insert into STATION values (28, '4.1', 58, 322934.11, 5094863.18, 2287.50);
insert into STATION values (29, '10.0', 58, 322978.68, 5094881.91, 2224.44);
insert into STATION values (30, '10.0d', 58, 322978.68, 5094881.91, 2224.44);
insert into STATION values (31, '10.1', 58, 322974.39, 5094882.64, 2235.77);
insert into STATION values (32, '10.2', 58, 322974.15, 5094883.63, 2243.34);
insert into STATION values (33, '10.3', 58, 322975.08, 5094883.20, 2244.39);
insert into STATION values (34, '10.4', 58, 322976.41, 5094883.75, 2259.06);
insert into STATION values (35, '10.5', 58, 322976.39, 5094882.01, 2272.86);
insert into STATION values (36, '10.6', 58, 322976.65, 5094880.69, 2275.03);
insert into STATION values (37, '10.7', 58, 322971.46, 5094878.17, 2283.56);
insert into STATION values (38, '10.8', 58, 322970.22, 5094876.96, 2283.82);
insert into STATION values (39, '10.9', 58, 322969.46, 5094877.47, 2284.61);
insert into STATION values (40, '11.0', 58, 322974.39, 5094882.63, 2235.78);
insert into STATION values (41, '11.1', 58, 322976.08, 5094889.97, 2230.49);
insert into STATION values (42, '11.2', 58, 322975.71, 5094888.17, 2224.54);
insert into STATION values (43, '11.3', 58, 322974.44, 5094889.00, 2216.10);
insert into STATION values (44, '11.4', 58, 322978.16, 5094889.45, 2211.46);
insert into STATION values (45, '12.0', 58, 322974.44, 5094889.00, 2216.11);
insert into STATION values (46, '12.1', 58, 322974.62, 5094887.02, 2216.20);
insert into STATION values (47, '12.2', 58, 322970.99, 5094889.43, 2213.79);
insert into STATION values (48, '12.3', 58, 322970.51, 5094890.46, 2212.68);
insert into STATION values (49, '12.4', 58, 322972.99, 5094890.91, 2213.04);
insert into STATION values (50, '12.5', 58, 322975.51, 5094891.32, 2213.52);
insert into STATION values (51, '12.6', 58, 322980.01, 5094892.81, 2217.56);
insert into STATION values (52, '12.7', 58, 322983.47, 5094894.40, 2215.06);
insert into STATION values (53, '12.8', 58, 322987.75, 5094892.85, 2234.02);
insert into STATION values (54, '13.0', 58, 322970.51, 5094890.46, 2212.68);
insert into STATION values (55, '13.1', 58, 322967.65, 5094889.40, 2216.32);
insert into STATION values (56, '13.2', 58, 322965.45, 5094888.89, 2216.80);
insert into STATION values (57, '13.3', 58, 322962.35, 5094887.68, 2217.88);
insert into STATION values (58, '13.4', 58, 322951.88, 5094885.42, 2218.18);
insert into STATION values (59, '13.5', 58, 322946.96, 5094884.17, 2218.64);
insert into STATION values (60, '13.6', 58, 322944.30, 5094883.87, 2216.86);
insert into STATION values (61, '13.7', 58, 322938.67, 5094882.67, 2216.72);
insert into STATION values (62, '13.8', 58, 322934.10, 5094882.43, 2213.58);
insert into STATION values (63, '13.9', 58, 322933.32, 5094887.75, 2203.64);
insert into STATION values (64, '20.0', 58, 322983.47, 5094894.40, 2215.07);
insert into STATION values (65, '20.1', 58, 322985.15, 5094893.63, 2218.45);
insert into STATION values (66, '20.2', 58, 322987.49, 5094894.05, 2218.87);
insert into STATION values (67, '20.3', 58, 322990.53, 5094891.56, 2225.20);
insert into STATION values (68, '20.4', 58, 322993.06, 5094889.90, 2226.08);
insert into STATION values (69, '20.5', 58, 322990.12, 5094889.86, 2240.79);
insert into STATION values (70, '20.6', 58, 322991.28, 5094890.11, 2254.89);
insert into STATION values (71, '20.7', 58, 322987.17, 5094888.86, 2254.12);
insert into STATION values (72, '20.8', 58, 322981.70, 5094886.81, 2253.58);
insert into STATION values (73, '20.9', 58, 322980.82, 5094885.84, 2258.96);
insert into STATION values (74, '20.10', 58, 322980.51, 5094885.06, 2259.07);
insert into STATION values (75, '20.11', 58, 322976.42, 5094883.76, 2259.05);
insert into STATION values (76, '21.0', 58, 322993.06, 5094889.90, 2226.08);
insert into STATION values (77, '21.1', 58, 322988.30, 5094888.33, 2224.41);
insert into STATION values (78, '21.2', 58, 322985.62, 5094889.12, 2209.63);
insert into STATION values (79, '15.0', 58, 322976.65, 5094880.69, 2275.03);
insert into STATION values (80, '15.1', 58, 322978.85, 5094883.50, 2264.06);
insert into STATION values (81, '15.2', 58, 322980.94, 5094884.42, 2264.21);
insert into STATION values (82, '15.3', 58, 322985.57, 5094885.35, 2263.82);
insert into STATION values (83, '30.0', 58, 322923.73, 5094882.91, 2214.36);
insert into STATION values (84, '30.0d', 58, 322923.73, 5094882.91, 2214.36);
insert into STATION values (85, '30.1', 58, 322926.19, 5094883.64, 2216.31);
insert into STATION values (86, '30.2', 58, 322928.49, 5094882.72, 2217.05);
insert into STATION values (87, '30.3', 58, 322930.44, 5094883.45, 2217.39);
insert into STATION values (88, '30.4', 58, 322932.95, 5094883.37, 2217.17);
insert into STATION values (89, '30.5', 58, 322937.80, 5094884.80, 2216.60);
insert into STATION values (90, '30.6', 58, 322935.41, 5094883.99, 2216.33);
insert into STATION values (91, '30.7', 58, 322933.83, 5094884.05, 2215.48);
insert into STATION values (92, '30.8', 58, 322931.53, 5094884.71, 2214.76);
insert into STATION values (93, '30.9', 58, 322933.32, 5094887.75, 2203.64);
insert into STATION values (94, '30.10', 58, 322930.88, 5094888.97, 2204.27);
insert into STATION values (95, '30.11', 58, 322932.61, 5094893.03, 2202.65);
insert into STATION values (96, '30.12', 58, 322934.05, 5094898.94, 2202.57);
insert into STATION values (97, '30.13', 58, 322935.83, 5094901.04, 2202.86);
insert into STATION values (98, '30.14', 58, 322935.04, 5094904.77, 2202.82);
insert into STATION values (99, '30.15', 58, 322937.04, 5094910.27, 2201.47);
insert into STATION values (100, '30.16', 58, 322938.34, 5094912.62, 2200.43);
insert into STATION values (101, '30.17', 58, 322939.04, 5094913.88, 2186.33);
insert into STATION values (102, '30.18', 58, 322942.98, 5094913.01, 2177.47);
insert into STATION values (103, '30.19', 58, 322937.84, 5094911.46, 2175.64);
insert into STATION values (104, '30.20', 58, 322937.08, 5094910.67, 2166.37);
insert into STATION values (105, '30.21', 58, 322941.64, 5094911.33, 2166.04);
insert into STATION values (106, '30.22', 58, 322946.77, 5094912.46, 2165.52);
insert into STATION values (107, '30.23', 58, 322948.86, 5094911.58, 2165.22);
insert into STATION values (108, '30.24', 58, 322953.16, 5094912.20, 2164.62);
insert into STATION values (109, '30.25', 58, 322959.16, 5094913.37, 2165.06);
insert into STATION values (110, '30.26', 58, 322961.09, 5094912.64, 2164.72);
insert into STATION values (111, '30.27', 58, 322961.99, 5094910.21, 2164.54);
insert into STATION values (112, '30.28', 58, 322962.22, 5094908.06, 2165.04);
insert into STATION values (113, '30.29', 58, 322963.17, 5094907.60, 2165.38);
insert into STATION values (114, '31.0', 58, 322937.08, 5094910.67, 2166.37);
insert into STATION values (115, '31.1', 58, 322938.61, 5094902.89, 2165.33);
insert into STATION values (116, '41.0', 58, 322963.17, 5094907.60, 2165.38);
insert into STATION values (117, '41.1', 58, 322963.10, 5094905.94, 2164.74);
insert into STATION values (118, '41.2', 58, 322963.95, 5094905.90, 2164.38);
insert into STATION values (119, '41.3', 58, 322964.17, 5094905.62, 2161.51);
insert into STATION values (120, '42.0', 58, 322964.17, 5094905.62, 2161.51);
insert into STATION values (121, '42.1', 58, 322967.26, 5094904.47, 2162.33);
insert into STATION values (122, '42.2', 58, 322975.36, 5094900.88, 2163.90);
insert into STATION values (123, '41.4', 58, 322965.03, 5094906.74, 2156.47);
insert into STATION values (124, '41.5', 58, 322969.60, 5094902.92, 2138.02);
insert into STATION values (125, '41.6', 58, 322973.66, 5094900.93, 2140.17);
insert into STATION values (126, '41.7', 58, 322976.55, 5094902.02, 2122.44);
insert into STATION values (127, '41.8', 58, 322977.21, 5094901.89, 2113.26);
insert into STATION values (128, '41.9', 58, 322979.64, 5094906.65, 2092.44);
insert into STATION values (129, '41.10', 58, 322983.72, 5094909.02, 2085.79);
insert into STATION values (130, '41.11', 58, 322987.23, 5094909.74, 2084.16);
insert into STATION values (131, '41.12', 58, 322986.86, 5094909.43, 2074.17);
insert into STATION values (132, '41.13', 58, 322985.22, 5094910.02, 2073.84);
insert into STATION values (133, '41.14', 58, 322979.40, 5094913.55, 2053.13);
insert into STATION values (134, '41.15', 58, 322977.24, 5094915.48, 2048.45);
insert into STATION values (135, '41.16', 58, 322977.73, 5094919.28, 2049.28);
insert into STATION values (136, '41.17', 58, 322964.01, 5094930.26, 2017.97);
insert into STATION values (137, '41.18', 58, 322960.14, 5094933.35, 2003.81);
insert into STATION values (138, 'Gouffre_Moquette_qui_suinte', 69, 322894.00, 5094747.00, 2330.00);
insert into STATION_FLAG values(138, 'ent');
insert into STATION_FLAG values(138, 'fix');
insert into STATION values (139, '0d', 69, 322894.00, 5094747.00, 2330.00);
insert into STATION values (140, '1.0', 69, 322894.00, 5094747.00, 2330.00);
insert into STATION values (141, '1.1', 69, 322895.07, 5094747.09, 2325.16);
insert into STATION values (142, '1.2', 69, 322900.08, 5094746.78, 2323.38);
insert into STATION values (143, '1.3', 69, 322901.04, 5094746.50, 2320.32);
insert into STATION values (144, '1.4', 69, 322903.20, 5094746.53, 2319.60);
insert into STATION values (145, '1.5', 69, 322906.31, 5094746.76, 2314.27);
insert into STATION values (146, '1.6', 69, 322911.07, 5094745.30, 2321.06);
insert into STATION values (147, '1.7', 69, 322910.83, 5094743.85, 2320.43);
insert into STATION values (148, '1.8', 69, 322914.41, 5094744.09, 2320.17);
insert into STATION values (149, '1.9', 69, 322915.52, 5094743.57, 2320.05);
insert into STATION values (150, '1.10', 69, 322917.71, 5094744.65, 2320.25);
insert into STATION values (151, '1.11', 69, 322919.86, 5094743.72, 2319.86);
insert into STATION values (152, '1.12', 69, 322920.71, 5094746.08, 2319.05);
insert into STATION values (153, '1.13', 69, 322920.38, 5094746.87, 2319.29);
insert into STATION values (154, '1.14', 69, 322921.14, 5094749.51, 2319.76);
insert into STATION values (155, '1.15', 69, 322921.99, 5094751.25, 2321.17);
insert into STATION values (156, '1.16', 69, 322922.33, 5094754.65, 2324.47);
insert into STATION values (157, '2.0', 69, 322900.08, 5094746.78, 2323.38);
insert into STATION values (158, '2.1', 69, 322898.69, 5094743.88, 2322.59);
insert into STATION values (159, '2.2', 69, 322898.39, 5094742.20, 2318.83);
insert into STATION values (160, '3.0', 69, 322920.71, 5094746.08, 2319.05);
insert into STATION values (161, '3.1', 69, 322920.50, 5094745.53, 2319.09);
insert into STATION values (162, '3.2', 69, 322920.40, 5094745.43, 2308.70);
insert into STATION values (163, '4.0', 69, 322920.71, 5094746.08, 2319.05);
insert into STATION values (164, '4.1', 69, 322921.92, 5094745.02, 2318.56);
insert into STATION values (165, '4.2', 69, 322924.14, 5094745.73, 2318.82);
insert into STATION values (166, '4.3', 69, 322925.49, 5094745.37, 2318.94);
insert into STATION values (167, '6.0', 69, 322906.31, 5094746.76, 2314.27);
insert into STATION values (168, '6.1', 69, 322904.12, 5094746.09, 2313.50);
insert into STATION values (169, '6.2', 69, 322906.95, 5094747.85, 2312.38);
insert into STATION values (170, '6.3', 69, 322907.29, 5094749.11, 2311.09);
insert into STATION values (171, '6.4', 69, 322908.29, 5094751.72, 2309.41);
insert into STATION values (172, '6.5', 69, 322907.03, 5094752.55, 2309.52);
insert into STATION values (173, '6.6', 69, 322912.19, 5094753.33, 2306.90);
insert into STATION values (174, '6.7', 69, 322912.12, 5094755.79, 2304.90);
insert into STATION values (175, '6.8', 69, 322916.11, 5094755.74, 2303.73);
insert into STATION values (176, '6.9', 69, 322919.78, 5094757.61, 2301.20);
insert into STATION values (177, '6.10', 69, 322919.59, 5094758.08, 2297.94);
insert into STATION values (178, '6.11', 69, 322921.66, 5094758.66, 2297.02);
insert into STATION values (179, '6.12', 69, 322920.53, 5094758.89, 2295.05);
insert into STATION values (180, '8.0', 69, 322920.53, 5094758.89, 2295.05);
insert into STATION values (181, '8.1', 69, 322916.55, 5094760.64, 2295.04);
insert into STATION values (182, '8.2', 69, 322914.59, 5094760.70, 2295.38);
insert into STATION values (183, '8.3', 69, 322913.05, 5094761.86, 2294.67);
insert into STATION values (184, '7.0', 69, 322919.59, 5094758.08, 2297.94);
insert into STATION values (185, '7.1', 69, 322924.59, 5094756.29, 2296.83);
insert into STATION values (186, '7.2', 69, 322923.57, 5094755.84, 2297.26);
insert into STATION values (187, '7.3', 69, 322926.73, 5094754.85, 2296.43);
insert into STATION values (188, '6.13', 69, 322921.98, 5094758.84, 2294.91);
insert into STATION values (189, '6.14', 69, 322922.69, 5094760.87, 2294.75);
insert into STATION values (190, '6.15', 69, 322924.45, 5094762.18, 2294.65);
insert into STATION values (191, '40.0', 69, 322959.38, 5094733.64, 2292.87);
insert into STATION values (192, '40.0d', 69, 322959.38, 5094733.64, 2292.87);
insert into STATION values (193, '41.0', 69, 322959.38, 5094733.64, 2292.87);
insert into STATION values (194, '40.1', 69, 322958.40, 5094737.31, 2291.49);
insert into STATION values (195, '40.2', 69, 322956.45, 5094738.32, 2291.96);
insert into STATION values (196, '40.3', 69, 322955.99, 5094740.08, 2292.58);
insert into STATION values (197, '40.4', 69, 322956.56, 5094742.62, 2293.12);
insert into STATION values (198, '40.5', 69, 322953.90, 5094744.58, 2293.28);
insert into STATION values (199, '40.6', 69, 322953.67, 5094745.78, 2291.85);
insert into STATION values (200, '40.7', 69, 322953.87, 5094748.07, 2293.66);
insert into STATION values (201, '40.8', 69, 322952.65, 5094748.07, 2293.42);
insert into STATION values (202, '40.9', 69, 322952.52, 5094749.55, 2293.63);
insert into STATION values (203, '40.10', 69, 322950.32, 5094756.98, 2293.72);
insert into STATION values (204, '43.0', 69, 322950.32, 5094756.98, 2293.72);
insert into STATION values (205, '43.1', 69, 322947.46, 5094756.45, 2293.82);
insert into STATION values (206, '40.11', 69, 322948.44, 5094768.89, 2293.51);
insert into STATION values (207, '44.0', 69, 322948.44, 5094768.89, 2293.51);
insert into STATION values (208, '44.1', 69, 322943.48, 5094769.63, 2292.02);
insert into STATION values (209, '44.2', 69, 322940.06, 5094771.29, 2291.84);
insert into STATION values (210, '45.0', 69, 322948.44, 5094768.89, 2293.51);
insert into STATION values (211, '45.1', 69, 322949.39, 5094761.59, 2301.13);
insert into STATION values (212, '45.2', 69, 322946.06, 5094760.65, 2304.98);
insert into STATION values (213, '45.3', 69, 322945.55, 5094758.89, 2304.75);
insert into STATION values (214, '45.4', 69, 322944.64, 5094758.94, 2310.21);
insert into STATION values (215, '45.5', 69, 322939.43, 5094757.25, 2311.78);
insert into STATION values (216, '46.0', 69, 322939.43, 5094757.25, 2311.78);
insert into STATION values (217, '46.1', 69, 322941.23, 5094753.01, 2316.90);
insert into STATION values (218, '45.6', 69, 322937.90, 5094756.90, 2311.97);
insert into STATION values (219, '45.7', 69, 322934.09, 5094752.82, 2311.52);
insert into STATION values (220, '45.8', 69, 322937.36, 5094751.74, 2312.75);
insert into STATION values (221, '45.9', 69, 322935.39, 5094749.52, 2316.73);
insert into STATION values (222, '45.10', 69, 322931.97, 5094748.92, 2316.48);
insert into STATION values (223, '45.11', 69, 322929.69, 5094748.09, 2319.00);
insert into STATION values (224, '45.12', 69, 322926.26, 5094746.57, 2318.90);
insert into STATION values (225, '45.13', 69, 322922.37, 5094745.78, 2318.74);
insert into STATION values (226, '45.14', 69, 322920.71, 5094746.08, 2319.05);
insert into STATION values (227, '42.0', 69, 322952.52, 5094749.55, 2293.63);
insert into STATION values (228, '42.1', 69, 322947.59, 5094747.39, 2293.63);
insert into STATION values (229, '41.1', 69, 322965.07, 5094735.06, 2291.67);
insert into STATION values (230, '41.2', 69, 322972.20, 5094735.50, 2291.20);
insert into STATION values (231, '41.3', 69, 322981.12, 5094737.42, 2290.50);
insert into STATION values (232, '41.4', 69, 322983.24, 5094737.29, 2290.23);
insert into STATION values (233, '41.5', 69, 322988.20, 5094738.82, 2289.82);
insert into STATION values (234, '41.6', 69, 322991.49, 5094739.05, 2290.02);
insert into STATION values (235, '41.7', 69, 323001.44, 5094740.01, 2290.02);
insert into STATION values (236, 'Gouffre_Chimelle', 78, 321222.00, 5094742.00, 2425.00);
insert into STATION_FLAG values(236, 'ent');
insert into STATION_FLAG values(236, 'fix');
insert into STATION values (237, '0d', 78, 321222.00, 5094742.00, 2425.00);
insert into STATION values (238, '9', 78, 321222.00, 5094742.00, 2425.00);
insert into STATION values (239, 'fd', 78, 321220.94, 5094746.09, 2332.07);
insert into STATION values (240, '1', 78, 321221.77, 5094746.69, 2356.64);
insert into STATION values (241, '2', 78, 321222.72, 5094747.63, 2360.09);
insert into STATION values (242, '3', 78, 321224.56, 5094752.21, 2364.69);
insert into STATION values (243, '4', 78, 321224.34, 5094749.91, 2391.59);
insert into STATION values (244, '5', 78, 321223.42, 5094746.34, 2393.67);
insert into STATION values (245, '6', 78, 321223.94, 5094746.91, 2404.36);
insert into STATION values (246, '7', 78, 321223.43, 5094745.42, 2409.23);
insert into STATION values (247, '8', 78, 321222.67, 5094741.38, 2423.12);
insert into STATION values (248, 'Grotte_de_Monthieu', 85, 321516.09, 5094605.91, 2200.00);
insert into STATION_FLAG values(248, 'ent');
insert into STATION_FLAG values(248, 'fix');
insert into STATION values (249, '0d', 85, 321516.09, 5094605.91, 2200.00);
insert into STATION values (250, '1ht', 85, 321519.15, 5094607.94, 2203.72);
insert into STATION values (251, '1bas', 85, 321511.87, 5094605.93, 2196.82);
insert into STATION values (252, 'A0', 85, 321513.55, 5094606.25, 2198.11);
insert into STATION values (253, 'A1', 85, 321513.55, 5094606.25, 2200.60);
insert into STATION values (254, 'A2', 85, 321516.26, 5094601.70, 2198.47);
insert into STATION values (255, '1A0', 85, 321516.80, 5094603.48, 2199.30);
insert into STATION values (256, '2', 85, 321510.96, 5094603.79, 2195.44);
insert into STATION values (257, '3', 85, 321510.96, 5094603.79, 2188.54);
insert into STATION values (258, '4', 85, 321512.03, 5094587.74, 2185.94);
insert into STATION values (259, '5', 85, 321513.26, 5094587.13, 2187.64);
insert into STATION values (260, '6', 85, 321511.58, 5094584.45, 2185.81);
insert into STATION values (261, 'L_oeil_central_des_3_yeux', 92, 322869.00, 5094842.00, 2294.00);
insert into STATION_FLAG values(261, 'ent');
insert into STATION_FLAG values(261, 'fix');
insert into STATION values (262, '0d', 92, 322869.00, 5094842.00, 2294.00);
insert into STATION values (263, '1.0', 92, 322869.00, 5094842.00, 2294.00);
insert into STATION values (264, '1.1', 92, 322873.60, 5094845.40, 2294.98);
insert into STATION values (265, '1.2', 92, 322883.51, 5094848.40, 2294.23);
insert into STATION values (266, '1.3', 92, 322892.20, 5094852.23, 2294.28);
insert into STATION values (267, '1.4', 92, 322896.96, 5094853.92, 2294.49);
insert into STATION values (268, '1.5', 92, 322898.14, 5094853.32, 2295.38);
insert into STATION values (269, '1.6', 92, 322901.51, 5094854.58, 2295.53);
insert into STATION values (270, '2.0', 92, 322883.56, 5094848.42, 2294.23);
insert into STATION values (271, '2.1', 92, 322881.14, 5094849.45, 2293.02);
insert into STATION values (272, '2.2', 92, 322879.61, 5094851.84, 2292.95);
insert into STATION values (273, '2.3', 92, 322879.66, 5094851.27, 2292.89);
insert into STATION values (274, '2.4', 92, 322874.13, 5094851.63, 2292.59);
insert into STATION values (275, '2.5', 92, 322869.68, 5094849.81, 2293.10);
insert into STATION values (276, '2.6', 92, 322867.49, 5094848.28, 2292.10);
insert into STATION values (277, '2.7', 92, 322866.90, 5094846.48, 2292.71);
insert into STATION values (278, '2.8', 92, 322868.94, 5094841.98, 2294.01);
insert into STATION values (279, 'Gouffre_du_Colonney', 99, 322803.00, 5094375.00, 2290.00);
insert into STATION_FLAG values(279, 'ent');
insert into STATION_FLAG values(279, 'fix');
insert into STATION values (280, '1', 99, 322801.38, 5094375.06, 2289.40);
insert into STATION values (281, '2', 99, 322800.36, 5094376.11, 2280.39);
insert into STATION values (282, '.', 99, 322800.65, 5094374.70, 2280.36);
insert into STATION values (283, '.', 99, 322801.85, 5094375.84, 2280.56);
insert into STATION values (284, '.', 99, 322800.09, 5094377.22, 2280.24);
insert into STATION values (285, '.', 99, 322800.92, 5094375.51, 2278.92);
insert into STATION values (286, '.', 99, 322800.95, 5094376.58, 2278.55);
insert into STATION values (287, '3', 99, 322799.91, 5094377.92, 2274.49);
insert into STATION values (288, '.', 99, 322798.49, 5094378.85, 2274.71);
insert into STATION values (289, '.', 99, 322796.86, 5094378.28, 2274.65);
insert into STATION values (290, '.', 99, 322798.24, 5094376.31, 2274.52);
insert into STATION values (291, '.', 99, 322799.66, 5094376.38, 2274.46);
insert into STATION values (292, '.', 99, 322799.14, 5094377.38, 2280.01);
insert into STATION values (293, '.', 99, 322798.11, 5094378.53, 2277.70);
insert into STATION values (294, '.', 99, 322799.87, 5094378.31, 2278.55);
insert into STATION values (295, '.', 99, 322798.80, 5094377.91, 2273.06);
insert into STATION values (296, '4', 99, 322800.60, 5094376.28, 2273.09);
insert into STATION values (297, '.', 99, 322800.74, 5094376.29, 2273.97);
insert into STATION values (298, '.', 99, 322800.76, 5094377.27, 2274.15);
insert into STATION values (299, '.', 99, 322800.75, 5094377.19, 2273.28);
insert into STATION values (300, '.', 99, 322800.68, 5094376.37, 2271.73);
insert into STATION values (301, '.', 99, 322799.47, 5094376.28, 2273.25);
insert into STATION values (302, '.', 99, 322798.32, 5094376.23, 2274.03);
insert into STATION values (303, '.', 99, 322799.84, 5094376.61, 2273.01);
insert into STATION values (304, '5', 99, 322806.04, 5094374.34, 2269.39);
insert into STATION values (305, '.', 99, 322805.99, 5094374.85, 2269.30);
insert into STATION values (306, '.', 99, 322805.96, 5094374.63, 2269.75);
insert into STATION values (307, '.', 99, 322808.20, 5094375.62, 2268.98);
insert into STATION values (308, '.', 99, 322804.25, 5094375.35, 2269.50);
insert into STATION values (309, '.', 99, 322802.41, 5094375.05, 2270.36);
insert into STATION values (310, '.', 99, 322803.84, 5094373.74, 2269.73);
insert into STATION values (311, '.', 99, 322804.62, 5094374.22, 2270.61);
insert into STATION values (312, '.', 99, 322804.32, 5094375.14, 2270.52);
insert into STATION values (313, '6', 99, 322808.58, 5094376.01, 2268.14);
insert into STATION values (314, '.', 99, 322808.99, 5094375.95, 2268.24);
insert into STATION values (315, '.', 99, 322808.90, 5094375.75, 2268.77);
insert into STATION values (316, '.', 99, 322808.35, 5094375.46, 2268.59);
insert into STATION values (317, '.', 99, 322806.65, 5094375.32, 2268.41);
insert into STATION values (318, '.', 99, 322804.29, 5094373.53, 2269.68);
insert into STATION values (319, '.', 99, 322807.25, 5094374.82, 2268.64);
insert into STATION values (320, '.', 99, 322808.55, 5094375.91, 2266.77);
insert into STATION values (321, '.', 99, 322808.20, 5094374.53, 2267.64);
insert into STATION values (322, '7', 99, 322808.90, 5094373.22, 2266.25);
insert into STATION values (323, '.', 99, 322808.00, 5094372.74, 2266.21);
insert into STATION values (324, '.', 99, 322808.51, 5094372.87, 2266.86);
insert into STATION values (325, '.', 99, 322808.86, 5094373.11, 2266.91);
insert into STATION values (326, '.', 99, 322808.29, 5094374.08, 2267.59);
insert into STATION values (327, '.', 99, 322808.85, 5094373.10, 2265.66);
insert into STATION values (328, '.', 99, 322808.34, 5094372.19, 2265.69);
insert into STATION values (329, '8', 99, 322809.33, 5094371.37, 2265.61);
insert into STATION values (330, '.', 99, 322809.41, 5094370.62, 2265.65);
insert into STATION values (331, '.', 99, 322810.22, 5094371.49, 2265.83);
insert into STATION values (332, '.', 99, 322809.76, 5094371.32, 2266.39);
insert into STATION values (333, '.', 99, 322809.15, 5094370.86, 2265.84);
insert into STATION values (334, '.', 99, 322810.07, 5094370.75, 2265.32);
insert into STATION values (335, '.', 99, 322809.85, 5094372.41, 2265.81);
insert into STATION values (336, '.', 99, 322809.58, 5094372.51, 2266.25);
insert into STATION values (337, '.', 99, 322808.75, 5094372.59, 2265.46);
insert into STATION values (338, '.', 99, 322809.29, 5094372.53, 2264.35);
insert into STATION values (339, '.', 99, 322809.02, 5094371.41, 2264.46);
insert into STATION values (340, '9', 99, 322809.09, 5094370.62, 2256.78);
insert into STATION values (341, '.', 99, 322808.44, 5094370.32, 2256.97);
insert into STATION values (342, '.', 99, 322809.32, 5094369.52, 2256.96);
insert into STATION values (343, '.', 99, 322810.67, 5094370.48, 2257.07);
insert into STATION values (344, '.', 99, 322809.90, 5094372.15, 2257.05);
insert into STATION values (345, '.', 99, 322809.36, 5094372.70, 2259.57);
insert into STATION values (346, '.', 99, 322809.45, 5094372.47, 2258.76);
insert into STATION values (347, '.', 99, 322807.91, 5094369.68, 2263.41);
insert into STATION values (348, '10', 99, 322811.50, 5094370.83, 2257.65);
insert into STATION values (349, '.', 99, 322812.61, 5094370.05, 2257.56);
insert into STATION values (350, '.', 99, 322811.94, 5094371.93, 2258.90);
insert into STATION values (351, '.', 99, 322811.01, 5094371.00, 2265.09);
insert into STATION values (352, '.', 99, 322808.84, 5094371.75, 2257.85);
insert into STATION values (353, '.', 99, 322808.44, 5094370.46, 2258.00);
insert into STATION values (354, '.', 99, 322811.34, 5094371.24, 2255.75);
insert into STATION values (355, '.', 99, 322811.39, 5094371.71, 2257.51);
insert into STATION values (356, '11', 99, 322811.93, 5094373.20, 2256.84);
insert into STATION values (357, '.', 99, 322812.34, 5094373.10, 2256.85);
insert into STATION values (358, '.', 99, 322810.78, 5094373.34, 2257.26);
insert into STATION values (359, '.', 99, 322811.69, 5094373.47, 2258.26);
insert into STATION values (360, '.', 99, 322813.90, 5094375.00, 2256.85);
insert into STATION values (361, '.', 99, 322812.71, 5094374.91, 2257.63);
insert into STATION values (362, '.', 99, 322811.58, 5094374.92, 2257.14);
insert into STATION values (363, '.', 99, 322810.72, 5094374.55, 2257.38);
insert into STATION values (364, '12', 99, 322814.34, 5094374.87, 2256.54);
insert into STATION values (365, '13', 99, 322807.93, 5094375.02, 2258.05);
insert into STATION values (366, '.', 99, 322807.98, 5094374.11, 2258.28);
insert into STATION values (367, '.', 99, 322808.09, 5094375.15, 2260.00);
insert into STATION values (368, '.', 99, 322807.97, 5094375.44, 2258.46);
insert into STATION values (369, '.', 99, 322808.02, 5094375.83, 2259.52);
insert into STATION values (370, '.', 99, 322805.56, 5094375.58, 2260.27);
insert into STATION values (371, '.', 99, 322810.21, 5094374.19, 2258.29);
insert into STATION values (372, '.', 99, 322810.15, 5094374.88, 2258.45);
insert into STATION values (373, '.', 99, 322809.75, 5094377.92, 2257.00);
insert into STATION values (374, '.', 99, 322809.44, 5094375.11, 2257.02);
insert into STATION values (375, '14', 99, 322809.14, 5094378.06, 2259.01);
insert into STATION values (376, '.', 99, 322808.78, 5094379.20, 2262.97);
insert into STATION values (377, '.', 99, 322804.16, 5094379.62, 2267.32);
insert into STATION values (378, '.', 99, 322808.33, 5094377.18, 2259.97);
insert into STATION values (379, '.', 99, 322808.73, 5094379.67, 2259.81);
insert into STATION values (380, '.', 99, 322807.71, 5094378.74, 2259.39);
insert into STATION values (381, '.', 99, 322808.90, 5094378.73, 2258.85);
insert into STATION values (382, '.', 99, 322809.38, 5094379.57, 2259.08);
insert into STATION values (383, '.', 99, 322809.08, 5094378.00, 2256.91);
insert into STATION values (384, '15', 99, 322807.92, 5094378.87, 2263.83);
insert into STATION values (385, '16', 99, 322805.83, 5094375.04, 2259.29);
insert into STATION values (386, '.', 99, 322805.95, 5094374.71, 2259.40);
insert into STATION values (387, '.', 99, 322805.93, 5094375.42, 2260.40);
insert into STATION values (388, '.', 99, 322805.31, 5094375.35, 2259.17);
insert into STATION values (389, '.', 99, 322805.92, 5094374.76, 2256.86);
insert into STATION values (390, '.', 99, 322807.80, 5094375.88, 2259.60);
insert into STATION values (391, '.', 99, 322806.57, 5094375.81, 2259.73);
insert into STATION values (392, '17', 99, 322804.23, 5094383.46, 2268.61);
insert into STATION values (393, '18', 99, 322805.62, 5094379.54, 2255.59);
insert into STATION values (394, '19', 99, 322816.87, 5094368.90, 2257.32);
insert into STATION values (395, '.', 99, 322817.28, 5094369.59, 2257.37);
insert into STATION values (396, '.', 99, 322818.10, 5094369.06, 2257.48);
insert into STATION values (397, '.', 99, 322817.56, 5094368.46, 2257.65);
insert into STATION values (398, '.', 99, 322817.60, 5094369.03, 2258.53);
insert into STATION values (399, '.', 99, 322816.95, 5094369.36, 2258.15);
insert into STATION values (400, '.', 99, 322817.29, 5094368.54, 2253.19);
insert into STATION values (401, '20', 99, 322822.20, 5094367.03, 2257.25);
insert into STATION values (402, '.', 99, 322822.34, 5094366.93, 2258.60);
insert into STATION values (403, '.', 99, 322822.30, 5094367.14, 2257.75);
insert into STATION values (404, '.', 99, 322822.12, 5094366.90, 2257.75);
insert into STATION values (405, '.', 99, 322822.50, 5094367.45, 2257.44);
insert into STATION values (406, '.', 99, 322821.87, 5094366.59, 2257.35);
insert into STATION values (407, '.', 99, 322821.62, 5094366.86, 2257.36);
insert into STATION values (408, '.', 99, 322821.90, 5094367.65, 2257.38);
insert into STATION values (409, '.', 99, 322822.19, 5094367.01, 2256.40);
insert into STATION values (410, '.', 99, 322821.74, 5094366.50, 2255.07);
insert into STATION values (411, '21', 99, 322825.72, 5094364.59, 2257.26);
insert into STATION values (412, '.', 99, 322825.65, 5094364.67, 2257.73);
insert into STATION values (413, '.', 99, 322825.78, 5094364.89, 2257.50);
insert into STATION values (414, '.', 99, 322825.29, 5094364.12, 2257.46);
insert into STATION values (415, '.', 99, 322828.22, 5094363.02, 2257.45);
insert into STATION values (416, '.', 99, 322828.69, 5094362.05, 2257.42);
insert into STATION values (417, '.', 99, 322824.73, 5094364.90, 2257.33);
insert into STATION values (418, '.', 99, 322825.15, 5094365.99, 2257.43);
insert into STATION values (419, '22', 99, 322829.60, 5094361.44, 2246.35);
insert into STATION values (420, '.', 99, 322830.25, 5094362.17, 2246.74);
insert into STATION values (421, '.', 99, 322829.06, 5094363.03, 2247.00);
insert into STATION values (422, '.', 99, 322827.68, 5094363.44, 2246.97);
insert into STATION values (423, '.', 99, 322828.44, 5094361.22, 2246.67);
insert into STATION values (424, '.', 99, 322828.88, 5094360.87, 2246.50);
insert into STATION values (425, '.', 99, 322831.39, 5094360.98, 2246.82);
insert into STATION values (426, '.', 99, 322832.55, 5094359.36, 2246.75);
insert into STATION values (427, '.', 99, 322832.71, 5094357.63, 2247.32);
insert into STATION values (428, '.', 99, 322829.49, 5094360.57, 2246.88);
insert into STATION values (429, '.', 99, 322830.95, 5094362.18, 2253.35);
insert into STATION values (430, '.', 99, 322829.74, 5094361.53, 2245.85);
insert into STATION values (431, '23', 99, 322831.93, 5094359.43, 2248.08);
insert into STATION values (432, '.', 99, 322832.37, 5094359.39, 2248.07);
insert into STATION values (433, '.', 99, 322832.30, 5094360.26, 2248.03);
insert into STATION values (434, '.', 99, 322833.29, 5094357.92, 2248.05);
insert into STATION values (435, '.', 99, 322831.60, 5094357.58, 2248.00);
insert into STATION values (436, '.', 99, 322832.45, 5094355.99, 2248.12);
insert into STATION values (437, '.', 99, 322830.97, 5094359.23, 2248.12);
insert into STATION values (438, '.', 99, 322830.43, 5094359.92, 2247.99);
insert into STATION values (439, '.', 99, 322827.80, 5094363.19, 2247.35);
insert into STATION values (440, '.', 99, 322828.25, 5094363.71, 2247.34);
insert into STATION values (441, '.', 99, 322831.12, 5094360.46, 2253.25);
insert into STATION values (442, '.', 99, 322832.19, 5094359.17, 2245.24);
insert into STATION values (443, '24', 99, 322832.80, 5094356.46, 2247.81);
insert into STATION values (444, '.', 99, 322832.89, 5094358.95, 2248.20);
insert into STATION values (445, '.', 99, 322833.58, 5094357.12, 2247.98);
insert into STATION values (446, '.', 99, 322835.42, 5094356.64, 2247.90);
insert into STATION values (447, '.', 99, 322833.58, 5094356.10, 2247.89);
insert into STATION values (448, '.', 99, 322832.34, 5094355.77, 2247.95);
insert into STATION values (449, '.', 99, 322831.12, 5094356.77, 2248.50);
insert into STATION values (450, '.', 99, 322831.52, 5094357.85, 2248.38);
insert into STATION values (451, '.', 99, 322832.08, 5094358.59, 2248.61);
insert into STATION values (452, '.', 99, 322832.73, 5094356.73, 2250.16);
insert into STATION values (453, '.', 99, 322832.88, 5094356.61, 2246.63);
insert into STATION values (454, '25', 99, 322834.48, 5094356.30, 2247.14);
insert into STATION values (455, '.', 99, 322834.51, 5094356.85, 2247.24);
insert into STATION values (456, '.', 99, 322836.04, 5094356.86, 2247.02);
insert into STATION values (457, '.', 99, 322836.58, 5094356.40, 2246.79);
insert into STATION values (458, '.', 99, 322835.10, 5094355.87, 2247.08);
insert into STATION values (459, '.', 99, 322833.96, 5094355.92, 2247.17);
insert into STATION values (460, '.', 99, 322834.10, 5094356.89, 2247.23);
insert into STATION values (461, '.', 99, 322834.97, 5094356.76, 2248.86);
insert into STATION values (462, '.', 99, 322834.33, 5094356.31, 2246.34);
insert into STATION values (463, '26', 99, 322840.94, 5094355.85, 2225.27);
insert into STATION values (464, '.', 99, 322840.93, 5094356.23, 2225.29);
insert into STATION values (465, '.', 99, 322840.88, 5094355.12, 2225.35);
insert into STATION values (466, '.', 99, 322839.59, 5094355.50, 2225.42);
insert into STATION values (467, '.', 99, 322836.34, 5094356.70, 2225.98);
insert into STATION values (468, '.', 99, 322840.73, 5094356.23, 2225.23);
insert into STATION values (469, '.', 99, 322841.14, 5094356.32, 2225.17);
insert into STATION values (470, '.', 99, 322841.98, 5094354.75, 2225.36);
insert into STATION values (471, '.', 99, 322844.32, 5094354.18, 2225.38);
insert into STATION values (472, '.', 99, 322841.88, 5094355.68, 2225.38);
insert into STATION values (473, '.', 99, 322841.29, 5094355.74, 2230.94);
insert into STATION values (474, '.', 99, 322841.17, 5094355.56, 2224.72);
insert into STATION values (475, '27', 99, 322844.13, 5094354.33, 2226.91);
insert into STATION values (476, '.', 99, 322844.10, 5094355.38, 2226.95);
insert into STATION values (477, '.', 99, 322845.63, 5094355.12, 2226.99);
insert into STATION values (478, '.', 99, 322844.92, 5094354.23, 2227.05);
insert into STATION values (479, '.', 99, 322842.76, 5094353.67, 2227.25);
insert into STATION values (480, '.', 99, 322842.42, 5094354.70, 2226.97);
insert into STATION values (481, '.', 99, 322842.69, 5094355.61, 2226.79);
insert into STATION values (482, '.', 99, 322843.68, 5094355.54, 2227.00);
insert into STATION values (483, '.', 99, 322843.83, 5094354.64, 2231.55);
insert into STATION values (484, '.', 99, 322844.19, 5094354.32, 2225.20);
insert into STATION values (485, '.', 99, 322844.75, 5094353.85, 2223.00);
insert into STATION values (486, '28', 99, 322844.56, 5094355.08, 2226.64);
insert into STATION values (487, '29', 99, 322847.49, 5094353.48, 2220.27);
insert into STATION values (488, '.', 99, 322847.68, 5094354.17, 2220.36);
insert into STATION values (489, '.', 99, 322846.47, 5094354.79, 2220.33);
insert into STATION values (490, '.', 99, 322845.26, 5094354.25, 2220.27);
insert into STATION values (491, '.', 99, 322845.98, 5094353.01, 2220.34);
insert into STATION values (492, '.', 99, 322847.40, 5094352.05, 2220.16);
insert into STATION values (493, '.', 99, 322849.02, 5094352.51, 2220.10);
insert into STATION values (494, '.', 99, 322849.82, 5094353.37, 2220.17);
insert into STATION values (495, '.', 99, 322848.09, 5094353.78, 2220.32);
insert into STATION values (496, '.', 99, 322847.81, 5094354.21, 2220.43);
insert into STATION values (497, '.', 99, 322847.20, 5094353.97, 2225.53);
insert into STATION values (498, '.', 99, 322847.64, 5094352.79, 2216.96);
insert into STATION values (499, '.', 99, 322848.26, 5094352.15, 2217.69);
insert into STATION values (500, '30', 99, 322848.98, 5094352.45, 2214.26);
insert into STATION values (501, '.', 99, 322847.88, 5094352.65, 2214.42);
insert into STATION values (502, '.', 99, 322848.04, 5094352.33, 2214.29);
insert into STATION values (503, '.', 99, 322849.05, 5094353.48, 2214.42);
insert into STATION values (504, '.', 99, 322853.37, 5094355.77, 2214.13);
insert into STATION values (505, '.', 99, 322849.74, 5094352.09, 2214.32);
insert into STATION values (506, '.', 99, 322849.13, 5094351.90, 2214.37);
insert into STATION values (507, '31', 99, 322850.17, 5094354.12, 2214.85);
insert into STATION values (508, '.', 99, 322852.99, 5094356.98, 2214.94);
insert into STATION values (509, '.', 99, 322849.92, 5094354.39, 2214.94);
insert into STATION values (510, '.', 99, 322848.16, 5094352.84, 2214.96);
insert into STATION values (511, '.', 99, 322850.02, 5094352.88, 2215.02);
insert into STATION values (512, '.', 99, 322850.69, 5094353.61, 2214.88);
insert into STATION values (513, '.', 99, 322851.64, 5094354.61, 2214.82);
insert into STATION values (514, '.', 99, 322854.20, 5094356.56, 2214.68);
insert into STATION values (515, '.', 99, 322851.63, 5094354.92, 2219.54);
insert into STATION values (516, '.', 99, 322850.17, 5094354.11, 2214.67);
insert into STATION values (517, '.', 99, 322850.16, 5094354.46, 2210.16);
insert into STATION values (518, '32', 99, 322854.21, 5094357.19, 2203.25);
insert into STATION values (519, '33', 99, 322855.53, 5094358.60, 2209.45);
insert into STATION values (520, '.', 99, 322854.35, 5094354.91, 2203.08);
insert into STATION values (521, '.', 99, 322851.67, 5094354.54, 2203.21);
insert into STATION values (522, '.', 99, 322850.46, 5094355.67, 2203.03);
insert into STATION values (523, '.', 99, 322851.08, 5094357.00, 2202.98);
insert into STATION values (524, '.', 99, 322852.97, 5094357.78, 2203.15);
insert into STATION values (525, '.', 99, 322854.69, 5094357.68, 2203.18);
insert into STATION values (526, '.', 99, 322855.96, 5094359.03, 2209.40);
insert into STATION values (527, '.', 99, 322856.71, 5094357.70, 2209.26);
insert into STATION values (528, '.', 99, 322854.10, 5094356.43, 2223.18);
insert into STATION values (529, '.', 99, 322857.11, 5094357.99, 2209.33);
insert into STATION values (530, '.', 99, 322856.64, 5094356.19, 2209.58);
insert into STATION values (531, '.', 99, 322855.40, 5094356.15, 2209.68);
insert into STATION values (532, '.', 99, 322854.67, 5094355.43, 2209.26);
insert into STATION values (533, '.', 99, 322850.36, 5094354.44, 2209.17);
insert into STATION values (534, '.', 99, 322852.62, 5094358.31, 2209.32);
insert into STATION values (535, '.', 99, 322853.02, 5094359.65, 2209.58);
insert into STATION values (536, '.', 99, 322855.39, 5094358.05, 2210.92);
insert into STATION values (537, '.', 99, 322855.54, 5094358.49, 2208.32);
insert into STATION values (538, '.', 99, 322855.88, 5094360.15, 2203.54);
insert into STATION values (539, '34', 99, 322854.51, 5094352.46, 2222.79);
insert into STATION values (540, '35', 99, 322856.72, 5094358.40, 2208.71);
insert into STATION values (541, '.', 99, 322857.24, 5094358.21, 2208.78);
insert into STATION values (542, '.', 99, 322856.67, 5094359.27, 2208.92);
insert into STATION values (543, '.', 99, 322855.99, 5094358.66, 2208.81);
insert into STATION values (544, '.', 99, 322857.49, 5094357.28, 2208.64);
insert into STATION values (545, '.', 99, 322857.25, 5094358.24, 2208.73);
insert into STATION values (546, '.', 99, 322856.58, 5094358.97, 2208.78);
insert into STATION values (547, '.', 99, 322856.79, 5094358.15, 2209.64);
insert into STATION values (548, '.', 99, 322856.59, 5094358.37, 2207.86);
insert into STATION values (549, '36', 99, 322859.94, 5094360.99, 2207.87);
insert into STATION values (550, '.', 99, 322859.98, 5094360.16, 2207.84);
insert into STATION values (551, '.', 99, 322859.80, 5094361.51, 2207.81);
insert into STATION values (552, '.', 99, 322859.14, 5094360.97, 2207.99);
insert into STATION values (553, '.', 99, 322859.58, 5094360.07, 2207.81);
insert into STATION values (554, '.', 99, 322860.81, 5094360.62, 2207.80);
insert into STATION values (555, '.', 99, 322860.76, 5094361.21, 2207.96);
insert into STATION values (556, '.', 99, 322860.01, 5094360.81, 2208.46);
insert into STATION values (557, '.', 99, 322859.89, 5094361.11, 2206.96);
insert into STATION values (558, '37', 99, 322862.18, 5094360.77, 2206.79);
insert into STATION values (559, '.', 99, 322863.38, 5094360.07, 2206.63);
insert into STATION values (560, '.', 99, 322861.47, 5094360.04, 2206.86);
insert into STATION values (561, '.', 99, 322861.84, 5094358.34, 2206.90);
insert into STATION values (562, '.', 99, 322862.23, 5094358.41, 2206.64);
insert into STATION values (563, '.', 99, 322862.56, 5094360.35, 2204.66);
insert into STATION values (564, '.', 99, 322862.18, 5094360.34, 2207.73);
insert into STATION values (565, '38', 99, 322862.02, 5094358.89, 2205.92);
insert into STATION values (566, '.', 99, 322863.34, 5094359.22, 2205.87);
insert into STATION values (567, '.', 99, 322864.48, 5094360.91, 2205.80);
insert into STATION values (568, '.', 99, 322862.91, 5094360.67, 2206.02);
insert into STATION values (569, '.', 99, 322862.20, 5094360.62, 2206.01);
insert into STATION values (570, '.', 99, 322862.60, 5094359.96, 2207.25);
insert into STATION values (571, '.', 99, 322862.33, 5094358.99, 2204.15);
insert into STATION values (572, '39', 99, 322864.38, 5094358.96, 2216.22);
insert into STATION values (573, '40', 99, 322866.91, 5094360.17, 2203.53);
insert into STATION values (574, '.', 99, 322873.67, 5094361.93, 2200.22);
insert into STATION values (575, '.', 99, 322871.78, 5094361.43, 2201.12);
insert into STATION values (576, '.', 99, 322868.11, 5094361.22, 2203.70);
insert into STATION values (577, '.', 99, 322869.23, 5094359.39, 2203.53);
insert into STATION values (578, '.', 99, 322867.86, 5094358.03, 2203.48);
insert into STATION values (579, '.', 99, 322865.80, 5094355.90, 2203.47);
insert into STATION values (580, '.', 99, 322864.38, 5094357.99, 2203.60);
insert into STATION values (581, '.', 99, 322863.93, 5094360.30, 2203.54);
insert into STATION values (582, '.', 99, 322865.12, 5094361.30, 2203.84);
insert into STATION values (583, '.', 99, 322865.55, 5094360.89, 2203.72);
insert into STATION values (584, '.', 99, 322866.64, 5094359.41, 2213.12);
insert into STATION values (585, '.', 99, 322867.10, 5094359.86, 2202.56);
insert into STATION values (586, '.', 99, 322869.03, 5094361.01, 2208.61);
insert into STATION values (587, '41', 99, 322865.38, 5094359.28, 2214.68);
insert into STATION values (588, '42', 99, 322868.29, 5094353.63, 2199.97);
insert into STATION values (589, '.', 99, 322867.13, 5094355.64, 2200.05);
insert into STATION values (590, '.', 99, 322868.96, 5094354.81, 2200.10);
insert into STATION values (591, '.', 99, 322869.17, 5094353.63, 2200.03);
insert into STATION values (592, '.', 99, 322868.87, 5094352.38, 2200.07);
insert into STATION values (593, '.', 99, 322867.92, 5094353.91, 2201.42);
insert into STATION values (594, '.', 99, 322868.43, 5094353.68, 2198.63);
insert into STATION values (595, '43', 99, 322871.05, 5094351.26, 2197.39);
insert into STATION values (596, '.', 99, 322871.22, 5094351.81, 2197.49);
insert into STATION values (597, '.', 99, 322870.47, 5094351.88, 2197.49);
insert into STATION values (598, '.', 99, 322870.31, 5094350.67, 2197.40);
insert into STATION values (599, '.', 99, 322871.03, 5094350.61, 2197.52);
insert into STATION values (600, '.', 99, 322871.44, 5094350.74, 2197.33);
insert into STATION values (601, '.', 99, 322870.99, 5094351.15, 2198.78);
insert into STATION values (602, '.', 99, 322871.17, 5094351.26, 2196.35);
insert into STATION values (603, '44', 99, 322872.27, 5094348.21, 2194.70);
insert into STATION values (604, '.', 99, 322872.68, 5094349.46, 2194.84);
insert into STATION values (605, '.', 99, 322872.91, 5094347.92, 2194.71);
insert into STATION values (606, '.', 99, 322877.34, 5094344.85, 2193.89);
insert into STATION values (607, '.', 99, 322876.17, 5094348.84, 2194.63);
insert into STATION values (608, '.', 99, 322873.64, 5094349.52, 2194.75);
insert into STATION values (609, '.', 99, 322872.67, 5094349.12, 2194.76);
insert into STATION values (610, '.', 99, 322874.38, 5094346.16, 2208.18);
insert into STATION values (611, '.', 99, 322872.50, 5094348.10, 2193.08);
insert into STATION values (612, '45', 99, 322876.15, 5094346.86, 2192.28);
insert into STATION values (613, '.', 99, 322873.92, 5094341.62, 2191.66);
insert into STATION values (614, '.', 99, 322873.97, 5094345.18, 2192.20);
insert into STATION values (615, '.', 99, 322877.83, 5094344.20, 2192.18);
insert into STATION values (616, '.', 99, 322876.33, 5094347.36, 2192.40);
insert into STATION values (617, '.', 99, 322874.40, 5094349.42, 2193.67);
insert into STATION values (618, '.', 99, 322874.45, 5094344.05, 2205.55);
insert into STATION values (619, '.', 99, 322875.79, 5094346.63, 2190.94);
insert into STATION values (620, '.', 99, 322873.41, 5094342.05, 2190.70);
insert into STATION values (621, '46', 99, 322875.58, 5094342.22, 2188.01);
insert into STATION values (622, '.', 99, 322874.34, 5094341.36, 2188.10);
insert into STATION values (623, '.', 99, 322875.08, 5094340.35, 2188.07);
insert into STATION values (624, '.', 99, 322877.53, 5094342.67, 2188.31);
insert into STATION values (625, '.', 99, 322876.87, 5094345.43, 2190.47);
insert into STATION values (626, '.', 99, 322871.13, 5094343.83, 2191.29);
insert into STATION values (627, '.', 99, 322882.20, 5094334.32, 2186.96);
insert into STATION values (628, '.', 99, 322876.64, 5094339.41, 2202.13);
insert into STATION values (629, '.', 99, 322875.75, 5094342.11, 2186.66);
insert into STATION values (630, '47', 99, 322881.66, 5094332.34, 2179.95);
insert into STATION values (631, '.', 99, 322877.87, 5094329.41, 2180.29);
insert into STATION values (632, '.', 99, 322881.47, 5094323.98, 2180.77);
insert into STATION values (633, '.', 99, 322874.56, 5094335.14, 2182.41);
insert into STATION values (634, '.', 99, 322880.67, 5094337.20, 2181.69);
insert into STATION values (635, '.', 99, 322878.14, 5094338.88, 2184.58);
insert into STATION values (636, '.', 99, 322883.74, 5094334.33, 2180.41);
insert into STATION values (637, '.', 99, 322885.19, 5094331.24, 2180.45);
insert into STATION values (638, '.', 99, 322886.79, 5094325.85, 2181.08);
insert into STATION values (639, '.', 99, 322882.14, 5094322.50, 2179.55);
insert into STATION values (640, '.', 99, 322881.70, 5094330.07, 2195.02);
insert into STATION values (641, '.', 99, 322878.54, 5094329.31, 2189.53);
insert into STATION values (642, '48', 99, 322883.27, 5094324.48, 2178.76);
insert into STATION values (643, '.', 99, 322886.56, 5094325.17, 2181.71);
insert into STATION values (644, '.', 99, 322886.86, 5094330.33, 2181.39);
insert into STATION values (645, '.', 99, 322883.20, 5094321.26, 2178.76);
insert into STATION values (646, '.', 99, 322887.07, 5094316.04, 2178.41);
insert into STATION values (647, '.', 99, 322880.41, 5094325.78, 2179.24);
insert into STATION values (648, '.', 99, 322885.01, 5094323.76, 2191.22);
insert into STATION values (649, '49', 99, 322885.29, 5094314.67, 2177.35);
insert into STATION values (650, '50', 99, 322878.53, 5094328.29, 2179.86);
insert into STATION values (651, '.', 99, 322879.44, 5094325.55, 2180.50);
insert into STATION values (652, '.', 99, 322889.70, 5094319.35, 2185.09);
insert into STATION values (653, '.', 99, 322885.48, 5094327.57, 2182.10);
insert into STATION values (654, '.', 99, 322881.07, 5094333.57, 2182.65);
insert into STATION values (655, '.', 99, 322880.00, 5094336.12, 2181.59);
insert into STATION values (656, '.', 99, 322876.06, 5094331.75, 2181.44);
insert into STATION values (657, '.', 99, 322878.74, 5094328.00, 2192.57);
insert into STATION values (658, '.', 99, 322878.53, 5094328.20, 2177.74);
insert into STATION values (659, '51', 99, 322878.65, 5094327.94, 2169.97);
insert into STATION values (660, '.', 99, 322877.21, 5094325.60, 2170.17);
insert into STATION values (661, '.', 99, 322879.13, 5094323.55, 2170.31);
insert into STATION values (662, '.', 99, 322879.02, 5094327.40, 2170.06);
insert into STATION values (663, '.', 99, 322879.45, 5094328.40, 2170.11);
insert into STATION values (664, '.', 99, 322878.95, 5094330.71, 2170.39);
insert into STATION values (665, '.', 99, 322876.26, 5094331.64, 2170.45);
insert into STATION values (666, '.', 99, 322875.68, 5094331.70, 2170.26);
insert into STATION values (667, '.', 99, 322876.43, 5094328.65, 2170.09);
insert into STATION values (668, '.', 99, 322874.22, 5094329.90, 2171.62);
insert into STATION values (669, '.', 99, 322878.78, 5094327.99, 2178.88);
insert into STATION values (670, '.', 99, 322878.60, 5094325.39, 2154.05);
insert into STATION values (671, '52', 99, 322877.37, 5094328.54, 2153.82);
insert into STATION values (672, '.', 99, 322875.71, 5094328.15, 2153.74);
insert into STATION values (673, '.', 99, 322875.50, 5094330.42, 2153.77);
insert into STATION values (674, '.', 99, 322876.10, 5094333.28, 2153.53);
insert into STATION values (675, '.', 99, 322878.54, 5094331.80, 2153.79);
insert into STATION values (676, '.', 99, 322879.89, 5094330.04, 2153.85);
insert into STATION values (677, '.', 99, 322879.52, 5094327.98, 2153.80);
insert into STATION values (678, '.', 99, 322878.71, 5094327.24, 2153.72);
insert into STATION values (679, '.', 99, 322878.26, 5094326.55, 2154.23);
insert into STATION values (680, '.', 99, 322880.23, 5094320.39, 2158.99);
insert into STATION values (681, '.', 99, 322876.47, 5094325.91, 2154.83);
insert into STATION values (682, '.', 99, 322876.00, 5094327.48, 2154.06);
insert into STATION values (683, '.', 99, 322877.15, 5094328.90, 2153.16);
insert into STATION values (684, '.', 99, 322875.43, 5094329.18, 2167.62);
insert into STATION values (685, '53', 99, 322874.54, 5094332.83, 2153.98);
insert into STATION values (686, '.', 99, 322876.01, 5094333.21, 2153.85);
insert into STATION values (687, '.', 99, 322874.08, 5094332.79, 2153.86);
insert into STATION values (688, '54', 99, 322872.94, 5094334.08, 2149.09);
insert into STATION values (689, '55', 99, 322880.23, 5094319.63, 2159.85);
insert into STATION values (690, '.', 99, 322881.57, 5094321.25, 2159.79);
insert into STATION values (691, '.', 99, 322880.26, 5094324.18, 2159.81);
insert into STATION values (692, '.', 99, 322875.58, 5094334.36, 2159.87);
insert into STATION values (693, '.', 99, 322877.51, 5094323.06, 2160.21);
insert into STATION values (694, '.', 99, 322879.75, 5094320.50, 2159.97);
insert into STATION values (695, '.', 99, 322882.47, 5094317.58, 2160.96);
insert into STATION values (696, '.', 99, 322879.43, 5094319.51, 2159.93);
insert into STATION values (697, '.', 99, 322880.41, 5094319.55, 2158.48);
insert into STATION values (698, '.', 99, 322880.24, 5094320.99, 2174.19);
insert into STATION values (699, '56', 99, 322884.35, 5094314.57, 2165.83);
insert into STATION values (700, '.', 99, 322880.01, 5094319.32, 2165.56);
insert into STATION values (701, '.', 99, 322884.71, 5094315.13, 2165.90);
insert into STATION values (702, '.', 99, 322884.46, 5094314.01, 2165.94);
insert into STATION values (703, '.', 99, 322883.20, 5094313.37, 2166.00);
insert into STATION values (704, '.', 99, 322883.04, 5094313.63, 2166.09);
insert into STATION values (705, '.', 99, 322881.96, 5094314.89, 2165.87);
insert into STATION values (706, '.', 99, 322880.36, 5094317.52, 2165.99);
insert into STATION values (707, '.', 99, 322884.01, 5094314.65, 2173.31);
insert into STATION values (708, '.', 99, 322883.97, 5094314.32, 2164.40);
insert into STATION values (709, '57', 99, 322883.17, 5094313.08, 2165.44);
insert into STATION values (710, '.', 99, 322884.27, 5094313.49, 2165.52);
insert into STATION values (711, '.', 99, 322884.27, 5094311.79, 2165.36);
insert into STATION values (712, '.', 99, 322886.07, 5094307.40, 2164.86);
insert into STATION values (713, '.', 99, 322882.98, 5094312.52, 2165.38);
insert into STATION values (714, '.', 99, 322882.06, 5094314.09, 2165.38);
insert into STATION values (715, '.', 99, 322884.67, 5094312.49, 2173.44);
insert into STATION values (716, '.', 99, 322882.83, 5094313.02, 2164.03);
insert into STATION values (717, '58', 99, 322884.48, 5094308.35, 2161.97);
insert into STATION values (718, '.', 99, 322885.10, 5094308.75, 2161.91);
insert into STATION values (719, '.', 99, 322884.20, 5094308.23, 2162.01);
insert into STATION values (720, '.', 99, 322884.79, 5094307.08, 2161.86);
insert into STATION values (721, '.', 99, 322884.74, 5094308.90, 2162.00);
insert into STATION values (722, '.', 99, 322885.64, 5094308.25, 2165.49);
insert into STATION values (723, '.', 99, 322884.30, 5094308.78, 2161.33);
insert into STATION values (724, '59', 99, 322884.24, 5094308.47, 2159.82);
insert into STATION values (725, '.', 99, 322883.85, 5094308.35, 2159.91);
insert into STATION values (726, '.', 99, 322884.55, 5094308.38, 2159.81);
insert into STATION values (727, '.', 99, 322883.98, 5094307.76, 2159.91);
insert into STATION values (728, '.', 99, 322884.08, 5094308.95, 2159.65);
insert into STATION values (729, '60', 99, 322883.99, 5094305.00, 2157.53);
insert into STATION values (730, '.', 99, 322884.32, 5094305.17, 2157.51);
insert into STATION values (731, '.', 99, 322884.82, 5094304.04, 2157.53);
insert into STATION values (732, '.', 99, 322883.27, 5094306.31, 2157.89);
insert into STATION values (733, '.', 99, 322884.08, 5094304.88, 2158.30);
insert into STATION values (734, '.', 99, 322883.82, 5094304.83, 2156.60);
insert into STATION values (735, '61', 99, 322885.07, 5094301.78, 2156.05);
insert into STATION values (736, '.', 99, 322884.72, 5094301.69, 2156.09);
insert into STATION values (737, '.', 99, 322885.48, 5094301.72, 2156.16);
insert into STATION values (738, '.', 99, 322885.09, 5094301.11, 2156.16);
insert into STATION values (739, '.', 99, 322884.59, 5094301.98, 2155.99);
insert into STATION values (740, '.', 99, 322884.79, 5094301.61, 2154.80);
insert into STATION values (741, '.', 99, 322885.62, 5094301.90, 2159.45);
insert into STATION values (742, '62', 99, 322885.42, 5094298.75, 2154.94);
insert into STATION values (743, '.', 99, 322885.91, 5094299.03, 2154.95);
insert into STATION values (744, '.', 99, 322885.16, 5094298.70, 2155.00);
insert into STATION values (745, '.', 99, 322885.96, 5094298.08, 2154.97);
insert into STATION values (746, '.', 99, 322886.08, 5094298.92, 2156.98);
insert into STATION values (747, '.', 99, 322885.40, 5094298.71, 2154.18);
insert into STATION values (748, '63', 99, 322886.37, 5094296.34, 2154.32);
insert into STATION values (749, '.', 99, 322885.84, 5094296.20, 2154.32);
insert into STATION values (750, '.', 99, 322886.73, 5094296.46, 2154.34);
insert into STATION values (751, '.', 99, 322886.92, 5094293.47, 2154.37);
insert into STATION values (752, '.', 99, 322885.98, 5094295.90, 2152.22);
insert into STATION values (753, '.', 99, 322886.89, 5094296.27, 2156.28);
insert into STATION values (754, '64', 99, 322886.27, 5094294.17, 2153.34);
insert into STATION values (755, '.', 99, 322886.89, 5094294.35, 2153.22);
insert into STATION values (756, '.', 99, 322886.05, 5094293.98, 2153.41);
insert into STATION values (757, '.', 99, 322885.93, 5094296.63, 2153.74);
insert into STATION values (758, '.', 99, 322886.64, 5094292.60, 2153.29);
insert into STATION values (759, '.', 99, 322885.84, 5094294.61, 2151.86);
insert into STATION values (760, '.', 99, 322886.88, 5094294.71, 2155.62);
insert into STATION values (761, '.', 99, 322884.87, 5094293.63, 2148.89);
insert into STATION values (762, '65', 99, 322884.99, 5094293.09, 2148.74);
insert into STATION values (763, '.', 99, 322885.45, 5094293.17, 2148.75);
insert into STATION values (764, '.', 99, 322884.67, 5094293.00, 2148.84);
insert into STATION values (765, '.', 99, 322884.96, 5094291.75, 2148.89);
insert into STATION values (766, '.', 99, 322885.62, 5094291.98, 2148.81);
insert into STATION values (767, '.', 99, 322885.89, 5094289.74, 2148.82);
insert into STATION values (768, '.', 99, 322884.48, 5094295.82, 2148.74);
insert into STATION values (769, '.', 99, 322886.93, 5094293.78, 2153.62);
insert into STATION values (770, '66', 99, 322885.33, 5094290.70, 2149.06);
insert into STATION values (771, '.', 99, 322885.84, 5094290.75, 2148.99);
insert into STATION values (772, '.', 99, 322885.09, 5094290.66, 2149.14);
insert into STATION values (773, '.', 99, 322887.37, 5094290.87, 2153.80);
insert into STATION values (774, '.', 99, 322885.26, 5094290.82, 2148.08);
insert into STATION values (775, '67', 99, 322884.60, 5094288.27, 2145.03);
insert into STATION values (776, '68', 99, 322884.88, 5094287.15, 2144.08);
insert into STATION values (777, '.', 99, 322884.47, 5094286.94, 2144.21);
insert into STATION values (778, '.', 99, 322885.10, 5094287.38, 2144.16);
insert into STATION values (779, '.', 99, 322885.84, 5094287.64, 2147.11);
insert into STATION values (780, '.', 99, 322884.00, 5094288.19, 2142.44);
insert into STATION values (781, '.', 99, 322885.84, 5094283.73, 2144.38);
insert into STATION values (782, '69', 99, 322885.44, 5094281.59, 2142.23);
insert into STATION values (783, '.', 99, 322884.97, 5094281.65, 2142.25);
insert into STATION values (784, '.', 99, 322884.59, 5094282.56, 2142.34);
insert into STATION values (785, '.', 99, 322886.67, 5094281.77, 2142.35);
insert into STATION values (786, '.', 99, 322887.09, 5094278.99, 2142.77);
insert into STATION values (787, '.', 99, 322890.26, 5094271.55, 2143.03);
insert into STATION values (788, '.', 99, 322885.45, 5094279.61, 2142.53);
insert into STATION values (789, '.', 99, 322887.00, 5094282.55, 2147.80);
insert into STATION values (790, '.', 99, 322885.11, 5094281.25, 2140.95);
insert into STATION values (791, '70', 99, 322886.41, 5094278.13, 2143.17);
insert into STATION values (792, '.', 99, 322887.49, 5094278.54, 2143.16);
insert into STATION values (793, '.', 99, 322888.12, 5094277.18, 2143.09);
insert into STATION values (794, '.', 99, 322890.52, 5094273.43, 2142.79);
insert into STATION values (795, '.', 99, 322889.53, 5094270.70, 2142.64);
insert into STATION values (796, '.', 99, 322887.89, 5094272.80, 2142.64);
insert into STATION values (797, '.', 99, 322884.80, 5094279.92, 2143.96);
insert into STATION values (798, '.', 99, 322887.80, 5094277.95, 2146.77);
insert into STATION values (799, '.', 99, 322886.28, 5094277.93, 2140.61);
insert into STATION values (800, '.', 99, 322884.48, 5094276.78, 2134.62);
insert into STATION values (801, '.', 99, 322888.92, 5094276.45, 2143.12);
insert into STATION values (802, '.', 99, 322892.32, 5094273.46, 2141.20);
insert into STATION values (803, '.', 99, 322887.44, 5094278.95, 2143.35);
insert into STATION values (804, '.', 99, 322887.38, 5094280.64, 2143.54);
insert into STATION values (805, '71', 99, 322884.43, 5094277.24, 2134.41);
insert into STATION values (806, '.', 99, 322889.46, 5094273.14, 2134.47);
insert into STATION values (807, '.', 99, 322889.27, 5094267.42, 2134.64);
insert into STATION values (808, '.', 99, 322892.11, 5094274.35, 2134.29);
insert into STATION values (809, '.', 99, 322885.98, 5094277.37, 2134.65);
insert into STATION values (810, '.', 99, 322884.44, 5094278.33, 2134.50);
insert into STATION values (811, '.', 99, 322882.96, 5094280.78, 2134.53);
insert into STATION values (812, '.', 99, 322884.58, 5094273.79, 2134.35);
insert into STATION values (813, '.', 99, 322886.03, 5094277.47, 2143.37);
insert into STATION values (814, '.', 99, 322886.87, 5094275.50, 2122.55);
insert into STATION values (815, '72', 99, 322886.31, 5094275.32, 2115.56);
insert into STATION values (816, '73', 99, 322879.63, 5094281.55, 2116.15);
insert into STATION values (817, '.', 99, 322886.35, 5094279.11, 2116.55);
insert into STATION values (818, '.', 99, 322880.29, 5094279.22, 2116.62);
insert into STATION values (819, '.', 99, 322878.89, 5094279.93, 2116.38);
insert into STATION values (820, '.', 99, 322880.17, 5094282.77, 2116.30);
insert into STATION values (821, '.', 99, 322873.07, 5094287.78, 2116.78);
insert into STATION values (822, '.', 99, 322875.80, 5094283.43, 2116.31);
insert into STATION values (823, '.', 99, 322885.88, 5094279.03, 2128.36);
insert into STATION values (824, '.', 99, 322876.03, 5094282.05, 2116.24);
insert into STATION values (825, '.', 99, 322889.43, 5094272.16, 2116.72);
insert into STATION values (826, '.', 99, 322882.63, 5094275.24, 2115.81);
insert into STATION values (827, '.', 99, 322882.28, 5094264.65, 2111.57);
insert into STATION values (828, '.', 99, 322879.38, 5094268.14, 2111.74);
insert into STATION values (829, '.', 99, 322882.04, 5094282.48, 2116.43);
insert into STATION values (830, '.', 99, 322881.82, 5094283.12, 2116.49);
insert into STATION values (831, '.', 99, 322879.19, 5094281.47, 2116.22);
insert into STATION values (832, '.', 99, 322880.35, 5094281.84, 2117.55);
insert into STATION values (833, '.', 99, 322879.82, 5094281.68, 2114.72);
insert into STATION values (834, '.', 99, 322882.06, 5094278.72, 2112.66);
insert into STATION values (835, '.', 99, 322886.74, 5094277.40, 2118.08);
insert into STATION values (836, '.', 99, 322886.35, 5094280.26, 2118.10);
insert into STATION values (837, '.', 99, 322882.40, 5094282.14, 2116.62);
insert into STATION values (838, '.', 99, 322883.27, 5094275.06, 2116.32);
insert into STATION values (839, '.', 99, 322886.77, 5094271.51, 2117.34);
insert into STATION values (840, '.', 99, 322890.59, 5094272.52, 2118.58);
insert into STATION values (841, '.', 99, 322887.05, 5094276.08, 2117.48);
insert into STATION values (842, '.', 99, 322883.36, 5094279.47, 2116.29);
insert into STATION values (843, '.', 99, 322882.86, 5094280.36, 2116.12);
insert into STATION values (844, '74', 99, 322879.45, 5094290.99, 2117.39);
insert into STATION values (845, '.', 99, 322877.86, 5094292.58, 2117.46);
insert into STATION values (846, '.', 99, 322877.91, 5094293.93, 2117.18);
insert into STATION values (847, '.', 99, 322878.24, 5094297.41, 2117.92);
insert into STATION values (848, '.', 99, 322879.00, 5094293.18, 2117.71);
insert into STATION values (849, '.', 99, 322878.72, 5094286.08, 2116.86);
insert into STATION values (850, '.', 99, 322878.59, 5094288.61, 2117.25);
insert into STATION values (851, '.', 99, 322878.21, 5094290.00, 2117.57);
insert into STATION values (852, '.', 99, 322878.25, 5094290.35, 2117.60);
insert into STATION values (853, '.', 99, 322879.59, 5094291.00, 2119.52);
insert into STATION values (854, '.', 99, 322878.15, 5094291.02, 2116.45);
insert into STATION values (855, '.', 99, 322878.07, 5094290.58, 2117.34);
insert into STATION values (856, '75', 99, 322877.68, 5094294.54, 2118.40);
insert into STATION values (857, '.', 99, 322879.67, 5094289.29, 2117.39);
insert into STATION values (858, '.', 99, 322878.93, 5094293.30, 2118.40);
insert into STATION values (859, '.', 99, 322878.83, 5094294.47, 2118.37);
insert into STATION values (860, '.', 99, 322878.58, 5094295.64, 2118.57);
insert into STATION values (861, '.', 99, 322877.90, 5094296.70, 2118.39);
insert into STATION values (862, '.', 99, 322877.63, 5094298.44, 2119.21);
insert into STATION values (863, '.', 99, 322876.86, 5094300.83, 2120.22);
insert into STATION values (864, '.', 99, 322880.37, 5094295.83, 2124.09);
insert into STATION values (865, '.', 99, 322877.59, 5094294.67, 2116.82);
insert into STATION values (866, '76', 99, 322876.90, 5094300.91, 2120.11);
insert into STATION values (867, '77', 99, 322879.69, 5094295.24, 2123.04);
insert into STATION values (868, '.', 99, 322880.94, 5094292.80, 2122.74);
insert into STATION values (869, '.', 99, 322880.84, 5094294.41, 2122.99);
insert into STATION values (870, '.', 99, 322880.63, 5094294.95, 2122.99);
insert into STATION values (871, '.', 99, 322880.35, 5094295.48, 2122.98);
insert into STATION values (872, '.', 99, 322880.23, 5094295.98, 2123.19);
insert into STATION values (873, '.', 99, 322880.22, 5094297.12, 2123.78);
insert into STATION values (874, '.', 99, 322879.24, 5094296.80, 2123.84);
insert into STATION values (875, '.', 99, 322880.37, 5094295.44, 2124.48);
insert into STATION values (876, '.', 99, 322877.94, 5094294.77, 2117.12);
insert into STATION values (877, '78', 99, 322878.92, 5094299.75, 2124.46);
insert into STATION values (878, '.', 99, 322879.08, 5094297.43, 2124.19);
insert into STATION values (879, '.', 99, 322878.58, 5094298.11, 2124.31);
insert into STATION values (880, '.', 99, 322878.57, 5094298.63, 2124.41);
insert into STATION values (881, '.', 99, 322878.29, 5094299.38, 2124.44);
insert into STATION values (882, '.', 99, 322878.16, 5094299.95, 2124.46);
insert into STATION values (883, '.', 99, 322877.87, 5094300.53, 2124.42);
insert into STATION values (884, '.', 99, 322877.14, 5094302.86, 2124.30);
insert into STATION values (885, '.', 99, 322877.63, 5094304.22, 2124.14);
insert into STATION values (886, '.', 99, 322878.79, 5094299.64, 2125.23);
insert into STATION values (887, '.', 99, 322878.95, 5094299.72, 2122.90);
insert into STATION values (888, '.', 99, 322875.05, 5094308.95, 2124.18);
insert into STATION values (889, '79', 99, 322874.98, 5094309.22, 2124.19);
insert into STATION values (890, '.', 99, 322873.93, 5094310.03, 2124.19);
insert into STATION values (891, '.', 99, 322873.71, 5094310.49, 2124.22);
insert into STATION values (892, '.', 99, 322875.13, 5094311.37, 2124.63);
insert into STATION values (893, '.', 99, 322875.41, 5094310.34, 2124.50);
insert into STATION values (894, '.', 99, 322875.56, 5094309.67, 2124.40);
insert into STATION values (895, '.', 99, 322875.95, 5094308.67, 2124.49);
insert into STATION values (896, '.', 99, 322876.21, 5094307.95, 2124.79);
insert into STATION values (897, '.', 99, 322876.51, 5094306.97, 2124.70);
insert into STATION values (898, '.', 99, 322879.04, 5094298.92, 2124.25);
insert into STATION values (899, '.', 99, 322875.96, 5094305.26, 2124.50);
insert into STATION values (900, '.', 99, 322875.24, 5094305.98, 2124.79);
insert into STATION values (901, '.', 99, 322874.32, 5094307.27, 2124.30);
insert into STATION values (902, '.', 99, 322873.70, 5094308.54, 2124.76);
insert into STATION values (903, '.', 99, 322874.19, 5094309.09, 2124.26);
insert into STATION values (904, '.', 99, 322875.05, 5094308.84, 2126.52);
insert into STATION values (905, '.', 99, 322874.52, 5094309.23, 2123.16);
insert into STATION values (906, '.', 99, 322871.62, 5094309.53, 2118.62);
insert into STATION values (907, '80', 99, 322873.65, 5094313.22, 2126.62);
insert into STATION values (908, '.', 99, 322873.33, 5094317.51, 2126.30);
insert into STATION values (909, '.', 99, 322874.11, 5094314.94, 2126.54);
insert into STATION values (910, '.', 99, 322874.37, 5094314.31, 2126.54);
insert into STATION values (911, '.', 99, 322874.57, 5094313.68, 2126.62);
insert into STATION values (912, '.', 99, 322874.92, 5094312.87, 2126.66);
insert into STATION values (913, '.', 99, 322874.95, 5094311.69, 2126.83);
insert into STATION values (914, '.', 99, 322875.21, 5094311.01, 2126.46);
insert into STATION values (915, '.', 99, 322874.27, 5094311.71, 2126.33);
insert into STATION values (916, '.', 99, 322874.47, 5094313.47, 2129.35);
insert into STATION values (917, '.', 99, 322873.08, 5094313.24, 2124.40);
insert into STATION values (918, '.', 99, 322874.75, 5094313.58, 2130.39);
insert into STATION values (919, '81', 99, 322873.72, 5094315.64, 2127.22);
insert into STATION values (920, '.', 99, 322872.50, 5094317.77, 2127.90);
insert into STATION values (921, '.', 99, 322873.44, 5094317.57, 2127.74);
insert into STATION values (922, '.', 99, 322873.56, 5094316.91, 2127.52);
insert into STATION values (923, '.', 99, 322871.85, 5094317.03, 2127.46);
insert into STATION values (924, '.', 99, 322872.08, 5094316.20, 2127.44);
insert into STATION values (925, '.', 99, 322872.54, 5094315.53, 2127.40);
insert into STATION values (926, '.', 99, 322872.64, 5094314.97, 2127.29);
insert into STATION values (927, '.', 99, 322873.24, 5094314.30, 2127.26);
insert into STATION values (928, '.', 99, 322873.95, 5094312.32, 2127.40);
insert into STATION values (929, '.', 99, 322874.77, 5094311.55, 2127.44);
insert into STATION values (930, '.', 99, 322874.08, 5094315.46, 2130.72);
insert into STATION values (931, '.', 99, 322873.69, 5094316.53, 2136.15);
insert into STATION values (932, '.', 99, 322873.17, 5094315.33, 2125.21);
insert into STATION values (933, '.', 99, 322873.91, 5094316.81, 2136.77);
insert into STATION values (934, '.', 99, 322874.11, 5094317.00, 2133.04);
insert into STATION values (935, '82', 99, 322873.73, 5094316.94, 2136.85);
insert into STATION values (936, '83', 99, 322870.29, 5094317.32, 2129.51);
insert into STATION values (937, '.', 99, 322870.28, 5094316.35, 2129.37);
insert into STATION values (938, '.', 99, 322869.31, 5094314.68, 2129.03);
insert into STATION values (939, '.', 99, 322867.90, 5094313.07, 2128.77);
insert into STATION values (940, '.', 99, 322866.60, 5094312.48, 2128.73);
insert into STATION values (941, '.', 99, 322867.60, 5094314.37, 2129.17);
insert into STATION values (942, '.', 99, 322868.04, 5094315.41, 2129.27);
insert into STATION values (943, '.', 99, 322868.04, 5094316.09, 2129.42);
insert into STATION values (944, '.', 99, 322867.99, 5094317.02, 2129.60);
insert into STATION values (945, '.', 99, 322869.00, 5094317.74, 2129.62);
insert into STATION values (946, '.', 99, 322869.72, 5094317.77, 2129.59);
insert into STATION values (947, '.', 99, 322870.26, 5094317.64, 2129.55);
insert into STATION values (948, '.', 99, 322870.62, 5094317.90, 2134.93);
insert into STATION values (949, '.', 99, 322870.04, 5094317.31, 2130.34);
insert into STATION values (950, '.', 99, 322870.41, 5094317.37, 2128.27);
insert into STATION values (951, '.', 99, 322869.06, 5094315.86, 2125.84);
insert into STATION values (952, '84', 99, 322865.03, 5094309.49, 2114.48);
insert into STATION values (953, '85', 99, 322866.34, 5094320.73, 2133.53);
insert into STATION values (954, '86', 99, 322871.97, 5094322.11, 2131.52);
insert into STATION values (955, '.', 99, 322871.42, 5094323.17, 2131.65);
insert into STATION values (956, '.', 99, 322871.43, 5094326.40, 2132.72);
insert into STATION values (957, '.', 99, 322872.29, 5094324.41, 2131.96);
insert into STATION values (958, '.', 99, 322872.67, 5094323.12, 2131.68);
insert into STATION values (959, '.', 99, 322872.78, 5094322.39, 2131.54);
insert into STATION values (960, '.', 99, 322872.90, 5094322.16, 2131.54);
insert into STATION values (961, '.', 99, 322873.19, 5094321.13, 2131.37);
insert into STATION values (962, '.', 99, 322873.26, 5094319.35, 2131.20);
insert into STATION values (963, '.', 99, 322873.26, 5094318.04, 2131.14);
insert into STATION values (964, '.', 99, 322872.23, 5094320.21, 2131.05);
insert into STATION values (965, '.', 99, 322872.77, 5094321.97, 2134.06);
insert into STATION values (966, '.', 99, 322872.07, 5094322.09, 2130.25);
insert into STATION values (967, '87', 99, 322869.93, 5094332.13, 2135.41);
insert into STATION values (968, '.', 99, 322869.12, 5094332.08, 2135.41);
insert into STATION values (969, '.', 99, 322868.90, 5094332.96, 2135.56);
insert into STATION values (970, '.', 99, 322868.57, 5094334.05, 2135.77);
insert into STATION values (971, '.', 99, 322867.26, 5094337.54, 2135.53);
insert into STATION values (972, '.', 99, 322868.81, 5094335.36, 2135.30);
insert into STATION values (973, '.', 99, 322870.23, 5094332.17, 2135.47);
insert into STATION values (974, '.', 99, 322870.57, 5094330.11, 2135.84);
insert into STATION values (975, '.', 99, 322869.85, 5094330.48, 2135.51);
insert into STATION values (976, '.', 99, 322869.39, 5094331.21, 2135.46);
insert into STATION values (977, '.', 99, 322869.29, 5094331.71, 2135.48);
insert into STATION values (978, '.', 99, 322869.87, 5094332.07, 2136.29);
insert into STATION values (979, '.', 99, 322869.56, 5094331.99, 2133.92);
insert into STATION values (980, '.', 99, 322865.38, 5094331.98, 2128.26);
insert into STATION values (981, '88', 99, 322866.06, 5094331.96, 2129.55);
insert into STATION values (982, '89', 99, 322867.18, 5094339.50, 2137.41);
insert into STATION values (983, '.', 99, 322866.43, 5094340.26, 2137.28);
insert into STATION values (984, '.', 99, 322865.49, 5094342.91, 2137.07);
insert into STATION values (985, '.', 99, 322867.07, 5094341.98, 2137.73);
insert into STATION values (986, '.', 99, 322867.50, 5094340.76, 2137.54);
insert into STATION values (987, '.', 99, 322867.77, 5094340.18, 2137.48);
insert into STATION values (988, '.', 99, 322866.86, 5094339.33, 2137.38);
insert into STATION values (989, '.', 99, 322868.34, 5094338.75, 2137.41);
insert into STATION values (990, '.', 99, 322868.51, 5094337.05, 2137.27);
insert into STATION values (991, '.', 99, 322868.30, 5094336.74, 2137.19);
insert into STATION values (992, '.', 99, 322867.87, 5094336.80, 2136.48);
insert into STATION values (993, '.', 99, 322867.83, 5094339.79, 2139.99);
insert into STATION values (994, '.', 99, 322866.47, 5094339.49, 2135.32);
insert into STATION values (995, '90', 99, 322865.56, 5094342.91, 2137.48);
insert into STATION values (996, '.', 99, 322865.26, 5094342.88, 2137.51);
insert into STATION values (997, '.', 99, 322864.51, 5094343.71, 2137.70);
insert into STATION values (998, '.', 99, 322864.22, 5094344.70, 2137.44);
insert into STATION values (999, '.', 99, 322865.19, 5094344.08, 2137.57);
insert into STATION values (1000, '.', 99, 322866.16, 5094344.13, 2137.86);
insert into STATION values (1001, '.', 99, 322866.36, 5094343.37, 2137.74);
insert into STATION values (1002, '.', 99, 322866.57, 5094342.82, 2137.76);
insert into STATION values (1003, '.', 99, 322867.21, 5094341.92, 2137.84);
insert into STATION values (1004, '.', 99, 322865.72, 5094342.05, 2137.42);
insert into STATION values (1005, '.', 99, 322867.33, 5094343.45, 2140.76);
insert into STATION values (1006, '.', 99, 322865.11, 5094342.62, 2136.29);
insert into STATION values (1007, '91', 99, 322866.24, 5094343.34, 2139.40);
insert into STATION values (1008, '.', 99, 322865.82, 5094343.99, 2139.49);
insert into STATION values (1009, '.', 99, 322866.07, 5094345.16, 2139.57);
insert into STATION values (1010, '.', 99, 322866.35, 5094344.18, 2139.48);
insert into STATION values (1011, '.', 99, 322866.71, 5094343.71, 2139.42);
insert into STATION values (1012, '.', 99, 322866.79, 5094343.26, 2139.44);
insert into STATION values (1013, '.', 99, 322866.93, 5094342.73, 2139.52);
insert into STATION values (1014, '.', 99, 322865.95, 5094343.23, 2139.46);
insert into STATION values (1015, '.', 99, 322865.78, 5094343.23, 2139.53);
insert into STATION values (1016, '.', 99, 322866.88, 5094343.89, 2140.32);
insert into STATION values (1017, '.', 99, 322865.84, 5094342.30, 2136.27);
insert into STATION values (1018, '92', 99, 322865.11, 5094346.92, 2139.60);
insert into STATION values (1019, '.', 99, 322863.78, 5094346.30, 2139.57);
insert into STATION values (1020, '.', 99, 322863.59, 5094347.12, 2139.70);
insert into STATION values (1021, '.', 99, 322863.33, 5094347.70, 2139.83);
insert into STATION values (1022, '.', 99, 322862.81, 5094349.28, 2140.26);
insert into STATION values (1023, '.', 99, 322864.51, 5094349.60, 2140.34);
insert into STATION values (1024, '.', 99, 322865.39, 5094347.12, 2139.73);
insert into STATION values (1025, '.', 99, 322864.92, 5094347.75, 2140.05);
insert into STATION values (1026, '.', 99, 322865.93, 5094345.66, 2139.94);
insert into STATION values (1027, '.', 99, 322865.44, 5094344.34, 2140.55);
insert into STATION values (1028, '.', 99, 322864.40, 5094344.37, 2140.00);
insert into STATION values (1029, '.', 99, 322864.13, 5094344.91, 2139.64);
insert into STATION values (1030, '.', 99, 322864.50, 5094345.42, 2140.02);
insert into STATION values (1031, '.', 99, 322864.82, 5094347.12, 2141.74);
insert into STATION values (1032, '.', 99, 322864.22, 5094346.79, 2137.54);
insert into STATION values (1033, '93', 99, 322863.08, 5094351.79, 2142.11);
insert into STATION values (1034, '.', 99, 322862.22, 5094351.16, 2142.18);
insert into STATION values (1035, '.', 99, 322861.13, 5094351.88, 2142.56);
insert into STATION values (1036, '.', 99, 322860.30, 5094352.73, 2142.69);
insert into STATION values (1037, '.', 99, 322861.12, 5094352.89, 2142.75);
insert into STATION values (1038, '.', 99, 322861.87, 5094353.52, 2142.80);
insert into STATION values (1039, '.', 99, 322862.52, 5094353.19, 2142.50);
insert into STATION values (1040, '.', 99, 322863.37, 5094352.11, 2142.13);
insert into STATION values (1041, '.', 99, 322863.70, 5094351.13, 2142.14);
insert into STATION values (1042, '.', 99, 322863.26, 5094350.98, 2142.17);
insert into STATION values (1043, '.', 99, 322863.11, 5094351.08, 2142.24);
insert into STATION values (1044, '.', 99, 322862.89, 5094351.73, 2143.59);
insert into STATION values (1045, '.', 99, 322863.38, 5094351.45, 2141.19);
insert into STATION values (1046, '94', 99, 322860.40, 5094351.82, 2143.96);
insert into STATION values (1047, '.', 99, 322859.45, 5094352.36, 2144.28);
insert into STATION values (1048, '.', 99, 322860.08, 5094352.44, 2144.10);
insert into STATION values (1049, '.', 99, 322860.39, 5094352.45, 2144.01);
insert into STATION values (1050, '.', 99, 322860.95, 5094352.53, 2144.00);
insert into STATION values (1051, '.', 99, 322861.24, 5094352.31, 2143.90);
insert into STATION values (1052, '.', 99, 322861.50, 5094351.95, 2143.96);
insert into STATION values (1053, '.', 99, 322861.12, 5094351.31, 2144.13);
insert into STATION values (1054, '.', 99, 322860.57, 5094351.54, 2144.03);
insert into STATION values (1055, '.', 99, 322860.51, 5094352.96, 2148.00);
insert into STATION values (1056, '.', 99, 322860.58, 5094352.79, 2147.94);
insert into STATION values (1057, '.', 99, 322860.72, 5094353.17, 2148.49);
insert into STATION values (1058, '.', 99, 322860.56, 5094351.99, 2142.11);
insert into STATION values (1059, '95', 99, 322858.70, 5094353.78, 2148.28);
insert into STATION values (1060, '.', 99, 322858.50, 5094352.77, 2148.33);
insert into STATION values (1061, '.', 99, 322858.01, 5094352.80, 2148.30);
insert into STATION values (1062, '.', 99, 322857.71, 5094352.86, 2148.23);
insert into STATION values (1063, '.', 99, 322856.75, 5094352.70, 2148.07);
insert into STATION values (1064, '.', 99, 322856.43, 5094353.50, 2148.19);
insert into STATION values (1065, '.', 99, 322856.24, 5094353.98, 2148.38);
insert into STATION values (1066, '.', 99, 322857.09, 5094354.73, 2148.50);
insert into STATION values (1067, '.', 99, 322857.48, 5094354.94, 2148.60);
insert into STATION values (1068, '.', 99, 322858.24, 5094354.56, 2148.63);
insert into STATION values (1069, '.', 99, 322858.79, 5094354.16, 2148.47);
insert into STATION values (1070, '.', 99, 322859.30, 5094353.19, 2148.37);
insert into STATION values (1071, '.', 99, 322858.75, 5094353.45, 2148.28);
insert into STATION values (1072, '.', 99, 322858.71, 5094353.47, 2148.30);
insert into STATION values (1073, '.', 99, 322858.51, 5094353.68, 2149.51);
insert into STATION values (1074, '.', 99, 322858.65, 5094353.57, 2149.26);
insert into STATION values (1075, '.', 99, 322857.62, 5094353.95, 2151.28);
insert into STATION values (1076, '.', 99, 322858.68, 5094353.36, 2147.38);
insert into STATION values (1077, '.', 99, 322858.05, 5094352.00, 2145.52);
insert into STATION values (1078, '96', 99, 322856.52, 5094353.45, 2147.87);
insert into STATION values (1079, '.', 99, 322856.59, 5094354.24, 2148.07);
insert into STATION values (1080, '.', 99, 322857.42, 5094354.62, 2148.20);
insert into STATION values (1081, '.', 99, 322858.38, 5094354.16, 2148.31);
insert into STATION values (1082, '.', 99, 322859.32, 5094353.10, 2148.30);
insert into STATION values (1083, '.', 99, 322858.51, 5094352.85, 2148.18);
insert into STATION values (1084, '.', 99, 322857.53, 5094352.87, 2147.99);
insert into STATION values (1085, '.', 99, 322856.66, 5094353.04, 2147.84);
insert into STATION values (1086, '.', 99, 322856.19, 5094353.54, 2147.93);
insert into STATION values (1087, '.', 99, 322860.69, 5094358.49, 2160.88);
insert into STATION values (1088, '.', 99, 322856.91, 5094354.49, 2151.51);
insert into STATION values (1089, '.', 99, 322857.25, 5094353.39, 2146.15);
insert into STATION values (1090, '97', 99, 322861.01, 5094357.53, 2161.25);
insert into STATION values (1091, '98', 99, 322877.42, 5094278.32, 2107.71);
insert into STATION values (1092, '.', 99, 322884.37, 5094262.72, 2116.41);
insert into STATION values (1093, '.', 99, 322879.32, 5094277.30, 2108.56);
insert into STATION values (1094, '.', 99, 322891.93, 5094272.01, 2123.16);
insert into STATION values (1095, '.', 99, 322890.26, 5094272.45, 2104.69);
insert into STATION values (1096, '.', 99, 322875.44, 5094275.72, 2108.55);
insert into STATION values (1097, '.', 99, 322877.78, 5094279.30, 2108.12);
insert into STATION values (1098, '.', 99, 322873.67, 5094281.54, 2109.91);
insert into STATION values (1099, '.', 99, 322871.24, 5094282.47, 2111.33);
insert into STATION values (1100, '.', 99, 322873.89, 5094279.13, 2110.43);
insert into STATION values (1101, '.', 99, 322875.15, 5094276.50, 2108.22);
insert into STATION values (1102, '99', 99, 322876.87, 5094279.50, 2093.69);
insert into STATION values (1103, '.', 99, 322876.62, 5094280.23, 2093.80);
insert into STATION values (1104, '.', 99, 322871.61, 5094278.78, 2093.90);
insert into STATION values (1105, '.', 99, 322870.39, 5094276.15, 2094.05);
insert into STATION values (1106, '.', 99, 322876.28, 5094278.39, 2093.75);
insert into STATION values (1107, '.', 99, 322889.57, 5094275.67, 2093.65);
insert into STATION values (1108, '.', 99, 322883.17, 5094277.41, 2093.77);
insert into STATION values (1109, '.', 99, 322880.03, 5094277.40, 2093.81);
insert into STATION values (1110, '.', 99, 322877.93, 5094277.98, 2093.77);
insert into STATION values (1111, '.', 99, 322876.43, 5094278.09, 2093.85);
insert into STATION values (1112, '100', 99, 322873.96, 5094277.92, 2082.64);
insert into STATION values (1113, '.', 99, 322869.98, 5094277.26, 2083.70);
insert into STATION values (1114, '.', 99, 322890.39, 5094275.61, 2084.38);
insert into STATION values (1115, '.', 99, 322875.41, 5094279.28, 2082.95);
insert into STATION values (1116, '.', 99, 322873.85, 5094279.05, 2082.96);
insert into STATION values (1117, '.', 99, 322869.70, 5094278.37, 2073.89);
insert into STATION values (1118, '101', 99, 322870.23, 5094277.84, 2067.90);
insert into STATION values (1119, '.', 99, 322878.47, 5094277.85, 2073.38);
insert into STATION values (1120, '.', 99, 322867.04, 5094269.39, 2067.11);
insert into STATION values (1121, '.', 99, 322871.23, 5094276.40, 2068.08);
insert into STATION values (1122, '.', 99, 322871.92, 5094277.48, 2068.88);
insert into STATION values (1123, '.', 99, 322870.09, 5094278.37, 2068.14);
insert into STATION values (1124, '102', 99, 322868.82, 5094270.20, 2063.49);
insert into STATION values (1125, '.', 99, 322868.41, 5094272.39, 2063.55);
insert into STATION values (1126, '.', 99, 322870.82, 5094274.02, 2063.84);
insert into STATION values (1127, '.', 99, 322870.82, 5094272.61, 2063.91);
insert into STATION values (1128, '.', 99, 322872.92, 5094277.54, 2068.27);
insert into STATION values (1129, '.', 99, 322864.14, 5094267.74, 2065.05);
insert into STATION values (1130, '.', 99, 322863.87, 5094271.70, 2064.20);
insert into STATION values (1131, '.', 99, 322867.27, 5094271.91, 2063.63);
insert into STATION values (1132, '.', 99, 322862.94, 5094270.96, 2072.07);
insert into STATION values (1133, '.', 99, 322868.73, 5094270.47, 2061.78);
insert into STATION values (1134, '.', 99, 322869.74, 5094271.79, 2055.71);
insert into STATION values (1135, '.', 99, 322863.52, 5094269.72, 2043.37);
insert into STATION values (1136, '103', 99, 322863.46, 5094269.28, 2064.71);
insert into STATION values (1137, '.', 99, 322863.63, 5094271.34, 2064.91);
insert into STATION values (1138, '.', 99, 322865.66, 5094271.67, 2064.72);
insert into STATION values (1139, '.', 99, 322870.80, 5094272.00, 2064.71);
insert into STATION values (1140, '.', 99, 322867.95, 5094270.29, 2065.01);
insert into STATION values (1141, '.', 99, 322870.09, 5094270.86, 2065.19);
insert into STATION values (1142, '.', 99, 322867.34, 5094269.35, 2064.86);
insert into STATION values (1143, '.', 99, 322866.41, 5094267.77, 2064.90);
insert into STATION values (1144, '.', 99, 322863.91, 5094268.03, 2064.96);
insert into STATION values (1145, '.', 99, 322864.11, 5094266.82, 2064.94);
insert into STATION values (1146, '.', 99, 322862.93, 5094268.37, 2064.76);
insert into STATION values (1147, '.', 99, 322860.24, 5094269.09, 2065.43);
insert into STATION values (1148, '.', 99, 322859.10, 5094273.58, 2068.14);
insert into STATION values (1149, '.', 99, 322865.87, 5094271.09, 2057.59);
insert into STATION values (1150, '.', 99, 322867.35, 5094266.48, 2044.44);
insert into STATION values (1151, '104', 99, 322863.01, 5094269.43, 2043.87);
insert into STATION values (1152, 'Grotte_des_3_gros', 602, 319999.29, 5096657.79, 1564.00);
insert into STATION_FLAG values(1152, 'ent');
insert into STATION_FLAG values(1152, 'fix');
insert into STATION values (1153, '.', 602, 319998.71, 5096660.35, 1564.36);
insert into STATION values (1154, '.', 602, 320000.06, 5096660.11, 1564.27);
insert into STATION values (1155, '.', 602, 319998.09, 5096661.60, 1564.27);
insert into STATION values (1156, '.', 602, 319994.34, 5096660.84, 1564.36);
insert into STATION values (1157, '.', 602, 319993.48, 5096656.97, 1564.57);
insert into STATION values (1158, '.', 602, 319993.30, 5096652.81, 1564.50);
insert into STATION values (1159, '.', 602, 319998.10, 5096657.50, 1568.08);
insert into STATION values (1160, '.', 602, 319998.36, 5096657.62, 1568.08);
insert into STATION values (1161, '.', 602, 319998.54, 5096658.80, 1567.06);
insert into STATION values (1162, '.', 602, 319998.45, 5096660.04, 1565.76);
insert into STATION values (1163, '.', 602, 319998.06, 5096661.60, 1564.15);
insert into STATION values (1164, '.', 602, 319999.16, 5096657.92, 1563.21);
insert into STATION values (1165, '.', 602, 320000.52, 5096658.46, 1563.96);
insert into STATION values (1166, '1', 602, 320006.83, 5096662.63, 1564.66);
insert into STATION values (1167, '.', 602, 320002.01, 5096664.81, 1564.75);
insert into STATION values (1168, '.', 602, 320000.74, 5096661.83, 1565.13);
insert into STATION values (1169, '.', 602, 320006.76, 5096662.76, 1563.21);
insert into STATION values (1170, '.', 602, 320007.08, 5096662.70, 1565.03);
insert into STATION values (1171, '.', 602, 320006.08, 5096662.72, 1565.80);
insert into STATION values (1172, '3', 602, 320004.26, 5096668.48, 1564.48);
insert into STATION values (1173, '.', 602, 320001.97, 5096671.32, 1565.23);
insert into STATION values (1174, '.', 602, 320000.76, 5096670.10, 1565.08);
insert into STATION values (1175, '.', 602, 319999.16, 5096668.48, 1564.99);
insert into STATION values (1176, '.', 602, 320000.11, 5096667.04, 1564.84);
insert into STATION values (1177, '.', 602, 320001.19, 5096665.66, 1564.60);
insert into STATION values (1178, '.', 602, 320001.68, 5096664.20, 1564.44);
insert into STATION values (1179, '.', 602, 320005.19, 5096667.99, 1564.46);
insert into STATION values (1180, '.', 602, 320004.91, 5096669.49, 1564.69);
insert into STATION values (1181, '.', 602, 320005.34, 5096668.40, 1566.86);
insert into STATION values (1182, '.', 602, 320001.90, 5096668.03, 1567.28);
insert into STATION values (1183, '.', 602, 320004.36, 5096668.15, 1563.89);
insert into STATION values (1184, '5', 602, 320003.58, 5096672.02, 1564.89);
insert into STATION values (1185, '.', 602, 320002.02, 5096671.76, 1565.00);
insert into STATION values (1186, '.', 602, 320002.39, 5096671.83, 1565.65);
insert into STATION values (1187, '.', 602, 320002.83, 5096672.03, 1565.87);
insert into STATION values (1188, '.', 602, 320003.32, 5096672.26, 1566.32);
insert into STATION values (1189, '.', 602, 320003.61, 5096672.43, 1566.23);
insert into STATION values (1190, '.', 602, 320003.80, 5096672.51, 1566.19);
insert into STATION values (1191, '.', 602, 320003.51, 5096672.03, 1564.65);
insert into STATION values (1192, '7', 602, 320001.74, 5096678.42, 1565.53);
insert into STATION values (1193, '.', 602, 320000.87, 5096678.05, 1565.68);
insert into STATION values (1194, '.', 602, 320001.17, 5096678.16, 1566.07);
insert into STATION values (1195, '.', 602, 320001.59, 5096678.38, 1566.29);
insert into STATION values (1196, '.', 602, 320001.78, 5096678.41, 1565.15);
insert into STATION values (1197, '8', 602, 320001.68, 5096678.52, 1566.22);
insert into STATION values (1198, '.', 602, 320001.34, 5096678.52, 1566.27);
insert into STATION values (1199, '.', 602, 320001.53, 5096678.57, 1566.51);
insert into STATION values (1200, '.', 602, 320001.69, 5096678.52, 1566.54);
insert into STATION values (1201, '.', 602, 320001.67, 5096678.60, 1565.42);
insert into STATION values (1202, '10', 602, 320000.89, 5096680.40, 1566.69);
insert into STATION values (1203, '11', 602, 320001.58, 5096674.45, 1565.21);
insert into STATION values (1204, '.', 602, 320001.39, 5096674.85, 1565.31);
insert into STATION values (1205, '.', 602, 320002.39, 5096676.38, 1565.41);
insert into STATION values (1206, '.', 602, 320002.70, 5096675.49, 1565.25);
insert into STATION values (1207, '.', 602, 320003.03, 5096674.64, 1565.09);
insert into STATION values (1208, '.', 602, 320003.39, 5096673.47, 1565.27);
insert into STATION values (1209, '.', 602, 320001.50, 5096672.67, 1565.29);
insert into STATION values (1210, '.', 602, 320001.59, 5096674.19, 1565.94);
insert into STATION values (1211, '.', 602, 320003.16, 5096674.36, 1566.09);
insert into STATION values (1212, '.', 602, 320003.03, 5096674.58, 1565.31);
insert into STATION values (1213, '.', 602, 320001.59, 5096674.46, 1565.01);
insert into STATION values (1214, '13', 602, 320002.53, 5096671.22, 1564.83);
insert into STATION values (1215, '.', 602, 320001.00, 5096670.62, 1564.85);
insert into STATION values (1216, '.', 602, 320001.96, 5096664.60, 1564.86);
insert into STATION values (1217, '.', 602, 320004.53, 5096670.55, 1564.92);
insert into STATION values (1218, '.', 602, 320002.28, 5096671.38, 1565.28);
insert into STATION values (1219, '.', 602, 320002.68, 5096671.77, 1565.97);
insert into STATION values (1220, '.', 602, 320003.97, 5096672.27, 1566.10);
insert into STATION values (1221, '.', 602, 320003.95, 5096671.95, 1564.90);
insert into STATION values (1222, '16', 602, 320000.96, 5096670.14, 1565.83);
insert into STATION values (1223, '.', 602, 319999.36, 5096668.30, 1565.53);
insert into STATION values (1224, '.', 602, 320000.13, 5096666.93, 1565.41);
insert into STATION values (1225, '.', 602, 320001.82, 5096665.29, 1564.99);
insert into STATION values (1226, '.', 602, 320006.45, 5096664.68, 1564.70);
insert into STATION values (1227, '.', 602, 320004.93, 5096669.78, 1565.64);
insert into STATION values (1228, '.', 602, 320004.29, 5096671.46, 1565.60);
insert into STATION values (1229, '.', 602, 320002.37, 5096671.48, 1565.62);
insert into STATION values (1230, '.', 602, 320001.89, 5096670.15, 1567.04);
insert into STATION values (1231, '.', 602, 320003.29, 5096668.91, 1567.85);
insert into STATION values (1232, '.', 602, 320003.31, 5096667.12, 1567.20);
insert into STATION values (1233, '.', 602, 320004.17, 5096664.93, 1565.87);
insert into STATION values (1234, '.', 602, 320001.57, 5096669.78, 1564.28);
insert into STATION values (1235, '.', 602, 320000.94, 5096670.22, 1564.32);
insert into STATION values (1236, '17', 602, 320000.65, 5096666.72, 1565.45);
insert into STATION values (1237, '.', 602, 320005.58, 5096666.97, 1564.83);
insert into STATION values (1238, '.', 602, 320004.84, 5096669.43, 1565.41);
insert into STATION values (1239, '.', 602, 320001.58, 5096671.49, 1565.48);
insert into STATION values (1240, '.', 602, 320000.77, 5096670.15, 1565.54);
insert into STATION values (1241, '.', 602, 319999.27, 5096668.49, 1565.37);
insert into STATION values (1242, '.', 602, 320001.19, 5096666.91, 1566.18);
insert into STATION values (1243, '.', 602, 320004.23, 5096668.11, 1567.59);
insert into STATION values (1244, '.', 602, 320004.61, 5096667.90, 1564.02);
insert into STATION values (1245, '.', 602, 320002.72, 5096667.13, 1563.77);
insert into STATION values (1246, '.', 602, 320000.69, 5096666.49, 1563.94);
insert into STATION values (1247, '18', 602, 320002.29, 5096665.17, 1563.63);
insert into STATION values (1248, '.', 602, 320000.25, 5096666.67, 1564.04);
insert into STATION values (1249, '.', 602, 320001.17, 5096664.90, 1563.88);
insert into STATION values (1250, '.', 602, 320001.44, 5096664.22, 1563.95);
insert into STATION values (1251, '.', 602, 320004.90, 5096668.54, 1564.55);
insert into STATION values (1252, '.', 602, 320005.56, 5096666.16, 1563.75);
insert into STATION values (1253, '.', 602, 320006.42, 5096663.93, 1563.57);
insert into STATION values (1254, '.', 602, 320006.44, 5096663.89, 1565.43);
insert into STATION values (1255, '.', 602, 320006.10, 5096665.75, 1566.20);
insert into STATION values (1256, '.', 602, 320005.22, 5096668.57, 1567.06);
insert into STATION values (1257, '.', 602, 320004.37, 5096671.05, 1566.49);
insert into STATION values (1258, '.', 602, 320003.76, 5096666.03, 1566.42);
insert into STATION values (1259, '.', 602, 320002.28, 5096665.72, 1565.64);
insert into STATION values (1260, '.', 602, 320001.18, 5096665.50, 1564.28);
