create table SURVEY (ID integer, PARENT_ID integer, NAME varchar(33), FULL_NAME varchar(72), TITLE varchar(52));
create table CENTRELINE (ID integer, SURVEY_ID integer, TITLE varchar(4), TOPO_DATE date, EXPLO_DATE date, LENGTH real, SURFACE_LENGTH real, DUPLICATE_LENGTH real);
create table PERSON (ID integer, NAME varchar(11), SURNAME varchar(11));
create table EXPLO (PERSON_ID integer, CENTRELINE_ID integer);
create table TOPO (PERSON_ID integer, CENTRELINE_ID integer);
create table STATION (ID integer, NAME varchar(31), SURVEY_ID integer, X real, Y real, Z real);
create table STATION_FLAG (STATION_ID integer, FLAG char(3));
create table SHOT (ID integer, FROM_ID integer, TO_ID integer, CENTRELINE_ID integer, LENGTH real, BEARING real, GRADIENT real, ADJ_LENGTH real, ADJ_BEARING real, ADJ_GRADIENT real, ERR_LENGTH real, ERR_BEARING real, ERR_GRADIENT real);
create table SHOT_FLAG (SHOT_ID integer, FLAG char(3));
create table MAPS (ID integer, SURVEY_ID integer, NAME varchar(33), TITLE varchar(52), PROJID integer, LENGTH real, DEPTH real);
create table SCRAPS (ID integer, SURVEY_ID integer, NAME varchar(33), PROJID integer, MAX_DISTORTION real, AVG_DISTORTION real);
create table MAPITEMS (ID integer, TYPE integer, ITEMID integer);
insert into SURVEY values (1, 0, '', '', NULL);
 insert into CENTRELINE values (2, 1, NULL, NULL, NULL, 0.00, 0.00, 0.00);
 insert into SURVEY values (58, 1, 'Flaine_Plate', 'Flaine_Plate', 'Karst de Faine / Plate');
 insert into CENTRELINE values (59, 58, NULL, NULL, NULL, 0.00, 0.00, 0.00);
 insert into SURVEY values (60, 58, 'Gouffre_de_la_petite_Marielle', 'Gouffre_de_la_petite_Marielle.Flaine_Plate', 'Gouffre de la petite Marielle');
 insert into CENTRELINE values (61, 60, NULL, NULL, NULL, 0.00, 0.00, 0.00);
 insert into SURVEY values (62, 60, 'Gouffre_de_la_petite_Marielle', 'Gouffre_de_la_petite_Marielle.Gouffre_de_la_petite_Marielle.Flaine_Plate', 'Gouffre de la petite Marielle');
 insert into CENTRELINE values (63, 62, NULL, NULL, NULL, 0.00, 0.00, 0.00);
 insert into CENTRELINE values (64, 62, NULL, '2018-07-24', '2018-01-01', 107.38, 0.00, 0.00);
 insert into PERSON values (1, 'Bertrand', 'Hamm');
insert into TOPO values (1, 64);
 insert into PERSON values (2, 'Philippe', 'Monteil');
insert into TOPO values (2, 64);
 insert into PERSON values (3, NULL, 'CESAME');
insert into EXPLO values (3, 64);
 insert into SHOT values (1, 1, 2, 64, 0.000, 3.72, 0.00, 0.000, 90.00, 0.00, 0.000, 90.00, 0.00);
insert into SHOT values (2, 1, 3, 64, 0.000, 3.72, 0.00, 0.000, 90.00, 0.00, 0.000, 90.00, 0.00);
insert into SHOT values (3, 4, 5, 64, 0.000, 3.72, 0.00, 0.000, 90.00, 0.00, 0.000, 90.00, 0.00);
insert into SHOT values (4, 4, 6, 64, 0.000, 3.72, 0.00, 0.000, 90.00, 0.00, 0.000, 90.00, 0.00);
insert into SHOT values (5, 4, 7, 64, 4.400, 109.72, 65.00, 4.402, 109.80, 65.01, 0.003, 190.39, 40.64);
insert into SHOT values (6, 7, 3, 64, 6.300, 99.52, 86.00, 6.295, 99.25, 86.03, 0.006, 308.12, -47.00);
insert into SHOT values (7, 3, 8, 64, 0.000, 3.72, 0.00, 0.000, 90.00, 0.00, 0.000, 90.00, 0.00);
insert into SHOT values (8, 5, 9, 64, 0.000, 3.72, 0.00, 0.000, 90.00, 0.00, 0.000, 90.00, 0.00);
insert into SHOT values (9, 9, 10, 64, 4.500, 273.42, -8.70, 4.500, 273.48, -8.69, 0.005, 3.70, 8.15);
insert into SHOT values (10, 5, 11, 64, 9.650, 68.72, -3.70, 9.649, 68.68, -3.74, 0.009, 326.69, -50.73);
insert into SHOT values (11, 11, 12, 64, 4.800, 83.72, 16.00, 4.805, 83.78, 16.07, 0.009, 142.68, 49.16);
insert into SHOT values (12, 12, 13, 64, 9.250, 74.72, -6.20, 9.248, 74.74, -6.21, 0.004, 192.52, -15.45);
insert into SHOT values (13, 13, 14, 64, 13.850, 84.72, -7.80, 13.847, 84.69, -7.80, 0.008, 333.05, -2.43);
insert into SHOT values (14, 14, 15, 64, 2.340, 70.12, -1.10, 2.338, 70.25, -1.23, 0.008, 181.41, -42.20);
insert into SHOT values (15, 15, 16, 64, 6.230, 62.12, -25.70, 6.230, 62.07, -25.68, 0.006, 336.70, 17.79);
insert into SHOT values (16, 16, 17, 64, 6.650, 70.92, 4.10, 6.652, 70.91, 4.14, 0.005, 40.47, 63.98);
insert into SHOT values (17, 17, 18, 64, 3.550, 71.32, -17.00, 3.552, 71.46, -17.03, 0.009, 151.67, -13.98);
insert into SHOT values (18, 18, 19, 64, 5.000, 75.72, 7.00, 5.002, 75.66, 7.00, 0.006, 6.09, 6.35);
insert into SHOT values (19, 19, 20, 64, 8.000, 65.62, -11.90, 8.000, 65.63, -11.90, 0.001, 179.55, -14.64);
insert into SHOT values (20, 20, 21, 64, 5.080, 77.72, 33.00, 5.078, 77.79, 33.06, 0.008, 205.50, 25.21);
insert into SHOT values (21, 21, 22, 64, 5.070, 65.02, -20.20, 5.067, 65.00, -20.20, 0.003, 280.66, 12.09);
insert into SHOT values (22, 22, 23, 64, 1.210, 25.02, 19.00, 1.214, 25.23, 18.74, 0.008, 61.92, -29.49);
insert into SHOT values (23, 13, 24, 64, 0.000, 3.72, 0.00, 0.000, 90.00, 0.00, 0.000, 90.00, 0.00);
insert into SHOT values (24, 24, 25, 64, 6.880, 148.72, 44.00, 6.881, 148.72, 44.00, 0.001, 140.81, 57.84);
insert into SHOT values (25, 26, 27, 64, 0.000, 3.72, 0.00, 0.000, 90.00, 0.00, 0.000, 90.00, 0.00);
insert into SHOT values (26, 26, 28, 64, 4.620, 6.52, 8.50, 4.620, 6.53, 8.46, 0.003, 76.40, -66.57);
insert into SHOT values (27, 28, 15, 64, 0.000, 3.72, 0.00, 0.000, 90.00, 0.00, 0.000, 90.00, 0.00);
insert into CENTRELINE values (65, 62, NULL, '2018-07-25', '2018-01-01', 192.24, 0.00, 0.00);
 insert into PERSON values (4, 'Malo', 'Courtier');
insert into TOPO values (4, 65);
 insert into TOPO values (2, 65);
 insert into EXPLO values (3, 65);
 insert into SHOT values (28, 29, 30, 65, 0.000, 3.72, 0.00, 0.000, 90.00, 0.00, 0.000, 90.00, 0.00);
insert into SHOT values (29, 29, 31, 65, 12.130, 279.62, 69.00, 12.137, 279.66, 68.99, 0.008, 310.95, 46.09);
insert into SHOT values (30, 31, 32, 65, 7.700, 345.92, 82.50, 7.638, 346.37, 82.34, 0.066, 16.58, -76.16);
insert into SHOT values (31, 32, 33, 65, 1.500, 114.92, 45.90, 1.467, 114.81, 45.70, 0.033, 300.51, -54.54);
insert into SHOT values (32, 33, 34, 65, 14.800, 67.42, 84.80, 14.741, 67.17, 84.38, 0.123, 63.83, -34.13);
insert into SHOT values (33, 34, 35, 65, 13.900, 180.72, 82.80, 13.911, 180.65, 82.77, 0.013, 166.75, 49.43);
insert into SHOT values (34, 35, 36, 65, 2.560, 168.72, 58.30, 2.548, 168.77, 58.39, 0.013, 341.23, -39.67);
insert into SHOT values (35, 36, 37, 65, 10.300, 244.12, 55.90, 10.300, 244.01, 55.91, 0.011, 150.06, 5.13);
insert into SHOT values (36, 37, 38, 65, 1.750, 225.62, 8.50, 1.752, 225.70, 8.53, 0.003, 280.15, 23.71);
insert into SHOT values (37, 38, 39, 65, 1.210, 303.52, 40.70, 1.209, 303.86, 40.80, 0.006, 54.43, 9.28);
insert into SHOT values (38, 39, 23, 65, 0.000, 3.72, 0.00, 0.000, 90.00, 0.00, 0.000, 90.00, 0.00);
insert into SHOT values (39, 31, 40, 65, 0.000, 3.72, 0.00, 0.014, 180.00, 45.00, 0.014, 180.00, 45.00);
insert into SHOT values (40, 40, 41, 65, 9.250, 13.02, -35.60, 9.212, 12.95, -35.05, 0.097, 348.71, 76.57);
insert into SHOT values (41, 41, 42, 65, 6.270, 191.42, -73.10, 6.230, 191.55, -72.75, 0.055, 201.29, 62.99);
insert into SHOT values (42, 42, 43, 65, 8.630, 303.52, -80.00, 8.575, 303.17, -79.81, 0.062, 276.76, 70.56);
insert into SHOT values (43, 43, 44, 65, 5.960, 83.12, -51.10, 5.964, 83.10, -51.08, 0.005, 68.97, -19.97);
insert into SHOT values (44, 43, 45, 65, 0.000, 3.72, 0.00, 0.010, 90.00, 90.00, 0.010, 90.00, 90.00);
insert into SHOT values (45, 45, 46, 65, 1.980, 174.72, 2.00, 1.990, 174.81, 2.59, 0.023, 192.35, 64.81);
insert into SHOT values (46, 46, 47, 65, 5.010, 303.82, -29.40, 4.984, 303.69, -28.92, 0.050, 201.95, 78.46);
insert into SHOT values (47, 47, 48, 65, 1.630, 335.32, -44.90, 1.582, 334.80, -44.56, 0.050, 175.87, 54.26);
insert into SHOT values (48, 48, 49, 65, 2.550, 79.72, 7.70, 2.546, 79.72, 8.13, 0.019, 261.38, 70.44);
insert into SHOT values (49, 49, 50, 65, 2.600, 80.52, 10.20, 2.598, 80.76, 10.65, 0.023, 199.05, 58.21);
insert into SHOT values (50, 50, 51, 65, 6.210, 71.62, 39.90, 6.228, 71.68, 40.44, 0.062, 239.86, 66.73);
insert into SHOT values (51, 51, 52, 65, 4.600, 65.32, -33.70, 4.555, 65.32, -33.29, 0.056, 245.38, 69.89);
insert into SHOT values (52, 52, 53, 65, 19.500, 109.92, 76.50, 19.499, 109.91, 76.50, 0.002, 10.16, -51.59);
insert into SHOT values (53, 48, 54, 65, 0.000, 3.72, 0.00, 0.000, 90.00, 0.00, 0.000, 90.00, 0.00);
insert into SHOT values (54, 54, 55, 65, 4.760, 249.62, 50.00, 4.755, 249.73, 49.95, 0.009, 341.40, -47.54);
insert into SHOT values (55, 55, 56, 65, 2.300, 257.12, 11.90, 2.297, 257.14, 12.06, 0.007, 66.88, 53.20);
insert into SHOT values (56, 56, 57, 65, 3.500, 248.62, 18.00, 3.502, 248.52, 17.96, 0.007, 183.32, -13.46);
insert into SHOT values (57, 57, 58, 65, 10.720, 257.82, 1.60, 10.715, 257.82, 1.60, 0.005, 78.85, 8.26);
insert into SHOT values (58, 58, 59, 65, 5.100, 255.72, 5.20, 5.107, 255.77, 5.17, 0.009, 289.54, -14.83);
insert into SHOT values (59, 59, 60, 65, 3.210, 263.72, -33.70, 3.205, 263.75, -33.73, 0.005, 64.81, 11.81);
insert into SHOT values (60, 60, 61, 65, 5.760, 257.92, -1.40, 5.760, 257.87, -1.39, 0.005, 171.11, 8.37);
insert into SHOT values (61, 61, 62, 65, 5.550, 267.02, -34.40, 5.550, 266.99, -34.46, 0.006, 120.96, -50.03);
insert into SHOT values (62, 62, 63, 65, 11.300, 351.72, -61.60, 11.301, 351.66, -61.59, 0.006, 283.83, 0.27);
insert into CENTRELINE values (66, 62, NULL, '2019-07-18', '2019-01-01', 86.94, 0.00, 0.00);
 insert into TOPO values (2, 66);
 insert into PERSON values (5, 'Bruno', 'Sourzac');
insert into TOPO values (5, 66);
 insert into EXPLO values (3, 66);
 insert into SHOT values (63, 64, 52, 66, 0.000, 3.87, 0.00, 0.010, 90.00, -90.00, 0.010, 90.00, -90.00);
insert into SHOT values (64, 64, 65, 66, 3.810, 114.47, 61.10, 3.852, 114.62, 61.33, 0.045, 151.09, 79.31);
insert into SHOT values (65, 65, 66, 66, 2.420, 79.57, 9.50, 2.414, 79.82, 10.02, 0.025, 211.17, 55.36);
insert into SHOT values (66, 66, 67, 66, 7.400, 129.27, 57.80, 7.451, 129.32, 58.17, 0.070, 294.69, 78.27);
insert into SHOT values (67, 67, 68, 66, 3.140, 123.17, 15.80, 3.151, 123.27, 16.22, 0.026, 172.58, 74.23);
insert into SHOT values (68, 68, 69, 66, 14.940, 269.37, 78.70, 15.001, 269.22, 78.70, 0.061, 238.78, 75.97);
insert into SHOT values (69, 69, 70, 66, 14.100, 77.67, 84.80, 14.150, 77.84, 85.19, 0.108, 255.47, 32.42);
insert into SHOT values (70, 70, 71, 66, 4.360, 253.17, -10.60, 4.364, 253.08, -10.16, 0.034, 221.47, 69.33);
insert into SHOT values (71, 71, 72, 66, 5.860, 249.47, -5.90, 5.866, 249.46, -5.28, 0.064, 243.53, 78.55);
insert into SHOT values (72, 72, 73, 66, 5.480, 222.27, 76.40, 5.537, 222.21, 76.32, 0.058, 218.96, 68.49);
insert into SHOT values (73, 73, 74, 66, 0.830, 201.87, 6.40, 0.847, 201.67, 7.47, 0.023, 190.81, 49.77);
insert into SHOT values (74, 74, 75, 66, 4.280, 252.47, -0.70, 4.301, 252.41, -0.27, 0.039, 240.50, 55.78);
insert into SHOT values (75, 75, 34, 66, 0.000, 3.87, 0.00, 0.010, 90.00, 90.00, 0.010, 90.00, 90.00);
insert into SHOT values (76, 68, 76, 66, 0.000, 3.87, 0.00, 0.000, 90.00, 0.00, 0.000, 90.00, 0.00);
insert into SHOT values (77, 76, 77, 66, 5.280, 251.77, -18.50, 5.283, 251.75, -18.43, 0.008, 230.65, 44.56);
insert into SHOT values (78, 77, 78, 66, 15.040, 286.37, -79.30, 15.042, 286.42, -79.30, 0.003, 346.25, -25.46);
insert into CENTRELINE values (67, 62, NULL, '2019-07-16', '2019-01-01', 18.57, 0.00, 0.00);
 insert into PERSON values (6, 'Mathilde', 'Hamm');
insert into TOPO values (6, 67);
 insert into TOPO values (2, 67);
 insert into EXPLO values (3, 67);
 insert into SHOT values (79, 79, 36, 67, 0.000, 3.87, 0.00, 0.000, 90.00, 0.00, 0.000, 90.00, 0.00);
insert into SHOT values (80, 79, 80, 67, 11.540, 37.97, -72.00, 11.536, 38.06, -71.98, 0.008, 102.35, 39.67);
insert into SHOT values (81, 80, 81, 67, 2.290, 66.47, 3.80, 2.284, 66.47, 3.76, 0.006, 244.81, -17.97);
insert into SHOT values (82, 81, 82, 67, 4.740, 78.67, -4.70, 4.739, 78.64, -4.72, 0.003, 311.06, -31.84);
insert into CENTRELINE values (68, 62, NULL, '2019-07-19', '2019-01-01', 140.70, 0.00, 0.00);
 insert into PERSON values (7, 'Fabien', 'Darne');
insert into TOPO values (7, 68);
 insert into TOPO values (2, 68);
 insert into EXPLO values (3, 68);
 insert into SHOT values (83, 83, 84, 68, 0.000, 3.87, 0.00, 0.000, 90.00, 0.00, 0.000, 90.00, 0.00);
insert into SHOT values (84, 83, 85, 68, 3.220, 73.37, 37.20, 3.223, 73.47, 37.23, 0.006, 148.84, 33.76);
insert into SHOT values (85, 85, 86, 68, 2.580, 111.77, 16.60, 2.585, 111.80, 16.63, 0.006, 128.52, 30.77);
insert into SHOT values (86, 86, 87, 68, 2.110, 69.57, 9.30, 2.110, 69.48, 9.27, 0.004, 337.76, -16.31);
insert into SHOT values (87, 87, 88, 68, 2.520, 91.87, -5.00, 2.521, 91.83, -5.01, 0.002, 26.42, -10.03);
insert into SHOT values (88, 88, 89, 68, 5.090, 73.57, -6.40, 5.088, 73.57, -6.43, 0.003, 244.31, -54.35);
insert into SHOT values (89, 89, 90, 68, 2.540, 251.27, -6.20, 2.538, 251.28, -6.11, 0.005, 57.18, 68.92);
insert into SHOT values (90, 90, 91, 68, 1.790, 272.07, -28.20, 1.795, 272.17, -28.26, 0.006, 311.16, -41.69);
insert into SHOT values (91, 91, 92, 68, 2.500, 286.17, -16.90, 2.499, 286.01, -16.75, 0.009, 202.93, 45.57);
insert into SHOT values (92, 92, 93, 68, 11.660, 30.47, -72.40, 11.666, 30.49, -72.40, 0.006, 61.46, -65.99);
insert into SHOT values (93, 93, 63, 68, 0.000, 3.87, 0.00, 0.000, 90.00, 0.00, 0.000, 90.00, 0.00);
insert into SHOT values (94, 93, 94, 68, 2.800, 296.47, 13.00, 2.800, 296.57, 13.00, 0.005, 29.43, 1.71);
insert into SHOT values (95, 94, 95, 68, 4.710, 23.07, -20.20, 4.701, 23.08, -20.16, 0.010, 196.49, 41.71);
insert into SHOT values (96, 95, 96, 68, 6.080, 13.67, -0.70, 6.083, 13.69, -0.75, 0.007, 51.91, -53.25);
insert into SHOT values (97, 96, 97, 68, 2.770, 40.27, 6.00, 2.768, 40.29, 6.01, 0.002, 197.90, 12.29);
insert into SHOT values (98, 97, 98, 68, 3.810, 348.07, -0.60, 3.813, 348.04, -0.60, 0.003, 316.75, -1.70);
insert into SHOT values (99, 98, 99, 68, 6.010, 19.97, -13.00, 6.006, 19.98, -12.99, 0.004, 177.76, 26.61);
insert into SHOT values (100, 99, 100, 68, 2.880, 28.97, -21.10, 2.888, 28.85, -21.11, 0.010, 351.70, -18.92);
insert into SHOT values (101, 100, 101, 68, 14.170, 28.97, -84.20, 14.173, 29.25, -84.20, 0.007, 113.51, -19.85);
insert into SHOT values (102, 101, 102, 68, 9.740, 102.37, -65.50, 9.736, 102.45, -65.52, 0.008, 228.06, 22.75);
insert into SHOT values (103, 102, 103, 68, 5.680, 253.17, -18.80, 5.681, 253.25, -18.79, 0.008, 334.04, 3.48);
insert into SHOT values (104, 103, 104, 68, 9.330, 224.17, -83.30, 9.333, 223.88, -83.34, 0.009, 84.60, -23.62);
insert into SHOT values (105, 104, 105, 68, 4.620, 81.77, -4.20, 4.618, 81.89, -4.10, 0.013, 180.75, 40.84);
insert into SHOT values (106, 105, 106, 68, 5.280, 77.67, -5.60, 5.279, 77.58, -5.65, 0.010, 335.31, -29.15);
insert into SHOT values (107, 106, 107, 68, 2.280, 112.77, -7.50, 2.278, 112.93, -7.57, 0.007, 220.08, -19.58);
insert into SHOT values (108, 107, 108, 68, 4.390, 81.77, -7.90, 4.396, 81.81, -7.85, 0.008, 111.56, 25.96);
insert into SHOT values (109, 108, 109, 68, 6.130, 78.97, 4.10, 6.129, 78.97, 4.12, 0.002, 272.21, 52.16);
insert into SHOT values (110, 109, 110, 68, 2.090, 110.77, -9.40, 2.091, 110.72, -9.36, 0.003, 60.63, 29.88);
insert into SHOT values (111, 110, 111, 68, 2.600, 159.77, -3.80, 2.594, 159.88, -3.98, 0.011, 300.65, -42.84);
insert into SHOT values (112, 111, 112, 68, 2.220, 173.67, 12.90, 2.220, 173.63, 13.01, 0.005, 60.47, 70.36);
insert into SHOT values (113, 112, 113, 68, 1.100, 115.77, 18.10, 1.100, 116.08, 18.00, 0.006, 196.29, -17.07);
insert into SHOT values (114, 104, 114, 68, 0.000, 3.87, 0.00, 0.000, 90.00, 0.00, 0.000, 90.00, 0.00);
insert into SHOT values (115, 114, 115, 68, 8.000, 168.87, -7.50, 8.007, 168.89, -7.46, 0.009, 189.32, 28.48);
insert into CENTRELINE values (69, 62, NULL, '2020-07-01', '2020-01-01', 202.30, 0.00, 0.00);
 insert into PERSON values (8, 'Vincent', 'Lacombe');
insert into TOPO values (8, 69);
 insert into TOPO values (2, 69);
 insert into EXPLO values (3, 69);
 insert into SHOT values (116, 113, 116, 69, 0.000, 4.01, 0.00, 0.000, 90.00, 0.00, 0.000, 90.00, 0.00);
insert into SHOT values (117, 116, 117, 69, 1.780, 182.51, -21.00, 1.780, 182.41, -21.07, 0.003, 86.23, -37.48);
insert into SHOT values (118, 117, 118, 69, 0.930, 93.01, -23.00, 0.933, 92.66, -22.69, 0.008, 46.01, 25.45);
insert into SHOT values (119, 118, 119, 69, 2.890, 142.41, -83.00, 2.891, 143.13, -83.05, 0.005, 259.25, -17.34);
insert into SHOT values (120, 119, 120, 69, 0.000, 4.01, 0.00, 0.000, 90.00, 0.00, 0.000, 90.00, 0.00);
insert into SHOT values (121, 120, 121, 69, 3.400, 110.61, 14.00, 3.401, 110.58, 13.95, 0.004, 60.40, -46.21);
insert into SHOT values (122, 121, 122, 69, 9.000, 114.01, 10.00, 9.006, 114.02, 10.04, 0.009, 136.51, 54.24);
insert into SHOT values (123, 119, 123, 69, 5.240, 37.71, -74.40, 5.232, 37.77, -74.43, 0.009, 201.52, 53.42);
insert into SHOT values (124, 123, 124, 69, 19.380, 130.01, -72.10, 19.388, 129.89, -72.11, 0.015, 38.59, -33.66);
insert into SHOT values (125, 124, 125, 69, 5.000, 116.21, 25.40, 5.002, 116.28, 25.45, 0.008, 203.88, 42.89);
insert into SHOT values (126, 125, 126, 69, 18.000, 69.51, -80.10, 17.998, 69.57, -80.10, 0.004, 161.95, 29.17);
insert into SHOT values (127, 126, 127, 69, 9.200, 101.91, -85.80, 9.205, 101.98, -85.80, 0.005, 143.52, -75.76);
insert into SHOT values (128, 127, 128, 69, 21.500, 27.11, -75.60, 21.495, 27.04, -75.60, 0.008, 274.91, 35.03);
insert into SHOT values (129, 128, 129, 69, 8.150, 60.11, -54.60, 8.161, 60.07, -54.57, 0.012, 43.79, -33.94);
insert into SHOT values (130, 129, 130, 69, 3.940, 78.41, -24.50, 3.936, 78.41, -24.46, 0.004, 259.97, 60.93);
insert into SHOT values (131, 130, 131, 69, 10.000, 230.41, -87.20, 10.002, 230.79, -87.19, 0.004, 290.39, -27.05);
insert into SHOT values (132, 131, 132, 69, 1.770, 290.01, -10.70, 1.765, 289.90, -10.78, 0.007, 140.22, -11.67);
insert into SHOT values (133, 132, 133, 69, 21.800, 301.31, -71.80, 21.802, 301.31, -71.79, 0.003, 303.87, -10.95);
insert into SHOT values (134, 133, 134, 69, 5.500, 312.01, -58.30, 5.500, 311.91, -58.31, 0.005, 211.27, -6.29);
insert into SHOT values (135, 134, 135, 69, 3.920, 7.41, 12.10, 3.922, 7.50, 12.22, 0.010, 98.99, 54.91);
insert into SHOT values (136, 135, 136, 69, 35.900, 308.81, -60.70, 35.905, 308.83, -60.69, 0.010, 2.31, -16.40);
insert into SHOT values (137, 136, 137, 69, 15.000, 308.81, -70.70, 15.003, 308.70, -70.70, 0.010, 223.45, -16.94);
insert into SCRAPS values (71, 60, 'SP-Gouffre_Petite_Marielle_00', 1, 0.31540, 0.01924);
 insert into SCRAPS values (118, 60, 'SP-Gouffre_Petite_Marielle_01', 1, 1.89489, 0.04590);
 insert into SCRAPS values (220, 60, 'SP-Gouffre_Petite_Marielle_02', 1, 5.36932, 0.19175);
 insert into SCRAPS values (273, 60, 'SP-Gouffre_Petite_Marielle_03', 1, 0.65317, 0.03832);
 insert into SCRAPS values (309, 60, 'SC-Gouffre_Petite_Marielle_00', 2, 8.33794, 0.03139);
 insert into SCRAPS values (344, 60, 'SC-Gouffre_Petite_Marielle_01', 2, 2.94056, 0.00621);
 insert into SCRAPS values (420, 60, 'SC-Gouffre_Petite_Marielle_02', 2, 0.01459, 0.00046);
 insert into SCRAPS values (467, 60, 'SC-Gouffre_Petite_Marielle_03', 2, 1.11902, 0.03702);
 insert into MAPS values (497, 60, 'MP-Gouffre_de_la_petite_Marielle', 'Gouffre de la petite Marielle', 1, 748.130, -296.190);
 insert into MAPITEMS values (497, 4, 71);
 insert into MAPITEMS values (497, 4, 118);
 insert into MAPITEMS values (497, 4, 220);
 insert into MAPITEMS values (497, 4, 273);
 insert into MAPS values (498, 60, 'MC-Gouffre_de_la_petite_Marielle', 'Gouffre_de_la_petite_Marielle', 2, 748.130, -296.190);
 insert into MAPITEMS values (498, 4, 309);
 insert into MAPITEMS values (498, 4, 344);
 insert into MAPITEMS values (498, 4, 420);
 insert into MAPITEMS values (498, 4, 467);
 insert into SURVEY values (500, 58, 'Gouffre_Moquette_qui_suinte', 'Gouffre_Moquette_qui_suinte.Flaine_Plate', 'Gouffre de la moquette qui suinte');
 insert into CENTRELINE values (501, 500, NULL, NULL, NULL, 0.00, 0.00, 0.00);
 insert into SURVEY values (502, 500, 'Gouffre_Moquette_qui_suinte', 'Gouffre_Moquette_qui_suinte.Gouffre_Moquette_qui_suinte.Flaine_Plate', 'Gouffre Moquette qui suinte P66 (ou P63)');
 insert into CENTRELINE values (503, 502, NULL, NULL, NULL, 0.00, 0.00, 0.00);
 insert into CENTRELINE values (504, 502, NULL, '2019-07-24', '2019-01-01', 141.66, 0.00, 0.00);
 insert into TOPO values (6, 504);
 insert into TOPO values (2, 504);
 insert into EXPLO values (3, 504);
 insert into SHOT values (138, 138, 139, 504, 0.000, 3.87, 0.00, 0.000, 90.00, 0.00, 0.000, 90.00, 0.00);
insert into SHOT values (139, 138, 140, 504, 0.000, 3.87, 0.00, 0.000, 90.00, 0.00, 0.000, 90.00, 0.00);
insert into SHOT values (140, 140, 141, 504, 4.960, 85.27, -77.50, 4.958, 85.19, -77.49, 0.003, 4.40, 58.40);
insert into SHOT values (141, 141, 142, 504, 5.330, 93.57, -19.50, 5.326, 93.54, -19.53, 0.005, 302.79, -8.55);
insert into SHOT values (142, 142, 143, 504, 3.220, 106.17, -72.00, 3.219, 106.26, -71.90, 0.006, 123.63, 24.78);
insert into SHOT values (143, 143, 144, 504, 2.280, 89.27, -18.40, 2.277, 89.20, -18.43, 0.004, 307.07, -4.48);
insert into SHOT values (144, 144, 145, 504, 6.170, 85.67, -59.70, 6.175, 85.77, -59.67, 0.008, 130.00, -20.16);
insert into SHOT values (145, 145, 146, 504, 8.420, 107.07, 53.70, 8.420, 107.05, 53.75, 0.007, 302.58, 33.81);
insert into SHOT values (146, 146, 147, 504, 1.600, 189.57, -23.10, 1.599, 189.40, -23.20, 0.005, 75.32, -24.98);
insert into SHOT values (147, 147, 148, 504, 3.600, 86.17, -4.10, 3.597, 86.16, -4.14, 0.004, 274.01, -43.21);
insert into SHOT values (148, 148, 149, 504, 1.230, 114.97, -5.70, 1.232, 115.10, -5.59, 0.004, 171.61, 32.83);
insert into SHOT values (149, 149, 150, 504, 2.450, 63.67, 4.70, 2.450, 63.75, 4.68, 0.003, 152.66, -12.54);
insert into SHOT values (150, 150, 151, 504, 2.380, 113.37, -9.50, 2.375, 113.39, -9.45, 0.006, 283.52, 29.80);
insert into SHOT values (151, 151, 152, 504, 2.630, 19.77, -17.80, 2.636, 19.81, -17.90, 0.008, 40.26, -52.65);
insert into SHOT values (152, 152, 153, 504, 0.890, 337.17, 15.40, 0.889, 337.33, 15.66, 0.005, 105.92, 50.38);
insert into SHOT values (153, 153, 154, 504, 2.790, 16.07, 9.70, 2.787, 16.06, 9.71, 0.003, 206.16, -1.66);
insert into SHOT values (154, 154, 155, 504, 2.390, 26.07, 36.10, 2.395, 26.04, 36.06, 0.006, 13.78, 18.17);
insert into SHOT values (155, 155, 156, 504, 4.750, 5.67, 44.00, 4.750, 5.71, 44.00, 0.002, 93.43, 8.90);
insert into SHOT values (156, 142, 157, 504, 0.000, 3.87, 0.00, 0.000, 90.00, 0.00, 0.000, 90.00, 0.00);
insert into SHOT values (157, 157, 158, 504, 3.310, 205.77, -13.80, 3.312, 205.61, -13.80, 0.009, 124.82, -2.83);
insert into SHOT values (158, 158, 159, 504, 4.130, 189.87, -65.60, 4.129, 190.12, -65.59, 0.008, 276.56, 8.44);
insert into SHOT values (159, 152, 160, 504, 0.000, 3.87, 0.00, 0.000, 90.00, 0.00, 0.000, 90.00, 0.00);
insert into SHOT values (160, 160, 161, 504, 0.590, 200.67, 3.70, 0.590, 200.90, 3.89, 0.003, 291.83, 39.54);
insert into SHOT values (161, 161, 162, 504, 10.390, 226.77, -89.20, 10.391, 225.00, -89.22, 0.006, 96.42, -10.02);
insert into SHOT values (162, 152, 163, 504, 0.000, 3.87, 0.00, 0.000, 90.00, 0.00, 0.000, 90.00, 0.00);
insert into SHOT values (163, 163, 164, 504, 1.680, 131.27, -17.10, 1.682, 131.22, -16.94, 0.005, 104.86, 50.92);
insert into SHOT values (164, 164, 165, 504, 2.350, 72.27, 6.50, 2.345, 72.26, 6.37, 0.007, 255.68, -55.59);
insert into SHOT values (165, 165, 166, 504, 1.400, 104.97, 4.90, 1.402, 104.93, 4.91, 0.003, 82.27, 9.51);
insert into SHOT values (166, 145, 167, 504, 0.000, 3.87, 0.00, 0.000, 90.00, 0.00, 0.000, 90.00, 0.00);
insert into SHOT values (167, 167, 168, 504, 2.410, 252.87, -18.50, 2.416, 252.99, -18.58, 0.009, 297.90, -38.34);
insert into SHOT values (168, 168, 169, 504, 3.520, 58.07, -18.70, 3.516, 58.12, -18.58, 0.009, 175.30, 68.53);
insert into SHOT values (169, 169, 170, 504, 1.830, 15.07, -44.60, 1.835, 15.10, -44.67, 0.006, 33.64, -66.77);
insert into SHOT values (170, 170, 171, 504, 3.260, 20.87, -31.10, 3.261, 20.96, -31.01, 0.007, 72.66, 33.97);
insert into SHOT values (171, 171, 172, 504, 1.510, 303.37, 4.40, 1.513, 303.37, 4.17, 0.007, 304.93, -60.86);
insert into SHOT values (172, 172, 173, 504, 5.840, 81.37, -26.70, 5.839, 81.40, -26.66, 0.005, 147.72, 50.50);
insert into SHOT values (173, 173, 174, 504, 3.170, 358.47, -39.10, 3.171, 358.37, -39.10, 0.004, 280.54, -9.72);
insert into SHOT values (174, 174, 175, 504, 4.160, 90.67, -16.40, 4.158, 90.72, -16.34, 0.006, 188.19, 53.85);
insert into SHOT values (175, 175, 176, 504, 4.830, 63.07, -31.50, 4.834, 63.00, -31.56, 0.008, 340.86, -50.77);
insert into SHOT values (176, 176, 177, 504, 3.300, 337.87, -81.00, 3.299, 337.99, -81.16, 0.009, 151.45, -3.85);
insert into SHOT values (177, 177, 178, 504, 2.340, 74.47, -23.20, 2.338, 74.35, -23.17, 0.005, 331.55, 21.03);
insert into SHOT values (178, 178, 179, 504, 2.290, 281.37, -59.60, 2.283, 281.50, -59.66, 0.008, 75.84, 39.47);
insert into SHOT values (179, 179, 180, 504, 0.000, 3.87, 0.00, 0.000, 90.00, 0.00, 0.000, 90.00, 0.00);
insert into SHOT values (180, 180, 181, 504, 4.340, 293.77, -0.10, 4.348, 293.74, -0.13, 0.009, 274.50, -16.45);
insert into SHOT values (181, 181, 182, 504, 2.000, 271.77, 10.00, 2.000, 271.74, 9.79, 0.007, 236.97, -77.78);
insert into SHOT values (182, 182, 183, 504, 2.050, 307.17, -20.30, 2.047, 307.17, -20.29, 0.003, 128.93, 24.71);
insert into SHOT values (183, 177, 184, 504, 0.000, 3.87, 0.00, 0.000, 90.00, 0.00, 0.000, 90.00, 0.00);
insert into SHOT values (184, 184, 185, 504, 5.430, 109.67, -11.80, 5.422, 109.60, -11.81, 0.011, 331.13, 2.26);
insert into SHOT values (185, 185, 186, 504, 1.200, 246.37, 20.90, 1.195, 246.19, 21.09, 0.007, 95.39, 15.12);
insert into SHOT values (186, 186, 187, 504, 3.420, 107.37, -14.00, 3.414, 107.40, -14.07, 0.008, 275.84, -20.29);
insert into SHOT values (187, 179, 188, 504, 1.460, 91.97, -5.40, 1.458, 91.97, -5.51, 0.004, 269.68, -44.36);
insert into SHOT values (188, 188, 189, 504, 2.160, 19.27, -4.10, 2.157, 19.28, -4.25, 0.007, 195.55, -54.99);
insert into SHOT values (189, 189, 190, 504, 2.200, 53.37, -2.60, 2.196, 53.34, -2.61, 0.004, 251.45, -2.95);
insert into CENTRELINE values (505, 502, NULL, '2020-07-31', '2020-01-01', 126.83, 0.00, 0.00);
 insert into PERSON values (9, 'David', 'Cantalupi');
insert into TOPO values (9, 505);
 insert into TOPO values (1, 505);
 insert into TOPO values (2, 505);
 insert into EXPLO values (3, 505);
 insert into SHOT values (190, 191, 192, 505, 0.000, 4.01, 0.00, 0.000, 90.00, 0.00, 0.000, 90.00, 0.00);
insert into SHOT values (191, 191, 193, 505, 0.000, 4.01, 0.00, 0.000, 90.00, 0.00, 0.000, 90.00, 0.00);
insert into SHOT values (192, 191, 194, 505, 4.040, 345.01, -20.00, 4.041, 345.05, -19.97, 0.004, 30.59, 28.91);
insert into SHOT values (193, 194, 195, 505, 2.240, 297.41, 12.10, 2.241, 297.15, 12.10, 0.010, 214.18, 2.55);
insert into SHOT values (194, 195, 196, 505, 1.920, 345.11, 18.90, 1.922, 345.35, 18.82, 0.008, 55.97, -13.52);
insert into SHOT values (195, 196, 197, 505, 2.660, 12.81, 11.80, 2.661, 12.86, 11.71, 0.005, 66.71, -55.71);
insert into SHOT values (196, 197, 198, 505, 3.310, 306.41, 2.70, 3.316, 306.28, 2.77, 0.010, 253.62, 22.89);
insert into SHOT values (197, 198, 199, 505, 1.880, 348.71, -49.40, 1.881, 349.15, -49.49, 0.010, 88.79, -15.25);
insert into SHOT values (198, 199, 200, 505, 2.930, 5.01, 38.20, 2.926, 4.99, 38.22, 0.004, 198.77, -26.08);
insert into SHOT values (199, 200, 201, 505, 1.240, 269.91, -11.10, 1.243, 270.00, -11.13, 0.004, 299.50, -19.10);
insert into SHOT values (200, 201, 202, 505, 1.500, 355.11, 8.10, 1.500, 354.98, 8.05, 0.004, 275.80, -20.83);
insert into SHOT values (201, 202, 203, 505, 7.750, 343.41, 0.60, 7.752, 343.44, 0.67, 0.010, 35.81, 68.42);
insert into SHOT values (202, 203, 204, 505, 0.000, 4.01, 2.00, 0.000, 90.00, 0.00, 0.000, 90.00, 0.00);
insert into SHOT values (203, 204, 205, 505, 2.910, 259.41, 2.00, 2.910, 259.50, 1.97, 0.005, 343.40, -19.42);
insert into SHOT values (204, 203, 206, 505, 12.060, 351.01, -1.00, 12.059, 351.03, -1.00, 0.003, 93.42, 8.35);
insert into SHOT values (205, 206, 207, 505, 0.000, 4.01, 0.00, 0.000, 90.00, 0.00, 0.000, 90.00, 0.00);
insert into SHOT values (206, 207, 208, 505, 5.230, 278.41, -16.50, 5.230, 278.37, -16.55, 0.006, 170.48, -49.81);
insert into SHOT values (207, 208, 209, 505, 3.800, 296.01, -2.70, 3.801, 296.09, -2.71, 0.005, 13.06, -10.65);
insert into SHOT values (208, 206, 210, 505, 0.000, 4.01, 0.00, 0.000, 90.00, 0.00, 0.000, 90.00, 0.00);
insert into SHOT values (209, 210, 211, 505, 10.600, 172.51, 46.00, 10.596, 172.51, 45.98, 0.005, 50.65, -78.73);
insert into SHOT values (210, 211, 212, 505, 5.180, 254.31, 48.00, 5.183, 254.28, 47.97, 0.004, 225.40, 6.96);
insert into SHOT values (211, 212, 213, 505, 1.850, 196.01, -7.20, 1.847, 196.16, -7.15, 0.006, 318.98, 18.62);
insert into SHOT values (212, 213, 214, 505, 5.540, 273.01, 80.50, 5.536, 273.14, 80.52, 0.005, 58.34, -47.86);
insert into SHOT values (213, 214, 215, 505, 5.690, 252.01, 16.00, 5.689, 252.00, 16.02, 0.003, 116.41, 32.13);
insert into SHOT values (214, 215, 216, 505, 0.000, 4.01, 0.00, 0.000, 90.00, 0.00, 0.000, 90.00, 0.00);
insert into SHOT values (215, 216, 217, 505, 6.890, 157.01, 48.00, 6.893, 157.05, 47.97, 0.006, 182.96, -2.68);
insert into SHOT values (216, 215, 218, 505, 1.580, 257.01, 7.00, 1.583, 256.76, 6.89, 0.008, 193.85, -18.02);
insert into SHOT values (217, 218, 219, 505, 5.600, 223.01, -4.60, 5.600, 223.04, -4.61, 0.003, 304.34, -19.57);
insert into SHOT values (218, 219, 220, 505, 3.650, 108.21, 19.60, 3.654, 108.12, 19.67, 0.008, 38.23, 42.45);
insert into SHOT values (219, 220, 221, 505, 4.970, 221.51, 53.30, 4.969, 221.46, 53.22, 0.008, 192.43, -38.32);
insert into SHOT values (220, 221, 222, 505, 3.480, 260.01, -4.20, 3.481, 260.05, -4.12, 0.006, 313.04, 61.68);
insert into SHOT values (221, 222, 223, 505, 3.500, 250.01, 46.00, 3.498, 250.00, 46.08, 0.005, 78.84, 24.86);
insert into SHOT values (222, 223, 224, 505, 3.750, 246.01, -1.50, 3.753, 246.10, -1.53, 0.007, 307.72, -16.25);
insert into SHOT values (223, 224, 225, 505, 3.970, 258.51, -2.30, 3.973, 258.52, -2.31, 0.003, 266.73, -14.41);
insert into SHOT values (224, 225, 226, 505, 1.720, 280.21, 10.50, 1.715, 280.24, 10.41, 0.006, 88.89, -38.10);
insert into SHOT values (225, 226, 152, 505, 0.000, 4.01, 0.00, 0.000, 90.00, 0.00, 0.000, 90.00, 0.00);
insert into SHOT values (226, 202, 227, 505, 0.000, 4.01, 0.00, 0.000, 90.00, 0.00, 0.000, 90.00, 0.00);
insert into SHOT values (227, 227, 228, 505, 5.390, 246.31, 0.00, 5.382, 246.34, 0.00, 0.008, 48.86, 0.00);
insert into CENTRELINE values (506, 502, NULL, '2023-07-20', '2020-01-01', 32.95, 0.00, 10.00);
 insert into TOPO values (2, 506);
 insert into PERSON values (10, 'Janet', 'Saumet');
insert into TOPO values (10, 506);
 insert into EXPLO values (3, 506);
 insert into SHOT values (228, 193, 229, 506, 5.990, 75.91, -11.50, 5.988, 75.89, -11.56, 0.007, 289.33, -59.82);
insert into SHOT values (229, 229, 230, 506, 7.160, 86.41, -3.80, 7.159, 86.47, -3.76, 0.009, 181.94, 31.94);
insert into SHOT values (230, 230, 231, 506, 9.150, 77.71, -4.40, 9.157, 77.67, -4.38, 0.010, 36.28, 11.02);
insert into SHOT values (231, 231, 232, 506, 2.140, 93.31, -7.30, 2.141, 93.51, -7.24, 0.008, 173.16, 14.41);
insert into SHOT values (232, 232, 233, 506, 5.210, 72.81, -4.50, 5.210, 72.75, -4.51, 0.006, 338.90, -12.79);
insert into SHOT values (233, 233, 234, 506, 3.300, 85.81, 3.50, 3.295, 85.82, 3.48, 0.005, 263.03, -16.03);
insert into SHOT values (234, 234, 235, 506, 10.000, 84.41, 0.00, 10.007, 84.44, 0.00, 0.009, 117.67, 0.00);
insert into SHOT_FLAG values(234, 'dpl');
insert into SURVEY values (508, 500, 'Gouffre_Moquette_qui_suinte_02', 'Gouffre_Moquette_qui_suinte_02.Gouffre_Moquette_qui_suinte.Flaine_Plate', 'Gouffre Moquette qui suinte P66 (ou P63) Seance 02');
 insert into CENTRELINE values (509, 508, NULL, NULL, NULL, 0.00, 0.00, 0.00);
 insert into CENTRELINE values (510, 508, NULL, '2025-07-15', '2019-01-01', 41.13, 0.00, 0.00);
 insert into TOPO values (9, 510);
 insert into PERSON values (11, 'Christian', 'Charletty');
insert into TOPO values (11, 510);
 insert into EXPLO values (3, 510);
 insert into PERSON values (12, NULL, 'SCMB');
insert into EXPLO values (12, 510);
 insert into SHOT values (235, 236, 237, 510, 2.260, 98.07, -6.00, 2.266, 98.17, -6.08, 0.007, 133.66, -30.40);
insert into SHOT values (236, 237, 238, 510, 4.960, 81.87, -6.10, 4.958, 81.84, -6.14, 0.005, 317.97, -39.71);
insert into SHOT values (237, 238, 239, 510, 3.270, 52.47, -6.00, 3.270, 52.50, -5.97, 0.002, 137.91, 52.01);
insert into SHOT values (238, 239, 240, 510, 3.320, 24.87, -11.30, 3.326, 24.84, -11.27, 0.006, 6.80, 4.88);
insert into SHOT values (239, 240, 241, 510, 3.130, 87.47, 4.50, 3.133, 87.61, 4.58, 0.009, 160.72, 28.52);
insert into SHOT values (240, 241, 242, 510, 4.990, 3.87, -8.30, 4.993, 3.83, -8.29, 0.005, 316.49, 3.96);
insert into SHOT values (241, 242, 243, 510, 3.710, 12.17, -2.00, 3.705, 12.16, -2.01, 0.005, 201.20, -6.32);
insert into SHOT values (242, 243, 244, 510, 1.270, 292.47, 12.70, 1.268, 292.83, 12.75, 0.008, 36.95, 5.62);
insert into SHOT values (243, 244, 245, 510, 1.760, 12.57, -13.30, 1.759, 12.49, -13.48, 0.006, 238.14, -57.28);
insert into SHOT values (244, 245, 246, 510, 6.550, 103.07, -6.30, 6.548, 103.05, -6.31, 0.003, 323.70, -22.64);
insert into SHOT values (245, 246, 247, 510, 4.550, 119.07, -3.60, 4.552, 119.10, -3.53, 0.007, 163.26, 56.98);
insert into SHOT values (246, 247, 248, 510, 1.360, 75.67, -1.90, 1.364, 75.56, -2.10, 0.007, 40.11, -46.20);
insert into SCRAPS values (512, 500, 'SP-Gouffre_Moquette_qui_suinte_00', 1, 8.51397, 0.11644);
 insert into SCRAPS values (615, 500, 'SP-Gouffre_Moquette_qui_suinte_01', 1, 1.26779, 0.02931);
 insert into SCRAPS values (702, 500, 'SP-Gouffre_Moquette_qui_suinte_02', 1, 4.61608, 0.06782);
 insert into SCRAPS values (726, 500, 'SP-Gouffre_Moquette_qui_suinte_03', 1, 1.05282, 0.05871);
 insert into SCRAPS values (751, 500, 'SC-Gouffre_Moquette_qui_suinte_00', 2, 1.46570, 0.01814);
 insert into SCRAPS values (819, 500, 'SC-Gouffre_Moquette_qui_suinte_01', 2, 8.07282, 0.09547);
 insert into SCRAPS values (880, 500, 'SC-Gouffre_Moquette_qui_suinte_02', 2, 0.96155, 0.01014);
 insert into SCRAPS values (903, 500, 'SC-Gouffre_Moquette_qui_suinte_03', 2, 0.17041, 0.00385);
 insert into MAPS values (924, 500, 'MP-Gouffre_Moquette_qui_suinte', 'Gouffre de la Moquette qui suinte', 1, 342.570, -43.520);
 insert into MAPITEMS values (924, 4, 512);
 insert into MAPITEMS values (924, 4, 615);
 insert into MAPITEMS values (924, 4, 702);
 insert into MAPITEMS values (924, 4, 726);
 insert into MAPS values (925, 500, 'MC-Gouffre_Moquette_qui_suinte', 'Gouffre_Moquette_qui_suinte', 2, 342.570, -43.520);
 insert into MAPITEMS values (925, 4, 751);
 insert into MAPITEMS values (925, 4, 819);
 insert into MAPITEMS values (925, 4, 880);
 insert into MAPITEMS values (925, 4, 903);
 insert into SURVEY values (927, 58, 'Gouffre_Chimelle', 'Gouffre_Chimelle.Flaine_Plate', 'Gouffre Chimelle');
 insert into CENTRELINE values (928, 927, NULL, NULL, NULL, 0.00, 0.00, 0.00);
 insert into SURVEY values (929, 927, 'Gouffre_Chimelle', 'Gouffre_Chimelle.Gouffre_Chimelle.Flaine_Plate', 'Gouffre de la Chimelle');
 insert into CENTRELINE values (930, 929, NULL, NULL, NULL, 0.00, 0.00, 0.00);
 insert into CENTRELINE values (931, 929, NULL, '2021-07-25', '2021-01-01', 98.68, 0.00, 0.00);
 insert into TOPO values (4, 931);
 insert into PERSON values (13, 'Sevan', 'Retif');
insert into TOPO values (13, 931);
 insert into PERSON values (14, 'Luna', 'Valentin');
insert into TOPO values (14, 931);
 insert into EXPLO values (3, 931);
 insert into SHOT values (247, 249, 250, 931, 0.000, 4.15, 0.00, 0.000, 90.00, 0.00, 0.000, 90.00, 0.00);
insert into SHOT values (248, 249, 251, 931, 0.000, 4.15, 0.00, 0.000, 90.00, 0.00, 0.000, 90.00, 0.00);
insert into SHOT values (249, 252, 253, 931, 24.600, 54.15, 87.60, 24.592, 53.69, 87.60, 0.012, 323.27, -45.54);
insert into SHOT values (250, 253, 254, 931, 3.700, 44.95, 68.80, 3.700, 45.30, 68.82, 0.008, 145.73, 2.71);
insert into SHOT values (251, 254, 255, 931, 6.740, 21.85, 43.00, 6.744, 21.78, 43.00, 0.007, 317.57, 27.81);
insert into SHOT values (252, 255, 256, 931, 27.000, 185.45, 85.10, 26.999, 185.46, 85.09, 0.005, 195.11, -17.09);
insert into SHOT values (253, 256, 257, 931, 4.230, 194.45, 29.40, 4.224, 194.49, 29.50, 0.009, 355.68, 21.68);
insert into SHOT values (254, 257, 258, 931, 10.720, 42.85, 85.90, 10.717, 42.88, 85.91, 0.003, 211.80, -48.17);
insert into SHOT values (255, 258, 259, 931, 5.120, 198.85, 72.16, 5.117, 198.55, 72.11, 0.009, 129.59, -23.71);
insert into SHOT values (256, 259, 260, 931, 14.480, 190.65, 73.50, 14.486, 190.65, 73.51, 0.007, 351.83, 74.26);
insert into SHOT values (257, 260, 251, 931, 2.090, 312.85, 64.20, 2.090, 312.78, 64.10, 0.004, 294.86, -26.21);
insert into SCRAPS values (933, 927, 'SC-Gouffre_Chimelle', 2, 0.00411, 0.00048);
 insert into SCRAPS values (963, 927, 'SP-Gouffre_Chimelle', 1, 100.00000, 10.99802);
 insert into MAPS values (987, 927, 'MP-Gouffre_Chimelle', 'Gouffre de la Chimelle', 1, 98.680, -92.930);
 insert into MAPITEMS values (987, 4, 963);
 insert into MAPS values (988, 927, 'MC-Gouffre_Chimelle', 'Gouffre de la Chimelle', 2, 98.680, -92.930);
 insert into MAPITEMS values (988, 4, 933);
 insert into SURVEY values (990, 58, 'Grotte_de_Monthieu', 'Grotte_de_Monthieu.Flaine_Plate', 'Gouffre de Monthieu');
 insert into CENTRELINE values (991, 990, NULL, NULL, NULL, 0.00, 0.00, 0.00);
 insert into SURVEY values (992, 990, 'Grotte_de_Monthieu', 'Grotte_de_Monthieu.Grotte_de_Monthieu.Flaine_Plate', 'Grotte de Monthieu');
 insert into CENTRELINE values (993, 992, NULL, NULL, NULL, 0.00, 0.00, 0.00);
 insert into CENTRELINE values (994, 992, NULL, '2021-07-22', '2021-01-01', 54.62, 0.00, 0.00);
 insert into PERSON values (15, 'Laurent', 'Cadhilac');
insert into TOPO values (15, 994);
 insert into PERSON values (16, 'Laurence', 'Tanguille');
insert into TOPO values (16, 994);
 insert into EXPLO values (3, 994);
 insert into PERSON values (17, 'S.S.S.', 'Geneve');
insert into EXPLO values (17, 994);
 insert into SHOT values (258, 261, 262, 994, 0.000, 4.14, 0.00, 0.000, 90.00, 0.00, 0.000, 90.00, 0.00);
insert into SHOT values (259, 261, 263, 994, 5.230, 56.44, 45.40, 5.227, 56.44, 45.37, 0.004, 303.79, -84.83);
insert into SHOT values (260, 261, 264, 994, 5.280, 270.14, -37.00, 5.284, 270.14, -37.00, 0.004, 258.42, -36.34);
insert into SHOT values (261, 264, 265, 994, 2.140, 79.14, 37.00, 2.142, 79.22, 37.03, 0.003, 141.17, 41.46);
insert into SHOT values (262, 265, 266, 994, 2.490, 4.14, 90.00, 2.490, 90.00, 90.00, 0.000, 4.14, -87.72);
insert into SHOT values (263, 266, 267, 994, 5.700, 149.14, -21.90, 5.700, 149.17, -21.94, 0.005, 273.41, -58.83);
insert into SHOT values (264, 267, 268, 994, 2.030, 16.74, 24.00, 2.037, 16.88, 24.05, 0.008, 54.02, 31.55);
insert into SHOT values (265, 264, 269, 994, 2.700, 203.14, -30.70, 2.696, 203.13, -30.79, 0.006, 27.98, -15.93);
insert into SHOT values (266, 269, 270, 994, 6.900, 169.14, -90.00, 6.900, 90.00, -90.00, 0.000, 169.14, -75.11);
insert into SHOT values (267, 270, 271, 994, 16.300, 176.14, -9.20, 16.305, 176.15, -9.18, 0.009, 196.70, 43.65);
insert into SHOT values (268, 271, 272, 994, 2.190, 116.14, 51.00, 2.188, 115.82, 50.98, 0.008, 21.01, -14.00);
insert into SHOT values (269, 272, 273, 994, 3.660, 212.14, -30.00, 3.666, 212.14, -29.94, 0.007, 209.65, 0.00);
insert into SURVEY values (997, 58, 'L_oeil_central_des_3_yeux', 'L_oeil_central_des_3_yeux.Flaine_Plate', 'L''oeil central des 3 yeux');
 insert into CENTRELINE values (998, 997, NULL, NULL, NULL, 0.00, 0.00, 0.00);
 insert into SURVEY values (999, 997, 'oeil_central_des_3_yeux', 'oeil_central_des_3_yeux.L_oeil_central_des_3_yeux.Flaine_Plate', 'L''oeil central des 3 yeux');
 insert into CENTRELINE values (1000, 999, NULL, NULL, NULL, 0.00, 0.00, 0.00);
 insert into CENTRELINE values (1001, 999, NULL, '2018-07-26', '2018-01-01', 63.20, 0.00, 0.00);
 insert into TOPO values (1, 1001);
 insert into TOPO values (2, 1001);
 insert into EXPLO values (3, 1001);
 insert into SHOT values (270, 274, 275, 1001, 0.000, 3.72, 0.00, 0.000, 90.00, 0.00, 0.000, 90.00, 0.00);
insert into SHOT values (271, 274, 276, 1001, 0.000, 3.72, 0.00, 0.000, 90.00, 0.00, 0.000, 90.00, 0.00);
insert into SHOT values (272, 276, 277, 1001, 5.590, 52.82, 10.40, 5.803, 53.53, 9.72, 0.234, 70.58, -7.13);
insert into SHOT values (273, 277, 278, 1001, 10.150, 73.22, -3.90, 10.381, 73.16, -4.14, 0.236, 70.38, -14.67);
insert into SHOT values (274, 278, 279, 1001, 9.500, 66.22, 0.30, 9.497, 66.22, 0.30, 0.003, 260.40, 4.35);
insert into SHOT values (275, 279, 280, 1001, 5.050, 70.42, 2.30, 5.055, 70.45, 2.38, 0.009, 99.62, 51.04);
insert into SHOT values (276, 280, 281, 1001, 1.600, 117.02, 33.80, 1.595, 116.95, 33.91, 0.006, 312.19, -0.70);
insert into SHOT values (277, 281, 282, 1001, 3.600, 69.42, 2.40, 3.601, 69.50, 2.39, 0.005, 148.11, -8.39);
insert into SHOT values (278, 278, 283, 1001, 0.000, 3.72, 0.00, 0.054, 68.20, 0.00, 0.054, 68.20, 0.00);
insert into SHOT values (279, 283, 284, 1001, 3.050, 291.62, -23.70, 2.895, 293.06, -24.71, 0.177, 89.68, 5.17);
insert into SHOT values (280, 284, 285, 1001, 2.900, 325.52, -1.00, 2.839, 327.37, -1.41, 0.113, 90.09, -9.87);
insert into SHOT values (281, 285, 286, 1001, 0.650, 181.32, -5.50, 0.575, 174.99, -5.99, 0.101, 40.19, 1.31);
insert into SHOT values (282, 286, 287, 1001, 5.760, 272.82, -2.60, 5.550, 273.72, -3.10, 0.234, 70.50, -9.54);
insert into SHOT values (283, 287, 288, 1001, 5.070, 247.92, 6.10, 4.835, 247.76, 6.06, 0.236, 71.30, -7.01);
insert into SHOT values (284, 288, 289, 1001, 3.050, 235.72, -19.60, 2.853, 235.06, -20.52, 0.206, 64.38, 6.46);
insert into SHOT values (285, 289, 290, 1001, 2.130, 200.02, 17.60, 1.990, 198.15, 17.85, 0.154, 44.32, -12.76);
insert into SHOT values (286, 290, 291, 1001, 5.100, 157.72, 15.10, 5.109, 155.61, 14.74, 0.184, 71.99, -8.92);
insert into SHOT values (287, 291, 276, 1001, 0.000, 3.72, 0.00, 0.064, 71.57, -8.98, 0.064, 71.57, -8.98);
insert into SURVEY values (1004, 58, 'Gouffre_du_Colonney', 'Gouffre_du_Colonney.Flaine_Plate', 'Gouffre du Colonney');
 insert into CENTRELINE values (1005, 1004, NULL, NULL, NULL, 0.00, 0.00, 0.00);
 insert into SURVEY values (1006, 1004, 'Colonney_Entree', 'Colonney_Entree.Gouffre_du_Colonney.Flaine_Plate', 'Gouffre du Colonney');
 insert into CENTRELINE values (1007, 1006, NULL, NULL, NULL, 0.00, 0.00, 0.00);
 insert into CENTRELINE values (1008, 1006, NULL, '2024-07-15', '2024-01-01', 101.36, 0.00, 0.00);
 insert into PERSON values (18, 'William', 'Gros');
insert into TOPO values (18, 1008);
 insert into TOPO values (6, 1008);
 insert into PERSON values (19, 'Pierre', 'Maleysson');
insert into TOPO values (19, 1008);
 insert into PERSON values (20, 'Alexandre', 'Pont');
insert into TOPO values (20, 1008);
 insert into EXPLO values (3, 1008);
 insert into PERSON values (21, NULL, 'GEKHA');
insert into EXPLO values (21, 1008);
 insert into SHOT values (288, 292, 293, 1008, 1.730, 271.84, -20.20, 1.728, 271.77, -20.31, 0.004, 128.59, -36.79);
insert into SHOT values (289, 293, 294, 1008, 9.130, 315.94, -80.80, 9.128, 315.83, -80.77, 0.006, 281.33, 26.88);
insert into SHOT values (290, 294, 295, 1008, 1.440, 168.44, -1.20, 1.440, 168.38, -1.19, 0.002, 72.41, 5.51);
insert into SHOT values (291, 294, 296, 1008, 1.520, 100.24, 6.40, 1.524, 100.27, 6.41, 0.004, 111.70, 8.46);
insert into SHOT values (292, 294, 297, 1008, 1.150, 346.14, -7.30, 1.152, 346.33, -7.48, 0.006, 51.80, -43.54);
insert into SHOT values (293, 294, 298, 1008, 1.680, 137.24, -60.90, 1.684, 136.97, -60.82, 0.006, 91.09, -21.22);
insert into SHOT values (294, 294, 299, 1008, 1.990, 50.44, -67.80, 1.988, 50.39, -67.75, 0.003, 14.41, 64.49);
insert into SHOT values (295, 294, 300, 1008, 6.190, 345.74, -72.40, 6.191, 345.82, -72.35, 0.006, 9.12, 2.37);
insert into SHOT values (296, 300, 301, 1008, 1.710, 303.14, 7.30, 1.706, 302.94, 7.41, 0.008, 178.41, 20.39);
insert into SHOT values (297, 300, 302, 1008, 3.070, 276.64, 3.00, 3.064, 276.57, 2.99, 0.007, 131.57, -5.50);
insert into SHOT values (298, 300, 303, 1008, 2.320, 225.74, 0.70, 2.320, 225.70, 0.74, 0.002, 124.70, 42.62);
insert into SHOT values (299, 300, 304, 1008, 1.560, 188.84, -1.20, 1.569, 188.80, -1.10, 0.009, 181.65, 16.73);
insert into SHOT values (300, 300, 305, 1008, 5.600, 234.44, 80.30, 5.601, 234.46, 80.27, 0.003, 241.37, 1.27);
insert into SHOT values (301, 300, 306, 1008, 3.730, 288.44, 59.40, 3.729, 288.43, 59.41, 0.001, 118.66, -22.37);
insert into SHOT values (302, 300, 307, 1008, 4.080, 354.64, 84.50, 4.078, 353.99, 84.62, 0.010, 200.47, -6.96);
insert into SHOT values (303, 300, 308, 1008, 1.810, 269.14, -52.30, 1.810, 268.97, -52.18, 0.005, 223.53, 24.07);
insert into SHOT values (304, 300, 309, 1008, 2.270, 156.94, -38.00, 2.274, 157.01, -37.99, 0.005, 188.16, -30.47);
insert into SHOT values (305, 309, 310, 1008, 0.890, 85.44, 81.40, 0.890, 85.60, 81.57, 0.003, 257.82, 0.14);
insert into SHOT values (306, 309, 311, 1008, 1.460, 8.64, 46.60, 1.458, 8.62, 46.63, 0.002, 202.80, -22.74);
insert into SHOT values (307, 309, 312, 1008, 0.950, 8.64, 11.60, 0.950, 8.65, 11.54, 0.001, 100.47, -80.80);
insert into SHOT values (308, 309, 313, 1008, 1.370, 37.74, -84.90, 1.366, 38.66, -84.62, 0.008, 55.88, 34.78);
insert into SHOT values (309, 309, 314, 1008, 1.150, 270.14, 8.00, 1.151, 270.00, 7.99, 0.003, 202.90, -0.92);
insert into SHOT values (310, 309, 315, 1008, 2.470, 268.64, 22.40, 2.467, 268.74, 22.40, 0.005, 36.03, -13.76);
insert into SHOT values (311, 309, 316, 1008, 0.840, 293.64, -5.40, 0.832, 293.47, -5.52, 0.008, 131.43, -6.67);
insert into SHOT values (312, 309, 317, 1008, 6.860, 109.44, -32.70, 6.861, 109.41, -32.63, 0.009, 76.75, 42.54);
insert into SHOT values (313, 317, 318, 1008, 0.520, 354.04, -10.00, 0.521, 353.29, -9.94, 0.007, 275.55, 2.47);
insert into SHOT values (314, 317, 319, 1008, 0.470, 343.54, 50.40, 0.471, 342.76, 49.85, 0.006, 297.65, -20.31);
insert into SHOT values (315, 317, 320, 1008, 2.540, 59.14, -9.20, 2.536, 59.23, -9.31, 0.008, 201.71, -31.03);
insert into SHOT values (316, 317, 321, 1008, 2.060, 299.34, 3.10, 2.067, 299.30, 3.05, 0.007, 286.31, -11.02);
insert into SHOT values (317, 317, 322, 1008, 3.830, 280.84, 14.80, 3.830, 280.73, 14.67, 0.011, 205.83, -48.96);
insert into SHOT values (318, 317, 323, 1008, 2.310, 254.64, 8.50, 2.318, 254.57, 8.44, 0.009, 234.66, -9.59);
insert into SHOT values (319, 317, 324, 1008, 1.880, 264.84, 40.50, 1.884, 264.81, 40.35, 0.006, 256.56, -8.55);
insert into SHOT values (320, 317, 325, 1008, 2.210, 294.74, 30.90, 2.212, 294.54, 30.72, 0.010, 244.61, -29.83);
insert into SHOT values (321, 317, 326, 1008, 3.280, 56.54, -22.30, 3.279, 56.57, -22.41, 0.006, 210.53, -56.36);
insert into SHOT values (322, 326, 327, 1008, 0.430, 98.04, 12.70, 0.426, 98.33, 13.57, 0.008, 256.22, 44.76);
insert into SHOT values (323, 326, 328, 1008, 0.750, 128.44, 57.10, 0.750, 128.00, 57.20, 0.003, 15.76, 4.78);
insert into SHOT values (324, 326, 329, 1008, 0.750, 202.64, 37.00, 0.747, 202.69, 37.05, 0.003, 11.90, -25.35);
insert into SHOT values (325, 326, 330, 1008, 2.070, 250.24, 7.50, 2.067, 250.33, 7.50, 0.004, 21.40, -2.68);
insert into SHOT values (326, 326, 331, 1008, 5.190, 239.84, 17.30, 5.194, 239.87, 17.25, 0.006, 263.81, -31.40);
insert into SHOT values (327, 326, 332, 1008, 1.850, 228.14, 15.60, 1.853, 228.18, 15.65, 0.004, 250.74, 39.42);
insert into SHOT values (328, 326, 333, 1008, 1.380, 198.24, -85.90, 1.373, 198.43, -86.04, 0.008, 13.44, 59.49);
insert into SHOT values (329, 326, 334, 1008, 1.600, 194.14, -18.20, 1.596, 194.13, -18.26, 0.004, 19.45, -3.67);
insert into SHOT values (330, 326, 335, 1008, 3.380, 173.34, -34.00, 3.377, 173.43, -34.03, 0.006, 303.71, 0.70);
insert into SHOT values (331, 335, 336, 1008, 1.020, 241.84, -2.30, 1.021, 241.93, -2.25, 0.002, 303.42, 28.46);
insert into SHOT values (332, 335, 337, 1008, 0.810, 227.54, 49.20, 0.809, 227.29, 48.97, 0.004, 169.92, -48.91);
insert into SHOT values (333, 335, 338, 1008, 0.670, 196.34, 79.60, 0.671, 194.04, 79.39, 0.006, 134.33, 10.13);
insert into SHOT values (334, 335, 339, 1008, 1.700, 324.54, 51.90, 1.700, 324.33, 52.02, 0.005, 198.68, 25.32);
insert into SHOT values (335, 335, 340, 1008, 0.610, 199.74, -77.30, 0.605, 197.10, -77.02, 0.008, 125.47, 37.95);
insert into SHOT values (336, 335, 341, 1008, 1.300, 208.34, -25.80, 1.295, 208.10, -25.62, 0.008, 88.85, 45.79);
insert into SHOT values (337, 335, 342, 1008, 2.010, 166.74, -18.60, 2.016, 166.69, -18.51, 0.007, 151.53, 9.60);
insert into SHOT values (338, 342, 343, 1008, 0.750, 173.44, 3.00, 0.745, 173.83, 3.08, 0.007, 306.34, 6.21);
insert into SHOT values (339, 342, 344, 1008, 0.920, 81.84, 13.50, 0.916, 81.60, 13.89, 0.008, 298.98, 39.61);
insert into SHOT values (340, 342, 345, 1008, 0.890, 96.64, 60.60, 0.892, 96.63, 60.97, 0.006, 277.70, 49.06);
insert into SHOT values (341, 342, 346, 1008, 0.590, 199.64, 23.00, 0.588, 199.44, 23.04, 0.003, 59.73, -10.16);
insert into SHOT values (342, 342, 347, 1008, 1.010, 129.64, -16.70, 1.002, 129.50, -16.83, 0.009, 325.53, 1.54);
insert into SHOT values (343, 342, 348, 1008, 1.180, 26.24, 9.80, 1.184, 25.91, 9.72, 0.008, 329.59, -5.91);
insert into SHOT values (344, 342, 349, 1008, 1.330, 12.34, 28.60, 1.331, 12.37, 28.74, 0.003, 151.38, 76.04);
insert into SHOT values (345, 342, 350, 1008, 1.360, 334.64, -6.30, 1.359, 334.57, -6.34, 0.002, 214.80, -22.03);
insert into SHOT values (346, 342, 351, 1008, 1.710, 357.94, -47.30, 1.713, 358.03, -47.35, 0.004, 56.24, -59.14);
insert into SHOT values (347, 342, 352, 1008, 1.190, 277.74, -74.80, 1.192, 279.16, -74.73, 0.008, 353.99, -11.50);
insert into SHOT values (348, 342, 353, 1008, 8.870, 197.54, -84.90, 8.865, 197.74, -84.90, 0.006, 307.92, 58.73);
insert into SHOT values (349, 353, 354, 1008, 0.740, 244.84, 15.60, 0.732, 244.89, 15.05, 0.011, 59.74, -56.58);
insert into SHOT values (350, 353, 355, 1008, 1.130, 168.24, 9.20, 1.128, 168.08, 9.18, 0.003, 52.65, -11.09);
insert into SHOT values (351, 353, 356, 1008, 1.610, 94.74, 10.60, 1.612, 94.70, 10.37, 0.007, 73.89, -63.96);
insert into SHOT values (352, 353, 357, 1008, 1.750, 27.64, 9.00, 1.748, 27.60, 8.89, 0.004, 238.60, -59.14);
insert into SHOT values (353, 353, 358, 1008, 3.500, 7.34, 53.10, 3.496, 7.36, 52.94, 0.011, 14.01, -56.28);
insert into SHOT values (354, 353, 359, 1008, 2.740, 10.94, 46.30, 2.740, 10.95, 46.26, 0.002, 25.43, -30.97);
insert into SHOT values (355, 353, 360, 1008, 6.800, 231.24, 77.20, 6.798, 231.22, 77.24, 0.006, 56.86, -10.06);
insert into SHOT values (356, 353, 361, 1008, 2.570, 84.84, 19.90, 2.572, 84.78, 19.77, 0.006, 49.60, -48.27);
insert into SHOT values (357, 361, 362, 1008, 1.360, 124.84, -3.60, 1.360, 125.10, -3.80, 0.008, 221.30, -37.32);
insert into SHOT values (358, 361, 363, 1008, 1.720, 21.94, 46.40, 1.722, 21.80, 46.54, 0.005, 266.08, 53.80);
insert into SHOT values (359, 361, 364, 1008, 7.460, 289.44, 86.00, 7.458, 289.13, 86.01, 0.004, 167.55, -29.05);
insert into SHOT values (360, 361, 365, 1008, 2.820, 288.94, 4.00, 2.818, 288.89, 4.07, 0.005, 166.12, 45.02);
insert into SHOT values (361, 361, 366, 1008, 3.100, 262.94, 6.40, 3.103, 262.92, 6.48, 0.005, 240.88, 55.58);
insert into SHOT values (362, 361, 367, 1008, 1.950, 339.24, -77.00, 1.950, 338.68, -76.96, 0.005, 267.72, 0.27);
insert into SHOT values (363, 361, 368, 1008, 0.900, 352.94, -8.70, 0.898, 352.87, -8.97, 0.005, 193.39, -52.32);
insert into SHOT values (364, 361, 369, 1008, 2.540, 10.14, -18.60, 2.540, 10.05, -18.60, 0.004, 274.19, 2.28);
insert into SHOT values (365, 369, 370, 1008, 0.420, 103.74, 0.70, 0.422, 103.71, 1.36, 0.005, 96.50, 67.00);
insert into SHOT values (366, 369, 371, 1008, 1.230, 276.94, 20.10, 1.223, 277.00, 20.09, 0.007, 86.68, -22.17);
insert into SHOT values (367, 369, 372, 1008, 1.470, 318.34, 75.60, 1.465, 318.37, 75.73, 0.006, 136.33, -41.41);
insert into SHOT values (368, 369, 373, 1008, 2.670, 47.44, 0.30, 2.669, 47.58, 0.21, 0.008, 150.19, -30.85);
insert into SHOT values (369, 369, 374, 1008, 2.040, 24.34, 22.80, 2.039, 24.52, 22.80, 0.006, 125.20, -5.13);
insert into SHOT values (370, 369, 375, 1008, 1.780, 348.54, 9.70, 1.781, 348.50, 9.70, 0.002, 285.70, 3.33);
insert into SHOT values (371, 369, 376, 1008, 1.890, 318.14, 16.50, 1.892, 318.13, 16.59, 0.003, 290.44, 75.62);
insert into SHOT values (372, 369, 377, 1008, 2.950, 55.14, -5.90, 2.953, 55.12, -5.83, 0.005, 36.38, 42.06);
insert into SHOT values (373, 369, 378, 1008, 4.560, 294.34, 15.40, 4.554, 294.35, 15.41, 0.006, 111.02, -9.12);
insert into SHOT values (374, 378, 379, 1008, 0.940, 176.44, 13.90, 0.940, 176.86, 14.16, 0.008, 276.16, 32.15);
insert into SHOT values (375, 378, 380, 1008, 1.960, 51.04, 84.00, 1.961, 50.91, 83.97, 0.002, 30.08, 28.29);
insert into SHOT values (376, 378, 381, 1008, 0.590, 6.24, 43.80, 0.588, 5.44, 44.18, 0.007, 242.27, 12.94);
insert into SHOT values (377, 378, 382, 1008, 1.680, 6.34, 61.00, 1.681, 6.34, 61.00, 0.001, 2.88, 51.65);
insert into SHOT values (378, 378, 383, 1008, 3.290, 283.14, 42.30, 3.294, 283.07, 42.38, 0.007, 186.06, 60.32);
insert into SHOT values (379, 378, 384, 1008, 2.440, 109.84, 5.60, 2.435, 109.78, 5.66, 0.006, 315.54, 17.62);
insert into SHOT values (380, 378, 385, 1008, 2.260, 93.44, 10.10, 2.259, 93.35, 10.20, 0.005, 345.01, 44.60);
insert into SHOT values (381, 378, 386, 1008, 3.590, 32.04, -17.00, 3.589, 32.02, -17.01, 0.001, 265.31, -14.99);
insert into SHOT values (382, 378, 387, 1008, 1.830, 86.54, -34.20, 1.830, 86.59, -34.25, 0.002, 212.00, -42.50);
insert into SHOT values (383, 378, 388, 1008, 3.410, 21.54, 16.40, 3.406, 21.54, 16.37, 0.004, 203.03, -42.96);
insert into SHOT values (384, 388, 389, 1008, 4.130, 342.64, 73.20, 4.137, 342.47, 73.20, 0.007, 279.64, 57.91);
insert into SHOT values (385, 388, 390, 1008, 9.810, 287.34, 57.90, 9.813, 287.39, 57.87, 0.007, 327.02, -2.09);
insert into SHOT values (386, 388, 391, 1008, 1.530, 222.14, 38.80, 1.528, 222.27, 38.91, 0.004, 0.85, 17.42);
insert into SHOT values (387, 388, 392, 1008, 1.840, 345.64, 25.70, 1.844, 345.71, 25.71, 0.004, 16.64, 27.51);
insert into SHOT values (388, 388, 393, 1008, 1.620, 295.44, 13.40, 1.628, 295.43, 13.49, 0.009, 293.32, 31.16);
insert into SHOT values (389, 388, 394, 1008, 0.730, 340.84, -13.00, 0.739, 340.56, -12.51, 0.011, 320.93, 21.99);
insert into SHOT values (390, 388, 395, 1008, 1.530, 9.04, 2.40, 1.531, 9.03, 2.62, 0.006, 323.59, 85.93);
insert into SHOT values (391, 388, 396, 1008, 2.110, 222.44, -87.90, 2.101, 225.00, -88.07, 0.011, 17.15, 49.29);
insert into SHOT values (392, 388, 397, 1008, 5.030, 303.54, 73.10, 5.038, 303.58, 73.10, 0.008, 328.25, 71.64);
insert into SHOT values (393, 378, 398, 1008, 2.440, 270.44, 30.60, 2.439, 270.55, 30.56, 0.004, 2.24, -28.55);
insert into SHOT values (394, 398, 399, 1008, 0.370, 159.44, 16.90, 0.368, 160.02, 17.39, 0.005, 288.89, 28.15);
insert into SHOT values (395, 398, 400, 1008, 1.170, 15.24, 70.40, 1.177, 14.74, 70.51, 0.009, 292.65, 66.12);
insert into SHOT values (396, 398, 401, 1008, 0.610, 300.74, -11.50, 0.612, 299.98, -11.30, 0.009, 228.33, 10.93);
insert into SHOT values (397, 398, 402, 1008, 2.450, 162.04, -83.20, 2.448, 162.18, -83.10, 0.005, 172.10, 34.12);
insert into SHOT values (398, 398, 403, 1008, 2.170, 66.74, 8.00, 2.168, 66.66, 8.22, 0.009, 289.14, 60.57);
insert into SHOT values (399, 398, 404, 1008, 1.150, 43.84, 22.20, 1.142, 43.85, 22.66, 0.012, 223.44, 26.60);
insert into SHOT values (400, 398, 405, 1008, 12.660, 349.14, 47.40, 12.658, 349.10, 47.42, 0.008, 224.84, 6.99);
insert into SHOT values (401, 398, 406, 1008, 5.830, 357.24, -39.40, 5.830, 357.20, -39.39, 0.003, 273.17, 8.36);
insert into SHOT values (402, 361, 407, 1008, 5.720, 109.64, -3.30, 5.722, 109.64, -3.31, 0.002, 103.37, -21.81);
insert into SHOT values (403, 407, 408, 1008, 0.810, 30.04, 3.50, 0.808, 29.74, 3.55, 0.005, 271.52, 6.59);
insert into SHOT values (404, 407, 409, 1008, 1.250, 82.24, 7.20, 1.252, 82.13, 7.34, 0.004, 24.88, 49.30);
insert into SHOT values (405, 407, 410, 1008, 0.880, 122.24, 22.00, 0.882, 122.52, 21.96, 0.005, 181.29, 4.21);
insert into SHOT values (406, 407, 411, 1008, 1.420, 79.24, 58.50, 1.420, 79.14, 58.44, 0.002, 35.83, -21.89);
insert into SHOT values (407, 407, 412, 1008, 0.950, 8.84, 60.30, 0.952, 8.65, 60.73, 0.007, 204.79, 40.56);
insert into SHOT values (408, 407, 413, 1008, 4.170, 130.04, -82.50, 4.165, 130.49, -82.56, 0.008, 271.49, 32.85);
insert into SHOT values (409, 407, 414, 1008, 5.650, 109.14, -0.70, 5.642, 109.14, -0.71, 0.008, 289.78, -7.26);
insert into SHOT values (410, 414, 415, 1008, 1.360, 126.04, 82.80, 1.361, 125.54, 82.74, 0.002, 82.36, 18.26);
insert into SHOT values (411, 414, 416, 1008, 0.520, 43.24, 73.80, 0.520, 45.00, 74.21, 0.006, 173.86, 6.46);
insert into SHOT values (412, 414, 417, 1008, 0.520, 211.54, 72.70, 0.525, 209.74, 72.13, 0.009, 173.79, 23.11);
insert into SHOT values (413, 414, 418, 1008, 0.550, 34.94, 20.50, 0.550, 35.54, 20.21, 0.006, 114.98, -25.64);
insert into SHOT values (414, 414, 419, 1008, 0.560, 216.64, 10.10, 0.567, 216.25, 10.16, 0.008, 187.18, 13.13);
insert into SHOT values (415, 414, 420, 1008, 0.620, 253.94, 9.70, 0.614, 253.66, 10.31, 0.009, 97.48, 36.97);
insert into SHOT values (416, 414, 421, 1008, 0.700, 333.44, 10.50, 0.692, 333.81, 10.83, 0.010, 126.19, 14.27);
insert into SHOT values (417, 414, 422, 1008, 0.850, 214.44, -88.20, 0.851, 198.43, -87.87, 0.009, 147.42, -2.54);
insert into SHOT values (418, 414, 423, 1008, 2.290, 221.34, -72.10, 2.290, 220.96, -72.16, 0.005, 107.65, -9.32);
insert into SHOT values (419, 414, 424, 1008, 4.280, 124.64, 0.10, 4.283, 124.73, 0.13, 0.008, 189.86, 19.52);
insert into SHOT values (420, 424, 425, 1008, 0.480, 320.54, 76.70, 0.484, 322.13, 76.36, 0.006, 2.12, 31.20);
insert into SHOT values (421, 424, 426, 1008, 0.390, 11.24, 38.30, 0.389, 11.31, 38.11, 0.002, 119.89, -77.47);
insert into SHOT values (422, 424, 427, 1008, 0.670, 222.34, 17.00, 0.668, 222.46, 17.43, 0.006, 23.61, 46.45);
insert into SHOT values (423, 424, 428, 1008, 2.960, 121.94, 3.70, 2.961, 121.86, 3.68, 0.005, 51.13, -12.96);
insert into SHOT values (424, 424, 429, 1008, 3.910, 130.44, 2.30, 3.912, 130.33, 2.34, 0.009, 57.10, 21.26);
insert into SHOT values (425, 424, 430, 1008, 1.040, 287.44, 4.00, 1.040, 287.39, 3.86, 0.003, 193.65, -68.47);
insert into SHOT values (426, 424, 431, 1008, 1.520, 337.74, 6.30, 1.521, 337.85, 6.42, 0.004, 52.20, 48.28);
insert into CENTRELINE values (1009, 1006, NULL, '2024-07-16', '2024-01-01', 202.37, 0.00, 0.00);
 insert into TOPO values (18, 1009);
 insert into TOPO values (19, 1009);
 insert into TOPO values (20, 1009);
 insert into EXPLO values (3, 1009);
 insert into EXPLO values (21, 1009);
 insert into SHOT values (427, 432, 424, 1009, 12.000, 308.94, 65.40, 12.001, 308.91, 65.38, 0.005, 272.37, -9.99);
insert into SHOT values (428, 432, 433, 1009, 1.050, 41.84, 21.60, 1.052, 41.68, 21.75, 0.005, 335.10, 49.34);
insert into SHOT values (429, 432, 434, 1009, 1.800, 341.04, 21.10, 1.804, 340.92, 21.12, 0.005, 291.66, 22.72);
insert into SHOT values (430, 432, 435, 1009, 2.840, 316.04, 12.70, 2.841, 316.17, 12.61, 0.008, 28.70, -34.24);
insert into SHOT values (431, 432, 436, 1009, 1.220, 258.84, 15.50, 1.214, 259.17, 15.29, 0.010, 24.48, -36.24);
insert into SHOT values (432, 432, 437, 1009, 0.930, 231.24, 9.50, 0.930, 231.63, 9.28, 0.007, 311.73, -28.88);
insert into SHOT values (433, 432, 438, 1009, 1.910, 104.14, 14.20, 1.914, 104.04, 14.21, 0.005, 61.58, 16.02);
insert into SHOT values (434, 432, 439, 1009, 3.640, 125.04, 6.40, 3.634, 124.97, 6.32, 0.009, 347.28, -38.63);
insert into SHOT values (435, 432, 440, 1009, 5.010, 140.64, 11.20, 5.012, 140.61, 11.16, 0.005, 90.19, -42.54);
insert into SHOT values (436, 432, 441, 1009, 1.030, 186.74, 31.20, 1.024, 186.56, 31.18, 0.007, 34.91, -30.68);
insert into SHOT values (437, 432, 442, 1009, 7.170, 60.94, 77.60, 7.168, 60.95, 77.56, 0.005, 61.83, -30.28);
insert into SHOT values (438, 432, 443, 1009, 0.530, 57.44, -71.40, 0.527, 57.26, -71.59, 0.004, 248.62, 40.99);
insert into SHOT values (439, 432, 444, 1009, 3.530, 130.64, 29.40, 3.524, 130.64, 29.40, 0.006, 311.25, -31.41);
insert into SHOT values (440, 444, 445, 1009, 0.450, 95.44, -1.90, 0.452, 95.08, -1.27, 0.006, 40.55, 54.57);
insert into SHOT values (441, 444, 446, 1009, 0.910, 24.44, -3.30, 0.914, 24.60, -3.14, 0.006, 54.31, 25.37);
insert into SHOT values (442, 444, 447, 1009, 2.040, 137.74, -0.80, 2.046, 137.58, -0.84, 0.008, 91.91, -10.34);
insert into SHOT values (443, 444, 448, 1009, 1.880, 189.74, -2.40, 1.877, 189.51, -2.44, 0.008, 80.89, -9.09);
insert into SHOT values (444, 444, 449, 1009, 3.480, 171.24, 0.60, 3.481, 171.24, 0.66, 0.004, 165.10, 77.57);
insert into SHOT values (445, 444, 450, 1009, 0.980, 258.14, 2.40, 0.972, 258.11, 2.36, 0.008, 81.80, -7.10);
insert into SHOT values (446, 444, 451, 1009, 1.580, 287.74, -3.30, 1.577, 287.74, -3.27, 0.003, 106.48, 21.20);
insert into SHOT values (447, 444, 452, 1009, 5.630, 312.24, -7.50, 5.626, 312.24, -7.46, 0.006, 138.13, 55.23);
insert into SHOT values (448, 444, 453, 1009, 5.690, 319.14, -7.50, 5.692, 319.17, -7.47, 0.004, 7.47, 39.54);
insert into SHOT values (449, 444, 454, 1009, 5.330, 321.54, 75.80, 5.332, 321.55, 75.86, 0.006, 140.61, 29.78);
insert into SHOT values (450, 444, 455, 1009, 2.870, 135.34, -82.60, 2.864, 135.00, -82.62, 0.007, 3.72, 64.24);
insert into SHOT values (451, 444, 456, 1009, 3.110, 163.44, -5.00, 3.112, 163.32, -4.98, 0.007, 92.41, 8.44);
insert into SHOT values (452, 456, 457, 1009, 2.520, 1.94, 8.90, 2.522, 1.84, 8.90, 0.005, 291.94, 1.57);
insert into SHOT values (453, 456, 458, 1009, 1.030, 49.44, 9.70, 1.028, 49.40, 9.52, 0.004, 264.14, -68.89);
insert into SHOT values (454, 456, 459, 1009, 2.630, 85.94, 1.90, 2.628, 85.85, 1.96, 0.005, 333.93, 32.05);
insert into SHOT values (455, 456, 460, 1009, 0.860, 114.84, 5.10, 0.854, 115.06, 5.38, 0.008, 269.06, 25.84);
insert into SHOT values (456, 456, 461, 1009, 0.840, 213.54, 9.90, 0.841, 213.69, 9.58, 0.005, 263.66, -57.84);
insert into SHOT values (457, 456, 462, 1009, 1.850, 280.34, 22.00, 1.852, 280.39, 21.88, 0.004, 308.39, -42.55);
insert into SHOT values (458, 456, 463, 1009, 1.980, 317.14, 16.80, 1.980, 317.14, 16.73, 0.002, 304.75, -68.63);
insert into SHOT values (459, 456, 464, 1009, 2.390, 341.04, 19.60, 2.393, 340.84, 19.53, 0.009, 274.03, -11.39);
insert into SHOT values (460, 456, 465, 1009, 2.370, 344.54, 83.30, 2.367, 343.50, 83.17, 0.008, 298.98, -27.89);
insert into SHOT values (461, 456, 466, 1009, 1.190, 25.64, -81.90, 1.192, 25.02, -82.01, 0.003, 245.67, -33.66);
insert into SHOT values (462, 456, 467, 1009, 1.810, 95.24, -21.70, 1.806, 95.13, -21.78, 0.006, 308.00, -7.25);
insert into SHOT values (463, 467, 468, 1009, 0.560, 2.84, 10.50, 0.560, 3.12, 10.29, 0.003, 88.83, -37.31);
insert into SHOT values (464, 467, 469, 1009, 1.660, 70.34, -4.10, 1.658, 70.58, -4.15, 0.007, 173.93, -10.60);
insert into SHOT values (465, 467, 470, 1009, 2.140, 87.24, -9.50, 2.141, 87.29, -9.41, 0.004, 130.55, 53.62);
insert into SHOT values (466, 467, 471, 1009, 0.760, 125.04, -4.90, 0.763, 125.36, -4.51, 0.007, 179.52, 43.33);
insert into SHOT values (467, 467, 472, 1009, 0.640, 233.44, 3.00, 0.637, 233.31, 2.70, 0.005, 78.66, -45.37);
insert into SHOT values (468, 467, 473, 1009, 0.700, 327.24, 7.00, 0.694, 327.46, 7.45, 0.009, 125.87, 32.65);
insert into SHOT values (469, 467, 474, 1009, 1.850, 47.04, 68.70, 1.847, 46.81, 68.66, 0.005, 318.42, -52.89);
insert into SHOT values (470, 467, 475, 1009, 0.810, 271.44, -79.90, 0.812, 270.00, -80.07, 0.005, 150.76, -31.91);
insert into SHOT values (471, 467, 476, 1009, 22.810, 93.84, -73.50, 22.808, 93.90, -73.51, 0.007, 213.25, 5.55);
insert into SHOT values (472, 476, 477, 1009, 0.380, 359.14, 2.50, 0.381, 0.00, 3.01, 0.007, 85.93, 31.02);
insert into SHOT values (473, 476, 478, 1009, 0.740, 184.34, 6.40, 0.736, 183.92, 6.24, 0.007, 60.04, -20.76);
insert into SHOT values (474, 476, 479, 1009, 1.400, 255.14, 6.00, 1.393, 255.36, 6.18, 0.010, 39.51, 21.94);
insert into SHOT values (475, 476, 480, 1009, 4.730, 280.24, 8.60, 4.728, 280.23, 8.64, 0.004, 125.39, 43.91);
insert into SHOT values (476, 476, 481, 1009, 0.430, 330.44, -5.50, 0.436, 331.07, -5.26, 0.008, 8.44, 8.88);
insert into SHOT values (477, 476, 482, 1009, 0.520, 22.94, -11.60, 0.520, 23.05, -11.08, 0.005, 57.54, 69.50);
insert into SHOT values (478, 476, 483, 1009, 1.520, 136.34, 3.20, 1.516, 136.07, 3.40, 0.010, 16.18, 31.80);
insert into SHOT values (479, 476, 484, 1009, 3.770, 116.24, 1.60, 3.776, 116.09, 1.67, 0.013, 57.32, 21.94);
insert into SHOT values (480, 476, 485, 1009, 0.960, 100.54, 6.40, 0.962, 100.25, 6.57, 0.006, 24.62, 30.82);
insert into SHOT values (481, 476, 486, 1009, 5.680, 107.24, 86.30, 5.682, 106.99, 86.20, 0.010, 97.74, 10.40);
insert into SHOT values (482, 476, 487, 1009, 0.670, 141.34, -55.70, 0.666, 140.39, -55.61, 0.007, 40.64, 28.67);
insert into SHOT values (483, 476, 488, 1009, 3.900, 115.44, 24.90, 3.904, 115.41, 24.84, 0.006, 92.79, -19.96);
insert into SHOT values (484, 488, 489, 1009, 1.060, 358.44, 1.90, 1.061, 358.38, 2.16, 0.005, 308.87, 72.27);
insert into SHOT values (485, 488, 490, 1009, 1.700, 62.14, 2.50, 1.702, 61.93, 2.69, 0.009, 346.26, 41.61);
insert into SHOT values (486, 488, 491, 1009, 0.810, 96.64, 10.00, 0.807, 96.50, 9.99, 0.003, 314.21, -11.35);
insert into SHOT values (487, 488, 492, 1009, 1.550, 244.34, 12.50, 1.545, 244.45, 12.71, 0.008, 37.81, 34.36);
insert into SHOT values (488, 488, 493, 1009, 1.750, 282.34, 1.80, 1.753, 282.53, 1.96, 0.008, 348.05, 38.87);
insert into SHOT values (489, 488, 494, 1009, 1.930, 311.54, -3.60, 1.930, 311.63, -3.56, 0.003, 32.96, 21.00);
insert into SHOT values (490, 488, 495, 1009, 1.300, 339.44, 3.70, 1.307, 339.34, 3.95, 0.009, 319.99, 41.33);
insert into SHOT values (491, 488, 496, 1009, 4.660, 315.94, 84.70, 4.660, 315.94, 84.69, 0.001, 314.34, -4.66);
insert into SHOT values (492, 488, 497, 1009, 1.710, 99.44, -88.10, 1.711, 99.46, -87.96, 0.004, 99.73, -12.82);
insert into SHOT values (493, 488, 498, 1009, 3.990, 127.04, -78.70, 3.987, 127.16, -78.75, 0.005, 283.62, 32.53);
insert into SHOT values (494, 488, 499, 1009, 0.910, 29.74, -17.40, 0.914, 29.50, -17.18, 0.006, 352.47, 19.25);
insert into SHOT values (495, 499, 500, 1009, 7.190, 118.54, -62.40, 7.190, 118.49, -62.38, 0.004, 66.38, 23.73);
insert into SHOT values (496, 500, 501, 1009, 0.720, 15.44, 7.00, 0.712, 15.61, 7.26, 0.009, 181.87, 14.31);
insert into SHOT values (497, 500, 502, 1009, 1.660, 322.14, 2.10, 1.661, 322.09, 2.07, 0.002, 277.06, -22.89);
insert into SHOT values (498, 500, 503, 1009, 2.360, 289.04, 0.10, 2.359, 289.05, 0.00, 0.004, 90.17, -78.38);
insert into SHOT values (499, 500, 504, 1009, 1.580, 252.54, 2.50, 1.586, 252.37, 2.53, 0.008, 213.08, 7.98);
insert into SHOT values (500, 500, 505, 1009, 1.440, 183.44, -4.50, 1.447, 183.58, -4.36, 0.009, 208.36, 20.46);
insert into SHOT values (501, 500, 506, 1009, 1.820, 122.14, -5.30, 1.820, 122.37, -5.36, 0.008, 217.29, -14.39);
insert into SHOT values (502, 500, 507, 1009, 2.340, 92.44, -2.40, 2.334, 92.46, -2.46, 0.006, 266.50, -19.02);
insert into SHOT values (503, 500, 508, 1009, 0.680, 63.94, 4.20, 0.677, 64.57, 4.23, 0.008, 174.51, 1.43);
insert into SHOT values (504, 500, 509, 1009, 0.820, 24.04, 11.60, 0.813, 23.67, 11.35, 0.009, 243.85, -31.13);
insert into SHOT values (505, 500, 510, 1009, 5.290, 329.94, 83.80, 5.291, 329.38, 83.82, 0.006, 220.60, 9.05);
insert into SHOT values (506, 500, 511, 1009, 3.380, 167.34, -78.00, 3.384, 167.74, -77.96, 0.007, 222.58, -33.25);
insert into SHOT values (507, 500, 512, 1009, 3.000, 149.44, -59.20, 3.006, 149.61, -59.14, 0.008, 187.65, -23.22);
insert into SHOT values (508, 500, 513, 1009, 6.280, 124.54, -73.20, 6.277, 124.66, -73.23, 0.006, 261.23, 20.78);
insert into SHOT values (509, 513, 514, 1009, 1.130, 280.14, 8.10, 1.128, 279.80, 8.16, 0.007, 169.94, 6.27);
insert into SHOT values (510, 513, 515, 1009, 0.940, 262.94, 1.80, 0.938, 262.65, 1.83, 0.005, 152.10, 5.24);
insert into SHOT values (511, 513, 516, 1009, 1.050, 3.84, 8.90, 1.045, 3.89, 8.81, 0.006, 174.56, -25.85);
insert into SHOT values (512, 513, 517, 1009, 5.510, 52.74, -1.30, 5.512, 52.82, -1.35, 0.009, 131.10, -33.98);
insert into SHOT values (513, 513, 518, 1009, 0.840, 115.04, 4.00, 0.843, 115.35, 4.08, 0.006, 171.20, 14.68);
insert into SHOT values (514, 513, 519, 1009, 0.580, 163.84, 11.10, 0.583, 163.78, 10.87, 0.004, 154.07, -24.18);
insert into SHOT values (515, 513, 520, 1009, 2.140, 35.44, 16.00, 2.134, 35.47, 16.05, 0.007, 206.05, 1.18);
insert into SHOT values (516, 520, 521, 1009, 4.010, 44.44, 1.40, 4.010, 44.49, 1.29, 0.009, 124.38, -65.11);
insert into SHOT values (517, 520, 522, 1009, 0.380, 316.94, 14.90, 0.379, 317.20, 13.74, 0.008, 23.01, -76.68);
insert into SHOT values (518, 520, 523, 1009, 2.390, 237.44, 2.60, 2.385, 237.51, 2.64, 0.006, 25.88, 16.40);
insert into SHOT values (519, 520, 524, 1009, 1.260, 187.04, 8.10, 1.261, 186.90, 7.75, 0.008, 123.93, -64.77);
insert into SHOT values (520, 520, 525, 1009, 0.720, 134.44, 2.70, 0.722, 133.88, 2.38, 0.008, 61.24, -27.75);
insert into SHOT values (521, 520, 526, 1009, 1.550, 71.24, -1.10, 1.553, 71.21, -1.11, 0.003, 57.15, -4.52);
insert into SHOT values (522, 520, 527, 1009, 4.710, 58.64, -2.00, 4.711, 58.64, -2.07, 0.006, 36.67, -83.24);
insert into SHOT values (523, 520, 528, 1009, 4.980, 61.04, 70.50, 4.978, 60.98, 70.40, 0.009, 46.68, -30.09);
insert into SHOT values (524, 520, 529, 1009, 0.180, 228.04, -87.60, 0.180, 90.00, -90.00, 0.008, 48.04, -1.20);
insert into SHOT values (525, 520, 530, 1009, 4.700, 356.74, -85.90, 4.702, 358.32, -85.85, 0.010, 63.65, -11.30);
insert into SHOT values (526, 520, 531, 1009, 12.660, 52.54, -66.40, 12.663, 52.52, -66.36, 0.010, 41.43, 6.54);
insert into SHOT values (527, 520, 532, 1009, 8.820, 49.94, -37.70, 8.829, 49.99, -37.71, 0.011, 97.28, -36.21);
insert into SHOT values (528, 531, 533, 1009, 2.290, 176.14, -4.10, 2.291, 176.24, -4.25, 0.007, 254.20, -58.78);
insert into SHOT values (529, 531, 534, 1009, 3.670, 223.64, -0.60, 3.678, 223.68, -0.62, 0.009, 239.22, -10.52);
insert into SHOT values (530, 531, 535, 1009, 4.050, 247.74, -3.00, 4.060, 247.67, -3.11, 0.013, 220.40, -37.09);
insert into SHOT values (531, 531, 536, 1009, 3.140, 266.34, -4.90, 3.138, 266.33, -4.94, 0.003, 101.45, -39.19);
insert into SHOT values (532, 531, 537, 1009, 1.370, 295.14, -3.80, 1.373, 295.07, -4.18, 0.010, 252.50, -73.92);
insert into SHOT values (533, 531, 538, 1009, 0.690, 44.84, -5.20, 0.682, 45.00, -5.89, 0.011, 212.25, -41.13);
insert into SHOT values (534, 532, 539, 1009, 0.620, 45.04, -5.20, 0.617, 44.34, -4.65, 0.010, 298.26, 38.22);
insert into SHOT values (535, 532, 540, 1009, 1.500, 127.04, -7.20, 1.490, 127.02, -7.33, 0.010, 309.62, -11.12);
insert into SHOT values (536, 532, 541, 1009, 13.970, 213.14, 79.30, 13.973, 213.20, 79.30, 0.004, 312.92, 47.85);
insert into SHOT values (537, 532, 542, 1009, 1.700, 110.74, -4.10, 1.694, 110.79, -4.06, 0.006, 275.49, 15.01);
insert into SHOT values (538, 532, 543, 1009, 2.660, 155.04, 2.70, 2.661, 155.07, 2.80, 0.005, 226.58, 71.80);
insert into SHOT values (539, 532, 544, 1009, 2.460, 182.74, 5.20, 2.454, 182.82, 5.38, 0.010, 338.59, 42.85);
insert into SHOT values (540, 532, 545, 1009, 3.290, 195.04, -3.40, 3.290, 195.18, -3.31, 0.009, 282.35, 33.27);
insert into SHOT values (541, 532, 546, 1009, 6.640, 231.04, -2.40, 6.640, 231.06, -2.42, 0.003, 315.27, -49.56);
insert into SHOT values (542, 532, 547, 1009, 2.920, 264.14, -2.70, 2.927, 264.31, -2.55, 0.014, 312.12, 33.48);
insert into SHOT values (543, 532, 548, 1009, 2.720, 292.74, 2.60, 2.724, 292.70, 2.74, 0.008, 263.65, 58.28);
insert into SHOT values (544, 532, 549, 1009, 1.570, 194.14, 68.80, 1.576, 194.28, 68.89, 0.006, 293.00, 77.49);
insert into SHOT values (545, 532, 550, 1009, 1.140, 171.94, -84.30, 1.135, 174.81, -84.42, 0.008, 289.74, 34.98);
insert into SHOT values (546, 532, 551, 1009, 6.120, 12.54, -74.90, 6.122, 12.30, -74.88, 0.007, 301.13, -10.19);
insert into SHOT values (547, 532, 552, 1009, 14.720, 189.24, 65.00, 14.719, 189.25, 65.00, 0.001, 282.05, -45.69);
insert into SHOT values (548, 532, 553, 1009, 1.420, 99.44, -31.40, 1.416, 99.54, -31.52, 0.006, 258.42, -1.66);
insert into SHOT values (549, 553, 554, 1009, 0.550, 109.64, 6.50, 0.555, 109.09, 7.25, 0.010, 55.29, 50.01);
insert into SHOT values (550, 553, 555, 1009, 0.900, 356.24, 13.40, 0.907, 356.10, 13.39, 0.007, 337.62, 11.68);
insert into SHOT values (551, 553, 556, 1009, 0.780, 289.44, 7.20, 0.781, 289.60, 7.35, 0.003, 353.40, 42.68);
insert into SHOT values (552, 553, 557, 1009, 1.360, 145.24, -3.00, 1.358, 144.90, -2.95, 0.008, 44.58, 8.21);
insert into SHOT values (553, 553, 558, 1009, 0.550, 106.54, 1.70, 0.551, 105.80, 2.08, 0.008, 24.65, 27.13);
insert into SHOT values (554, 553, 559, 1009, 0.590, 346.14, 6.10, 0.591, 346.20, 6.80, 0.007, 50.72, 84.87);
insert into SHOT values (555, 553, 560, 1009, 0.960, 163.44, 74.50, 0.963, 163.74, 74.95, 0.008, 332.25, 36.35);
insert into SHOT values (556, 553, 561, 1009, 0.860, 257.64, -80.80, 0.860, 261.25, -81.20, 0.010, 24.58, -5.85);
insert into SHOT values (557, 553, 562, 1009, 4.220, 51.04, -11.50, 4.223, 51.08, -11.47, 0.005, 90.28, 17.06);
insert into SHOT values (558, 562, 563, 1009, 0.830, 177.14, -2.30, 0.822, 177.21, -2.09, 0.009, 350.82, 21.48);
insert into SHOT values (559, 562, 564, 1009, 0.550, 344.24, -6.50, 0.554, 344.20, -6.22, 0.005, 338.54, 27.34);
insert into SHOT values (560, 562, 565, 1009, 0.810, 268.84, 8.70, 0.809, 269.28, 8.53, 0.007, 4.79, -22.15);
insert into SHOT values (561, 562, 566, 1009, 0.990, 201.24, -3.30, 0.990, 201.37, -3.48, 0.004, 302.37, -53.26);
insert into SHOT values (562, 562, 567, 1009, 0.950, 113.04, -4.50, 0.948, 113.04, -4.23, 0.005, 294.90, 69.87);
insert into SHOT values (563, 562, 568, 1009, 0.850, 74.74, 5.80, 0.847, 74.15, 6.10, 0.010, 321.95, 23.40);
insert into SHOT values (564, 562, 569, 1009, 0.620, 159.34, 72.00, 0.617, 160.56, 73.01, 0.012, 320.70, 1.65);
insert into SHOT values (565, 562, 570, 1009, 0.920, 335.04, -81.50, 0.921, 335.22, -81.06, 0.007, 338.66, -0.84);
insert into SHOT values (566, 562, 571, 1009, 2.490, 95.54, -25.70, 2.487, 95.38, -25.74, 0.007, 334.57, -1.46);
insert into SHOT values (567, 571, 572, 1009, 1.400, 119.94, -6.60, 1.407, 120.05, -6.53, 0.008, 139.99, 6.82);
insert into SHOT values (568, 571, 573, 1009, 1.010, 224.04, 4.10, 1.014, 223.80, 3.96, 0.006, 176.58, -20.69);
insert into SHOT values (569, 571, 574, 1009, 2.450, 187.74, 2.50, 2.455, 187.73, 2.57, 0.006, 182.94, 33.95);
insert into SHOT values (570, 571, 575, 1009, 2.360, 178.44, -3.60, 2.366, 178.54, -3.64, 0.007, 215.96, -14.88);
insert into SHOT values (571, 571, 576, 1009, 2.210, 137.24, -75.10, 2.206, 137.12, -74.94, 0.008, 123.26, 48.51);
insert into SHOT values (572, 571, 577, 1009, 1.030, 179.14, 65.30, 1.034, 178.67, 65.41, 0.006, 84.31, 49.82);
insert into SHOT values (573, 571, 578, 1009, 2.070, 184.54, -24.80, 2.077, 184.56, -24.76, 0.007, 189.77, -14.10);
insert into SHOT values (574, 578, 579, 1009, 1.360, 76.04, -2.20, 1.362, 75.96, -2.10, 0.003, 26.98, 41.65);
insert into SHOT values (575, 578, 580, 1009, 3.180, 50.44, -2.30, 3.184, 50.36, -2.16, 0.010, 2.07, 49.73);
insert into SHOT values (576, 578, 581, 1009, 1.990, 26.24, 2.70, 1.997, 26.18, 2.87, 0.010, 8.42, 41.12);
insert into SHOT values (577, 578, 582, 1009, 1.740, 5.84, 2.90, 1.742, 5.94, 2.96, 0.004, 67.94, 30.48);
insert into SHOT values (578, 578, 583, 1009, 1.800, 28.44, 47.60, 1.803, 28.46, 47.54, 0.003, 34.78, 13.06);
insert into SHOT values (579, 578, 584, 1009, 1.800, 71.94, -79.70, 1.800, 72.12, -79.57, 0.004, 86.59, 13.89);
insert into SHOT values (580, 578, 585, 1009, 10.560, 88.24, 77.10, 10.567, 88.06, 77.09, 0.011, 24.97, 37.50);
insert into SHOT values (581, 578, 586, 1009, 5.590, 75.24, -25.40, 5.585, 75.19, -25.34, 0.009, 320.50, 58.04);
insert into SHOT values (582, 586, 587, 1009, 7.730, 75.24, -25.30, 7.734, 75.25, -25.34, 0.007, 94.68, -73.14);
insert into SHOT values (583, 586, 588, 1009, 5.580, 75.34, -25.50, 5.591, 75.30, -25.53, 0.012, 53.18, -39.68);
insert into SHOT values (584, 586, 589, 1009, 1.610, 48.54, 6.30, 1.610, 48.54, 6.06, 0.007, 52.44, -82.74);
insert into SHOT values (585, 586, 590, 1009, 2.450, 108.44, 0.20, 2.454, 108.29, 0.00, 0.012, 49.07, -47.87);
insert into SHOT values (586, 586, 591, 1009, 2.340, 155.94, -1.10, 2.346, 155.84, -1.22, 0.009, 120.19, -34.97);
insert into SHOT values (587, 586, 592, 1009, 4.410, 194.44, -0.70, 4.410, 194.45, -0.78, 0.006, 330.70, -86.63);
insert into SHOT values (588, 586, 593, 1009, 3.340, 229.14, 1.30, 3.333, 229.14, 1.20, 0.009, 51.55, -39.29);
insert into SHOT values (589, 586, 594, 1009, 2.980, 272.34, 0.30, 2.972, 272.31, 0.19, 0.010, 103.62, -36.10);
insert into SHOT values (590, 586, 595, 1009, 2.140, 302.04, 8.50, 2.134, 302.03, 8.35, 0.008, 125.67, -51.68);
insert into SHOT values (591, 586, 596, 1009, 1.550, 297.84, 7.20, 1.551, 297.90, 7.04, 0.005, 352.17, -67.08);
insert into SHOT values (592, 586, 597, 1009, 9.630, 199.54, 85.20, 9.624, 199.56, 85.19, 0.006, 216.49, -83.12);
insert into SHOT values (593, 586, 598, 1009, 1.030, 147.84, -69.50, 1.035, 146.31, -69.61, 0.011, 56.14, -28.45);
insert into SHOT values (594, 586, 599, 1009, 5.570, 68.24, 65.80, 5.574, 68.24, 65.70, 0.010, 68.76, -2.89);
insert into SHOT values (595, 586, 600, 1009, 11.290, 239.54, 81.00, 11.288, 239.65, 81.02, 0.006, 24.83, -9.82);
insert into SHOT values (596, 586, 601, 1009, 7.570, 167.94, -28.00, 7.577, 167.92, -28.03, 0.008, 132.97, -49.60);
insert into SHOT values (597, 601, 602, 1009, 2.320, 329.94, 2.00, 2.322, 330.01, 1.97, 0.004, 22.09, -15.62);
insert into SHOT values (598, 601, 603, 1009, 1.360, 29.44, 5.50, 1.363, 29.59, 5.47, 0.005, 76.46, -4.26);
insert into SHOT values (599, 601, 604, 1009, 0.880, 89.94, 3.90, 0.882, 89.35, 3.90, 0.009, 12.60, 0.90);
insert into SHOT values (600, 601, 605, 1009, 1.380, 154.74, 4.20, 1.377, 154.55, 4.17, 0.006, 30.29, -11.06);
insert into SHOT values (601, 601, 606, 1009, 1.520, 307.14, 72.30, 1.522, 307.12, 72.26, 0.003, 300.77, 46.03);
insert into SHOT values (602, 601, 607, 1009, 1.350, 70.34, -83.50, 1.349, 66.80, -83.52, 0.010, 335.48, 7.97);
insert into SHOT values (603, 601, 608, 1009, 4.460, 130.54, -35.40, 4.455, 130.53, -35.39, 0.005, 319.31, 41.24);
insert into SHOT values (604, 608, 609, 1009, 0.590, 17.04, 10.00, 0.594, 16.89, 9.70, 0.005, 356.26, -28.65);
insert into SHOT values (605, 608, 610, 1009, 0.860, 317.04, 7.10, 0.862, 317.37, 6.66, 0.008, 16.00, -48.13);
insert into SHOT values (606, 608, 611, 1009, 0.940, 231.14, 0.60, 0.939, 231.05, 0.61, 0.002, 98.54, 4.54);
insert into SHOT values (607, 608, 612, 1009, 0.660, 181.34, 11.20, 0.663, 180.88, 11.31, 0.006, 117.98, 17.14);
insert into SHOT values (608, 608, 613, 1009, 0.650, 142.74, -5.40, 0.651, 141.89, -5.29, 0.010, 58.47, 6.90);
insert into SHOT values (609, 608, 614, 1009, 1.400, 205.34, 84.90, 1.395, 204.44, 85.03, 0.006, 52.87, -47.39);
insert into SHOT values (610, 608, 615, 1009, 1.050, 88.84, -83.30, 1.048, 90.00, -82.87, 0.008, 108.21, 19.66);
insert into SHOT values (611, 608, 616, 1009, 4.250, 158.04, -39.30, 4.249, 158.04, -39.28, 0.002, 45.00, 78.91);
insert into SHOT values (612, 616, 617, 1009, 1.330, 18.04, 6.10, 1.332, 18.02, 6.03, 0.003, 8.81, -27.18);
insert into SHOT values (613, 616, 618, 1009, 0.700, 114.04, 0.70, 0.699, 113.63, 0.82, 0.005, 8.56, 15.48);
insert into SHOT values (614, 616, 619, 1009, 6.130, 123.34, -7.60, 6.133, 123.32, -7.59, 0.004, 93.87, 10.35);
insert into SHOT values (615, 616, 620, 1009, 3.950, 80.64, -1.00, 3.953, 80.68, -1.01, 0.004, 124.10, -15.59);
insert into SHOT values (616, 616, 621, 1009, 1.900, 46.24, 1.70, 1.896, 46.28, 1.51, 0.007, 206.36, -58.68);
insert into SHOT values (617, 616, 622, 1009, 1.000, 23.54, 3.80, 1.005, 23.50, 3.42, 0.008, 15.39, -49.03);
insert into SHOT values (618, 616, 623, 1009, 13.800, 133.84, 77.70, 13.797, 133.90, 77.69, 0.005, 185.14, -41.44);
insert into SHOT values (619, 616, 624, 1009, 1.640, 114.34, -81.10, 1.639, 113.50, -81.20, 0.005, 345.71, 3.08);
insert into SHOT values (620, 616, 625, 1009, 4.760, 108.94, -30.50, 4.762, 108.92, -30.54, 0.004, 28.62, -68.94);
insert into SHOT values (621, 625, 626, 1009, 5.730, 202.84, -6.20, 5.730, 202.83, -6.21, 0.002, 100.88, -39.43);
insert into SHOT values (622, 625, 627, 1009, 2.750, 232.04, -1.70, 2.744, 231.96, -1.67, 0.008, 84.48, 12.12);
insert into SHOT values (623, 625, 628, 1009, 3.150, 147.54, -1.90, 3.153, 147.57, -1.82, 0.006, 173.25, 51.41);
insert into SHOT values (624, 625, 629, 1009, 0.540, 20.14, 12.60, 0.536, 20.17, 12.95, 0.005, 197.22, 23.83);
insert into SHOT values (625, 625, 630, 1009, 3.390, 325.54, 24.20, 3.391, 325.54, 24.20, 0.001, 309.16, 28.18);
insert into SHOT values (626, 625, 631, 1009, 13.670, 210.94, 76.10, 13.671, 210.93, 76.09, 0.004, 203.16, 4.67);
insert into SHOT values (627, 625, 632, 1009, 1.410, 235.64, -72.50, 1.406, 235.56, -72.43, 0.005, 178.20, 81.39);
insert into SHOT values (628, 625, 633, 1009, 5.760, 209.44, -15.90, 5.756, 209.44, -15.93, 0.006, 35.90, -21.16);
insert into SHOT values (629, 625, 634, 1009, 6.340, 186.84, -42.40, 6.338, 186.87, -42.36, 0.006, 234.87, 62.18);
insert into SHOT values (630, 634, 635, 1009, 1.510, 235.04, 3.40, 1.504, 235.04, 3.43, 0.007, 55.84, 3.93);
insert into SHOT values (631, 634, 636, 1009, 1.930, 194.74, 2.00, 1.924, 194.76, 1.79, 0.009, 9.02, -53.76);
insert into SHOT values (632, 634, 637, 1009, 2.030, 76.94, 8.70, 2.033, 77.07, 8.48, 0.009, 122.60, -48.62);
insert into SHOT values (633, 634, 638, 1009, 4.250, 21.84, 35.40, 4.253, 21.83, 35.34, 0.005, 13.70, -23.18);
insert into SHOT values (634, 634, 639, 1009, 5.760, 289.84, 34.80, 5.750, 289.93, 34.78, 0.012, 63.36, -35.98);
insert into SHOT values (635, 634, 640, 1009, 10.360, 139.84, -5.80, 10.364, 139.84, -5.81, 0.005, 129.72, -36.65);
insert into SHOT values (636, 634, 641, 1009, 14.440, 159.04, 78.00, 14.435, 158.91, 78.00, 0.008, 59.52, -31.83);
insert into SHOT values (637, 634, 642, 1009, 1.360, 121.24, -81.40, 1.366, 119.05, -81.33, 0.010, 48.18, -32.78);
insert into SHOT values (638, 634, 643, 1009, 14.120, 148.24, -34.80, 14.125, 148.21, -34.79, 0.008, 99.55, -11.35);
insert into SHOT values (639, 643, 644, 1009, 4.800, 232.04, 4.10, 4.801, 232.13, 4.06, 0.008, 313.64, -24.63);
insert into SHOT values (640, 643, 645, 1009, 8.410, 181.14, 5.60, 8.412, 181.16, 5.59, 0.004, 239.69, -10.66);
insert into SHOT values (641, 643, 646, 1009, 8.010, 291.34, 17.90, 8.012, 291.38, 17.88, 0.006, 355.53, -18.01);
insert into SHOT values (642, 643, 647, 1009, 5.250, 348.34, 19.40, 5.249, 348.35, 19.36, 0.004, 68.88, -80.94);
insert into SHOT values (643, 643, 648, 1009, 8.750, 331.54, 32.00, 8.753, 331.54, 31.94, 0.010, 326.12, -42.43);
insert into SHOT values (644, 643, 649, 1009, 2.910, 46.24, 9.10, 2.908, 46.13, 9.10, 0.006, 297.21, -2.28);
insert into SHOT values (645, 643, 650, 1009, 3.740, 107.14, 7.70, 3.738, 107.11, 7.69, 0.003, 326.35, -20.75);
insert into SHOT values (646, 643, 651, 1009, 8.360, 141.54, 7.80, 8.354, 141.52, 7.77, 0.008, 348.16, -37.18);
insert into SHOT values (647, 643, 652, 1009, 9.860, 177.04, -2.30, 9.861, 177.03, -2.32, 0.005, 121.79, -64.85);
insert into SHOT values (648, 643, 653, 1009, 15.240, 178.74, 81.40, 15.242, 178.74, 81.39, 0.002, 180.16, 39.69);
insert into SHOT values (649, 643, 654, 1009, 10.520, 225.64, 65.60, 10.521, 225.65, 65.58, 0.003, 238.51, -6.96);
insert into SHOT values (650, 643, 655, 1009, 8.120, 168.24, -8.40, 8.115, 168.28, -8.43, 0.009, 302.52, -25.15);
insert into SHOT values (651, 655, 656, 1009, 4.470, 77.94, 41.30, 4.474, 77.99, 41.25, 0.006, 104.04, -1.94);
insert into SHOT values (652, 655, 657, 1009, 7.350, 31.34, 21.00, 7.349, 31.35, 20.97, 0.004, 121.44, -77.04);
insert into SHOT values (653, 655, 658, 1009, 3.220, 181.14, -0.10, 3.221, 181.07, 0.00, 0.007, 98.70, 52.81);
insert into SHOT values (654, 655, 659, 1009, 9.260, 155.64, -2.20, 9.262, 155.62, -2.17, 0.007, 96.66, 55.36);
insert into SHOT values (655, 655, 660, 1009, 3.180, 294.44, 8.70, 3.178, 294.44, 8.69, 0.002, 112.28, -29.01);
insert into SHOT values (656, 655, 661, 1009, 12.600, 112.34, 81.40, 12.603, 112.36, 81.36, 0.008, 117.18, 11.49);
insert into SHOT values (657, 655, 662, 1009, 10.110, 168.24, -8.00, 10.109, 168.24, -8.02, 0.003, 358.89, -62.18);
insert into SHOT values (658, 643, 663, 1009, 5.120, 217.44, -1.00, 5.121, 217.54, -1.01, 0.009, 300.17, -4.14);
insert into CENTRELINE values (1010, 1006, NULL, '2024-07-17', '2024-01-01', 134.08, 0.00, 0.00);
 insert into TOPO values (8, 1010);
 insert into TOPO values (19, 1010);
 insert into TOPO values (20, 1010);
 insert into EXPLO values (3, 1010);
 insert into EXPLO values (21, 1010);
 insert into SHOT values (659, 663, 664, 1010, 2.960, 161.54, 12.60, 2.960, 161.44, 12.49, 0.008, 88.70, -46.26);
insert into SHOT values (660, 663, 665, 1010, 15.230, 128.54, 20.10, 15.230, 128.53, 20.08, 0.006, 62.03, -44.68);
insert into SHOT values (661, 663, 666, 1010, 7.330, 95.74, 17.80, 7.336, 95.75, 17.78, 0.006, 105.27, -6.93);
insert into SHOT values (662, 663, 667, 1010, 6.490, 25.54, 25.50, 6.486, 25.60, 25.48, 0.008, 141.41, -30.89);
insert into SHOT values (663, 663, 668, 1010, 8.150, 10.44, 12.30, 8.149, 10.49, 12.26, 0.009, 98.71, -42.64);
insert into SHOT values (664, 663, 669, 1010, 4.540, 324.34, 20.40, 4.541, 324.37, 20.36, 0.004, 11.75, -44.50);
insert into SHOT values (665, 663, 670, 1010, 12.720, 143.34, 88.40, 12.715, 142.82, 88.36, 0.011, 122.54, -28.10);
insert into SHOT values (666, 663, 671, 1010, 2.120, 180.04, -87.70, 2.122, 180.00, -87.57, 0.005, 179.26, -19.14);
insert into SHOT values (667, 663, 672, 1010, 9.890, 161.44, -87.90, 9.897, 161.08, -87.86, 0.010, 144.06, -39.88);
insert into SHOT values (668, 672, 673, 1010, 2.760, 211.44, 4.00, 2.755, 211.61, 4.16, 0.012, 337.34, 37.51);
insert into SHOT values (669, 672, 674, 1010, 4.430, 173.54, 4.30, 4.422, 173.49, 4.41, 0.013, 18.71, 38.00);
insert into SHOT values (670, 672, 675, 1010, 0.660, 145.24, 7.30, 0.653, 145.08, 7.93, 0.010, 337.73, 35.90);
insert into SHOT values (671, 672, 676, 1010, 0.930, 60.24, 8.50, 0.933, 60.10, 8.63, 0.005, 23.24, 33.74);
insert into SHOT values (672, 672, 677, 1010, 2.810, 6.04, 8.60, 2.817, 5.98, 8.58, 0.007, 340.44, -1.49);
insert into SHOT values (673, 672, 678, 1010, 4.430, 327.04, 6.20, 4.436, 327.03, 6.21, 0.006, 318.14, 14.15);
insert into SHOT values (674, 672, 679, 1010, 4.800, 321.54, 3.40, 4.806, 321.60, 3.46, 0.009, 359.94, 34.17);
insert into SHOT values (675, 672, 680, 1010, 2.330, 287.54, 2.80, 2.334, 287.74, 2.95, 0.011, 353.18, 35.75);
insert into SHOT values (676, 672, 681, 1010, 5.110, 293.74, 18.80, 5.114, 293.76, 18.82, 0.004, 318.17, 46.26);
insert into SHOT values (677, 672, 682, 1010, 8.910, 69.64, 89.10, 8.911, 68.96, 89.10, 0.002, 317.35, 31.58);
insert into SHOT values (678, 672, 683, 1010, 16.130, 180.94, -80.90, 16.123, 180.90, -80.90, 0.007, 69.48, 73.10);
insert into SHOT values (679, 672, 684, 1010, 16.220, 294.84, -85.00, 16.212, 295.11, -85.00, 0.011, 25.14, 50.99);
insert into SHOT values (680, 684, 685, 1010, 1.700, 256.44, -2.50, 1.700, 256.37, -2.70, 0.006, 150.56, -69.74);
insert into SHOT values (681, 684, 686, 1010, 2.650, 315.04, -1.00, 2.645, 315.00, -1.08, 0.007, 156.65, -34.80);
insert into SHOT values (682, 684, 687, 1010, 4.910, 344.84, -3.30, 4.909, 344.86, -3.39, 0.008, 128.92, -73.85);
insert into SHOT values (683, 684, 688, 1010, 3.460, 19.64, -0.50, 3.460, 19.59, -0.50, 0.003, 295.73, 3.26);
insert into SHOT values (684, 684, 689, 1010, 2.940, 59.14, 0.70, 2.938, 59.07, 0.59, 0.007, 301.01, -54.21);
insert into SHOT values (685, 684, 690, 1010, 2.230, 104.54, -0.50, 2.232, 104.53, -0.51, 0.002, 91.92, -19.39);
insert into SHOT values (686, 684, 691, 1010, 1.870, 133.84, -3.00, 1.863, 133.91, -3.08, 0.008, 297.31, -15.41);
insert into SHOT values (687, 684, 692, 1010, 2.220, 155.64, 10.70, 2.222, 155.66, 10.63, 0.004, 172.82, -38.11);
insert into SHOT values (688, 684, 693, 1010, 10.070, 160.54, 30.90, 10.072, 160.54, 30.88, 0.004, 146.78, -22.56);
insert into SHOT values (689, 684, 694, 1010, 2.960, 198.74, 20.10, 2.958, 198.89, 19.97, 0.010, 288.73, -45.18);
insert into SHOT values (690, 684, 695, 1010, 1.750, 232.04, 8.00, 1.755, 232.01, 7.86, 0.007, 221.25, -33.05);
insert into SHOT values (691, 684, 696, 1010, 0.780, 328.64, -56.90, 0.783, 328.57, -57.41, 0.008, 156.15, -58.11);
insert into SHOT values (692, 684, 697, 1010, 13.950, 288.04, 81.60, 13.950, 287.99, 81.59, 0.003, 243.21, -7.53);
insert into SHOT values (693, 684, 698, 1010, 5.140, 326.54, 1.80, 5.139, 326.43, 1.78, 0.010, 231.08, -8.38);
insert into SHOT values (694, 698, 699, 1010, 1.520, 75.54, -4.70, 1.524, 75.51, -4.89, 0.007, 59.63, -56.80);
insert into SHOT values (695, 698, 700, 1010, 0.480, 264.54, -14.40, 0.477, 265.03, -14.57, 0.005, 33.73, -7.08);
insert into SHOT values (696, 698, 701, 1010, 5.290, 307.74, -67.40, 5.295, 308.00, -67.45, 0.011, 53.45, -33.45);
insert into SHOT values (697, 684, 702, 1010, 11.130, 162.04, 32.80, 11.129, 162.07, 32.81, 0.004, 267.16, 10.32);
insert into SHOT values (698, 702, 703, 1010, 2.100, 39.54, -1.40, 2.103, 39.60, -1.63, 0.009, 72.52, -67.60);
insert into SHOT values (699, 702, 704, 1010, 4.550, 0.24, -0.40, 4.550, 0.25, -0.50, 0.008, 77.73, -85.04);
insert into SHOT values (700, 702, 705, 1010, 15.440, 342.34, 0.10, 15.437, 342.35, 0.07, 0.008, 128.99, -59.30);
insert into SHOT values (701, 702, 706, 1010, 4.390, 321.44, 4.80, 4.391, 321.40, 4.70, 0.008, 255.05, -64.77);
insert into SHOT values (702, 702, 707, 1010, 1.000, 330.94, 6.90, 1.001, 331.11, 6.89, 0.003, 44.57, -2.54);
insert into SHOT values (703, 702, 708, 1010, 3.240, 132.44, 20.10, 3.240, 132.34, 20.04, 0.007, 54.23, -30.99);
insert into SHOT values (704, 702, 709, 1010, 0.810, 260.74, 5.80, 0.805, 260.66, 5.71, 0.006, 93.94, -19.06);
insert into SHOT values (705, 702, 710, 1010, 1.380, 115.64, -81.60, 1.385, 116.57, -81.64, 0.006, 212.24, -55.84);
insert into SHOT values (706, 702, 711, 1010, 14.410, 0.34, 84.60, 14.403, 0.42, 84.62, 0.009, 162.81, -43.56);
insert into SHOT values (707, 702, 712, 1010, 8.860, 140.74, 42.50, 8.860, 140.71, 42.45, 0.009, 107.01, -40.65);
insert into SHOT values (708, 712, 713, 1010, 6.440, 317.44, -2.40, 6.446, 317.39, -2.40, 0.008, 272.90, -2.21);
insert into SHOT values (709, 712, 714, 1010, 0.670, 32.84, 5.50, 0.669, 32.74, 6.00, 0.006, 259.47, 73.40);
insert into SHOT values (710, 712, 715, 1010, 0.580, 169.24, 10.40, 0.579, 169.88, 10.94, 0.008, 273.95, 39.23);
insert into SHOT values (711, 712, 716, 1010, 1.670, 223.84, 5.80, 1.678, 224.03, 5.82, 0.009, 259.49, 7.58);
insert into SHOT values (712, 712, 717, 1010, 1.630, 234.34, 9.30, 1.633, 234.34, 9.16, 0.005, 232.35, -42.04);
insert into SHOT values (713, 712, 718, 1010, 2.410, 277.54, 1.00, 2.412, 277.63, 0.95, 0.004, 341.69, -27.97);
insert into SHOT values (714, 712, 719, 1010, 4.970, 306.34, 1.80, 4.975, 306.25, 1.84, 0.010, 246.12, 22.17);
insert into SHOT values (715, 712, 720, 1010, 7.490, 283.44, 87.30, 7.489, 282.88, 87.25, 0.007, 253.51, -13.29);
insert into SHOT values (716, 712, 721, 1010, 1.500, 236.34, -72.40, 1.501, 236.66, -72.35, 0.003, 298.95, -4.33);
insert into SHOT values (717, 712, 722, 1010, 1.940, 218.34, -11.50, 1.940, 218.38, -11.60, 0.003, 327.57, -69.54);
insert into SHOT values (718, 722, 723, 1010, 1.180, 69.54, 3.70, 1.177, 69.56, 3.90, 0.005, 244.64, 46.71);
insert into SHOT values (719, 722, 724, 1010, 1.700, 139.34, -3.00, 1.697, 139.55, -2.70, 0.011, 250.89, 54.35);
insert into SHOT values (720, 722, 725, 1010, 6.400, 152.74, -5.20, 6.399, 152.83, -5.20, 0.010, 245.76, 0.28);
insert into SHOT values (721, 722, 726, 1010, 0.590, 199.04, -6.60, 0.588, 199.98, -5.85, 0.012, 294.60, 39.00);
insert into SHOT values (722, 722, 727, 1010, 1.500, 312.14, -2.40, 1.509, 312.04, -2.28, 0.010, 296.68, 16.00);
insert into SHOT values (723, 722, 728, 1010, 8.160, 111.34, 78.60, 8.161, 111.47, 78.61, 0.004, 217.21, 14.74);
insert into SHOT values (724, 722, 729, 1010, 1.460, 260.74, -76.30, 1.454, 260.27, -75.86, 0.013, 243.35, 40.94);
insert into SHOT values (725, 722, 730, 1010, 6.010, 164.34, -35.30, 6.005, 164.38, -35.30, 0.006, 308.60, 31.42);
insert into SHOT values (726, 730, 731, 1010, 0.740, 56.84, -4.50, 0.740, 57.17, -4.65, 0.005, 145.44, -24.64);
insert into SHOT values (727, 730, 732, 1010, 0.310, 246.74, 6.30, 0.307, 246.80, 7.48, 0.007, 61.67, 59.59);
insert into SHOT values (728, 730, 733, 1010, 1.310, 166.14, -4.80, 1.312, 166.28, -4.81, 0.004, 225.62, -5.90);
insert into SHOT values (729, 730, 734, 1010, 0.610, 25.34, 2.70, 0.609, 25.30, 2.82, 0.002, 229.99, 50.01);
insert into SHOT values (730, 730, 735, 1010, 3.710, 94.84, 71.70, 3.708, 94.93, 71.70, 0.003, 204.53, -52.56);
insert into SHOT values (731, 730, 736, 1010, 0.790, 337.44, -54.10, 0.786, 336.80, -54.47, 0.008, 196.46, -0.47);
insert into SHOT values (732, 730, 737, 1010, 2.170, 295.94, -82.90, 2.166, 294.62, -83.00, 0.008, 170.81, 24.33);
insert into SHOT values (733, 737, 738, 1010, 0.420, 253.44, 12.00, 0.424, 254.62, 12.24, 0.010, 318.70, 15.88);
insert into SHOT values (734, 737, 739, 1010, 0.320, 105.34, -1.30, 0.320, 104.47, -1.79, 0.006, 17.71, -29.31);
insert into SHOT values (735, 737, 740, 1010, 0.760, 199.84, 6.90, 0.761, 200.11, 6.79, 0.004, 265.56, -18.48);
insert into SHOT values (736, 737, 741, 1010, 0.530, 341.54, -19.00, 0.534, 341.57, -18.57, 0.005, 343.84, 27.78);
insert into SHOT values (737, 737, 742, 1010, 4.160, 184.04, -33.30, 4.157, 184.13, -33.43, 0.011, 329.70, -32.23);
insert into SHOT values (738, 742, 743, 1010, 0.380, 62.74, -3.30, 0.381, 63.43, -3.01, 0.005, 143.66, 21.96);
insert into SHOT values (739, 742, 744, 1010, 1.270, 139.04, -0.30, 1.276, 138.81, 0.00, 0.010, 96.85, 41.22);
insert into SHOT values (740, 742, 745, 1010, 1.530, 331.14, 13.50, 1.524, 331.36, 13.66, 0.009, 110.47, 18.30);
insert into SHOT values (741, 742, 746, 1010, 0.780, 142.94, 78.90, 0.784, 143.13, 78.98, 0.005, 251.87, 83.57);
insert into SHOT values (742, 742, 747, 1010, 0.960, 224.24, -75.80, 0.959, 223.26, -75.91, 0.005, 106.73, 8.44);
insert into SHOT values (743, 742, 748, 1010, 3.710, 161.34, -23.60, 3.716, 161.35, -23.47, 0.011, 164.80, 29.73);
insert into SHOT values (744, 748, 749, 1010, 0.360, 255.04, 6.60, 0.354, 255.17, 6.49, 0.006, 67.32, -13.01);
insert into SHOT values (745, 748, 750, 1010, 0.430, 97.24, 15.10, 0.427, 96.95, 14.91, 0.004, 321.84, -34.10);
insert into SHOT values (746, 748, 751, 1010, 0.680, 177.84, 9.10, 0.680, 177.44, 9.31, 0.005, 78.46, 26.94);
insert into SHOT values (747, 748, 752, 1010, 0.520, 292.94, -6.10, 0.527, 293.63, -6.53, 0.010, 335.50, -27.07);
insert into SHOT values (748, 748, 753, 1010, 1.290, 238.74, -75.40, 1.291, 240.26, -75.53, 0.009, 346.90, -10.47);
insert into SHOT values (749, 748, 754, 1010, 3.450, 77.54, 80.50, 3.448, 76.93, 80.40, 0.009, 29.09, -18.11);
insert into SHOT values (750, 748, 755, 1010, 3.240, 173.14, -20.00, 3.238, 173.20, -20.05, 0.005, 308.95, -22.41);
insert into SHOT values (751, 755, 756, 1010, 0.560, 60.84, 0.70, 0.560, 61.14, 1.02, 0.004, 160.53, 46.62);
insert into SHOT values (752, 755, 757, 1010, 0.270, 258.04, 12.00, 0.262, 258.69, 13.24, 0.010, 60.60, 21.91);
insert into SHOT values (753, 755, 758, 1010, 0.860, 141.24, 1.80, 0.861, 141.13, 2.00, 0.004, 80.85, 57.34);
insert into SHOT values (754, 755, 759, 1010, 2.150, 75.84, 71.60, 2.151, 75.56, 71.53, 0.004, 26.07, -1.07);
insert into SHOT values (755, 755, 760, 1010, 0.760, 205.74, -86.10, 0.761, 206.57, -86.63, 0.007, 20.49, -14.10);
insert into SHOT values (756, 755, 761, 1010, 2.670, 158.34, -13.50, 2.667, 158.28, -13.44, 0.005, 32.23, 43.31);
insert into SHOT values (757, 761, 762, 1010, 0.550, 254.74, 0.40, 0.551, 254.20, 0.00, 0.007, 173.48, -35.89);
insert into SHOT values (758, 761, 763, 1010, 0.380, 71.44, 2.80, 0.380, 71.57, 3.02, 0.002, 166.67, 60.55);
insert into SHOT values (759, 761, 764, 1010, 2.920, 169.04, 1.10, 2.925, 168.96, 0.98, 0.009, 126.42, -43.73);
insert into SHOT values (760, 761, 765, 1010, 2.180, 222.04, -74.30, 2.181, 221.55, -74.36, 0.006, 110.69, -13.85);
insert into SHOT values (761, 761, 766, 1010, 2.030, 97.64, 75.20, 2.029, 97.67, 75.01, 0.007, 99.67, -23.36);
insert into SHOT values (762, 761, 767, 1010, 2.380, 182.54, -24.20, 2.383, 182.37, -24.29, 0.008, 101.55, -34.19);
insert into SHOT values (763, 767, 768, 1010, 0.650, 73.34, -10.60, 0.647, 73.56, -10.68, 0.004, 213.78, -6.52);
insert into SHOT values (764, 767, 769, 1010, 0.300, 229.84, 12.50, 0.306, 230.44, 13.21, 0.008, 259.67, 39.03);
insert into SHOT values (765, 767, 770, 1010, 2.510, 351.84, 9.10, 2.508, 351.64, 9.18, 0.009, 248.23, 18.58);
insert into SHOT values (766, 767, 771, 1010, 1.610, 166.74, -2.00, 1.614, 166.74, -1.78, 0.007, 165.16, 57.17);
insert into SHOT values (767, 767, 772, 1010, 1.610, 315.34, -67.40, 1.605, 315.00, -67.20, 0.008, 268.78, 51.14);
insert into SHOT values (768, 767, 773, 1010, 2.420, 48.34, 70.40, 2.419, 48.01, 70.50, 0.007, 273.74, 1.94);
insert into SHOT values (769, 767, 774, 1010, 4.700, 248.74, -71.40, 4.696, 248.91, -71.37, 0.006, 320.53, 44.83);
insert into SHOT values (770, 767, 775, 1010, 4.900, 229.64, -70.00, 4.895, 229.84, -69.99, 0.007, 330.77, 36.90);
insert into SHOT values (771, 775, 776, 1010, 0.460, 79.34, 2.00, 0.457, 79.92, 1.25, 0.008, 199.65, -48.66);
insert into SHOT values (772, 775, 777, 1010, 0.350, 254.04, 16.70, 0.350, 252.65, 16.61, 0.008, 163.51, -4.03);
insert into SHOT values (773, 775, 778, 1010, 1.350, 181.14, 6.50, 1.359, 181.27, 6.34, 0.010, 199.92, -16.53);
insert into SHOT values (774, 775, 779, 1010, 1.280, 150.44, 3.20, 1.287, 150.64, 3.12, 0.008, 182.92, -9.90);
insert into SHOT values (775, 775, 780, 1010, 3.470, 164.84, 1.30, 3.472, 164.80, 1.32, 0.004, 118.02, 20.86);
insert into SHOT values (776, 775, 781, 1010, 2.780, 349.24, 0.10, 2.779, 349.22, 0.00, 0.005, 224.71, -71.63);
insert into SHOT values (777, 775, 782, 1010, 5.300, 70.14, 67.10, 5.298, 70.16, 67.09, 0.002, 153.43, -75.54);
insert into SHOT values (778, 775, 783, 1010, 2.430, 171.74, 7.70, 2.435, 171.90, 7.55, 0.011, 220.31, -31.79);
insert into SHOT values (779, 783, 784, 1010, 0.510, 85.24, -7.80, 0.516, 85.52, -7.79, 0.007, 106.41, -6.65);
insert into SHOT values (780, 783, 785, 1010, 0.260, 259.24, 16.70, 0.256, 260.54, 18.20, 0.010, 35.71, 33.52);
insert into SHOT values (781, 783, 786, 1010, 5.160, 85.24, 66.70, 5.163, 85.24, 66.64, 0.006, 82.98, 7.67);
insert into SHOT values (782, 783, 787, 1010, 0.990, 325.64, -82.10, 0.989, 327.53, -82.42, 0.007, 108.95, 4.81);
insert into SHOT values (783, 783, 788, 1010, 4.770, 196.74, -57.80, 4.762, 196.72, -57.81, 0.008, 28.96, 53.79);
insert into SHOT values (784, 789, 788, 1010, 1.500, 345.54, 39.30, 1.504, 345.61, 39.16, 0.006, 357.96, -0.68);
insert into SHOT values (785, 789, 790, 1010, 0.480, 243.44, 15.60, 0.474, 244.00, 15.91, 0.008, 27.86, 6.91);
insert into SHOT values (786, 789, 791, 1010, 0.330, 42.84, 15.20, 0.335, 42.51, 13.81, 0.010, 27.97, -41.54);
insert into SHOT values (787, 789, 792, 1010, 3.220, 62.64, 70.50, 3.218, 62.49, 70.34, 0.010, 41.42, -33.25);
insert into SHOT values (788, 789, 793, 1010, 2.130, 319.64, -50.20, 2.132, 319.76, -50.28, 0.005, 70.39, -49.24);
insert into SHOT values (789, 789, 794, 1010, 3.560, 164.24, 4.90, 3.558, 164.12, 4.84, 0.009, 61.40, -27.84);
insert into SHOT values (790, 789, 795, 1010, 5.880, 174.14, -18.30, 5.878, 174.14, -18.34, 0.005, 5.29, -46.83);
insert into SHOT values (791, 795, 796, 1010, 0.470, 276.24, 2.90, 0.463, 276.20, 2.47, 0.008, 98.98, -29.44);
insert into SHOT values (792, 795, 797, 1010, 1.290, 318.44, 5.00, 1.287, 318.48, 4.90, 0.004, 123.28, -39.30);
insert into SHOT values (793, 795, 798, 1010, 1.250, 81.64, 5.30, 1.249, 81.67, 5.51, 0.005, 238.06, 69.49);
insert into SHOT values (794, 795, 799, 1010, 3.130, 147.44, 10.00, 3.132, 147.44, 9.93, 0.004, 147.80, -56.96);
insert into SHOT values (795, 795, 800, 1010, 11.170, 154.24, 4.10, 11.165, 154.24, 4.11, 0.005, 340.88, 16.20);
insert into SHOT values (796, 795, 801, 1010, 2.010, 179.64, 8.60, 2.013, 179.71, 8.57, 0.004, 222.06, -9.05);
insert into SHOT values (797, 795, 802, 1010, 5.860, 58.24, 71.80, 5.863, 58.39, 71.80, 0.006, 131.56, 32.39);
insert into SHOT values (798, 795, 803, 1010, 1.370, 222.84, -69.70, 1.365, 222.44, -69.67, 0.006, 115.10, 54.23);
insert into SHOT values (799, 795, 804, 1010, 3.720, 164.24, 14.70, 3.717, 164.19, 14.65, 0.006, 43.55, -43.65);
insert into SHOT values (800, 804, 805, 1010, 1.160, 68.94, -0.90, 1.155, 69.21, -0.50, 0.011, 199.67, 48.99);
insert into SHOT values (801, 804, 806, 1010, 1.960, 118.64, -2.40, 1.962, 118.66, -2.34, 0.003, 133.43, 47.79);
insert into SHOT values (802, 804, 807, 1010, 6.260, 138.64, -3.50, 6.261, 138.63, -3.48, 0.003, 88.34, 56.47);
insert into SHOT values (803, 804, 808, 1010, 8.080, 157.04, -3.80, 8.084, 157.09, -3.76, 0.010, 216.03, 35.16);
insert into SHOT values (804, 804, 809, 1010, 5.550, 164.34, -5.50, 5.550, 164.35, -5.48, 0.002, 239.76, 61.28);
insert into SHOT values (805, 804, 810, 1010, 2.530, 317.84, 18.00, 2.533, 317.69, 18.17, 0.010, 233.71, 52.50);
insert into SHOT values (806, 804, 811, 1010, 3.860, 97.14, 68.70, 3.863, 97.38, 68.73, 0.007, 192.65, 32.40);
insert into SHOT values (807, 804, 812, 1010, 2.570, 212.14, -84.80, 2.571, 210.96, -84.79, 0.005, 125.28, -6.84);
insert into SHOT values (808, 804, 813, 1010, 8.870, 234.94, -74.60, 8.870, 234.83, -74.56, 0.007, 194.70, 11.85);
insert into SHOT values (809, 804, 814, 1010, 3.020, 123.54, -1.10, 3.024, 123.53, -0.95, 0.009, 114.84, 64.96);
insert into SHOT values (810, 804, 815, 1010, 7.790, 128.14, -14.70, 7.795, 128.16, -14.64, 0.010, 147.51, 42.81);
insert into SHOT values (811, 804, 816, 1010, 1.330, 51.24, 7.40, 1.329, 51.48, 7.79, 0.010, 165.25, 56.03);
insert into SHOT values (812, 804, 817, 1010, 2.720, 20.94, 7.70, 2.713, 20.93, 7.84, 0.010, 205.12, 34.21);
insert into SHOT values (813, 804, 818, 1010, 9.030, 245.64, -76.10, 9.026, 245.56, -76.06, 0.009, 215.49, 40.26);
insert into SHOT values (814, 818, 819, 1010, 6.490, 129.04, 0.50, 6.491, 129.06, 0.53, 0.004, 191.27, 57.82);
insert into SHOT values (815, 818, 820, 1010, 10.950, 153.64, 1.20, 10.950, 153.65, 1.20, 0.001, 214.95, 51.03);
insert into SHOT values (816, 818, 821, 1010, 8.210, 110.44, -0.80, 8.215, 110.38, -0.84, 0.012, 47.04, -26.69);
insert into SHOT values (817, 818, 822, 1010, 1.570, 85.14, 8.90, 1.574, 85.21, 8.77, 0.005, 106.54, -31.82);
insert into SHOT values (818, 818, 823, 1010, 1.100, 0.54, 5.00, 1.104, 0.52, 4.68, 0.007, 354.79, -54.08);
insert into SHOT values (819, 818, 824, 1010, 3.840, 337.34, 1.80, 3.839, 337.31, 1.79, 0.003, 218.39, -14.21);
insert into SHOT values (820, 818, 825, 1010, 3.450, 177.34, -0.90, 3.444, 177.34, -1.00, 0.008, 0.91, -44.72);
insert into SHOT values (821, 818, 826, 1010, 9.110, 81.54, 79.80, 9.105, 81.47, 79.76, 0.008, 57.42, -49.73);
insert into SHOT values (822, 818, 827, 1010, 12.230, 125.34, -75.80, 12.233, 125.23, -75.81, 0.007, 27.10, -30.91);
insert into SHOT values (823, 818, 828, 1010, 19.040, 135.34, -81.90, 19.041, 135.30, -81.89, 0.005, 110.90, 0.61);
insert into CENTRELINE values (1011, 1006, NULL, '2024-07-18', '2024-01-01', 255.62, 0.00, 0.00);
 insert into TOPO values (1, 1011);
 insert into TOPO values (20, 1011);
 insert into EXPLO values (3, 1011);
 insert into EXPLO values (21, 1011);
 insert into SHOT values (824, 829, 830, 1011, 7.160, 109.84, 3.20, 7.163, 109.78, 3.20, 0.009, 40.15, 2.08);
insert into SHOT values (825, 829, 831, 1011, 2.470, 164.14, 10.90, 2.470, 163.96, 10.97, 0.008, 66.67, 20.27);
insert into SHOT values (826, 829, 832, 1011, 1.800, 204.34, 7.50, 1.792, 204.26, 7.38, 0.010, 43.45, -31.18);
insert into SHOT values (827, 829, 833, 1011, 1.340, 23.94, 6.40, 1.343, 23.88, 6.41, 0.003, 351.71, 11.99);
insert into SHOT values (828, 829, 834, 1011, 9.070, 313.34, 4.00, 9.070, 313.34, 3.98, 0.003, 151.45, -84.94);
insert into SHOT values (829, 829, 835, 1011, 4.270, 296.04, 2.10, 4.270, 296.14, 2.15, 0.008, 30.64, 25.03);
insert into SHOT values (830, 829, 836, 1011, 13.950, 111.84, 61.10, 13.949, 111.85, 61.08, 0.004, 125.02, -44.90);
insert into SHOT values (831, 829, 837, 1011, 3.640, 277.74, 1.50, 3.634, 277.75, 1.42, 0.008, 92.83, -43.45);
insert into SHOT values (832, 829, 838, 1011, 13.590, 133.64, 2.40, 13.592, 133.63, 2.40, 0.004, 74.70, 11.70);
insert into SHOT values (833, 829, 839, 1011, 7.000, 154.44, -2.80, 6.995, 154.39, -2.79, 0.009, 26.57, 12.95);
insert into SHOT values (834, 829, 840, 1011, 17.710, 170.94, -15.00, 17.707, 170.92, -14.99, 0.009, 65.67, 24.80);
insert into SHOT values (835, 829, 841, 1011, 14.120, 180.94, -18.20, 14.118, 180.94, -18.20, 0.002, 25.65, 4.87);
insert into SHOT values (836, 829, 842, 1011, 2.600, 68.74, 6.20, 2.602, 68.69, 6.18, 0.003, 20.11, -14.51);
insert into SHOT values (837, 829, 843, 1011, 2.720, 54.24, 7.30, 2.722, 54.19, 7.18, 0.007, 9.69, -57.91);
insert into SHOT values (838, 829, 844, 1011, 0.450, 259.04, 9.30, 0.443, 259.46, 9.09, 0.008, 53.67, -20.11);
insert into SHOT values (839, 829, 845, 1011, 1.600, 67.94, 61.10, 1.601, 68.06, 60.99, 0.003, 96.37, -12.47);
insert into SHOT values (840, 829, 846, 1011, 1.450, 55.34, -81.10, 1.448, 55.62, -80.85, 0.007, 66.02, 23.00);
insert into SHOT values (841, 829, 847, 1011, 5.110, 139.14, -43.10, 5.107, 139.13, -43.10, 0.003, 338.95, 35.00);
insert into SHOT values (842, 829, 848, 1011, 8.460, 120.14, 13.20, 8.463, 120.08, 13.18, 0.010, 50.33, -10.98);
insert into SHOT values (843, 829, 849, 1011, 7.120, 100.74, 15.90, 7.121, 100.69, 15.89, 0.007, 20.57, -4.88);
insert into SHOT values (844, 829, 850, 1011, 2.870, 77.84, 9.50, 2.873, 77.78, 9.42, 0.006, 35.93, -37.34);
insert into SHOT values (845, 829, 851, 1011, 7.440, 150.54, 1.30, 7.435, 150.50, 1.31, 0.007, 18.71, 9.89);
insert into SHOT values (846, 829, 852, 1011, 12.380, 144.44, 5.50, 12.378, 144.41, 5.52, 0.008, 37.79, 27.18);
insert into SHOT values (847, 829, 853, 1011, 14.410, 129.34, 9.70, 14.411, 129.31, 9.71, 0.007, 46.95, 16.19);
insert into SHOT values (848, 829, 854, 1011, 9.310, 126.24, 8.20, 9.312, 126.17, 8.21, 0.012, 45.63, 10.57);
insert into SHOT values (849, 829, 855, 1011, 4.270, 119.04, 1.90, 4.268, 119.03, 1.88, 0.003, 331.23, -37.02);
insert into SHOT values (850, 829, 856, 1011, 3.440, 110.04, -0.40, 3.448, 110.01, -0.50, 0.010, 96.96, -35.17);
insert into SHOT values (851, 829, 828, 1011, 9.150, 132.84, -3.70, 9.154, 132.83, -3.70, 0.005, 101.09, 5.20);
insert into SHOT values (852, 829, 857, 1011, 9.520, 358.74, 7.50, 9.523, 358.79, 7.48, 0.008, 61.99, -18.26);
insert into SHOT values (853, 857, 858, 1011, 2.250, 314.94, 1.70, 2.257, 314.82, 1.78, 0.009, 278.94, 21.53);
insert into SHOT values (854, 857, 859, 1011, 3.330, 332.24, -3.70, 3.330, 332.20, -3.62, 0.005, 253.98, 62.98);
insert into SHOT values (855, 857, 860, 1011, 6.560, 349.24, 4.60, 6.556, 349.24, 4.64, 0.006, 174.36, 44.28);
insert into SHOT values (856, 857, 861, 1011, 2.260, 348.34, 8.20, 2.261, 348.14, 8.14, 0.008, 264.60, -16.16);
insert into SHOT values (857, 857, 862, 1011, 4.990, 188.24, -6.10, 4.989, 188.23, -6.10, 0.002, 71.18, 9.81);
insert into SHOT values (858, 857, 863, 1011, 2.530, 199.74, -3.30, 2.534, 199.87, -3.17, 0.009, 248.41, 37.79);
insert into SHOT values (859, 857, 864, 1011, 1.590, 231.14, 6.60, 1.589, 231.17, 6.50, 0.003, 357.33, -71.63);
insert into SHOT values (860, 857, 865, 1011, 1.370, 241.64, 8.80, 1.367, 241.73, 8.83, 0.003, 25.10, 6.97);
insert into SHOT values (861, 857, 866, 1011, 2.130, 85.24, 86.20, 2.135, 85.91, 86.23, 0.005, 201.66, 68.60);
insert into SHOT values (862, 857, 867, 1011, 1.600, 271.44, -36.00, 1.605, 271.32, -35.86, 0.007, 246.46, 4.00);
insert into SHOT values (863, 857, 868, 1011, 1.440, 253.34, -2.00, 1.440, 253.45, -1.99, 0.003, 333.22, 5.20);
insert into SHOT values (864, 857, 869, 1011, 4.090, 333.44, 14.30, 4.089, 333.31, 14.30, 0.010, 237.67, -1.35);
insert into SHOT values (865, 869, 870, 1011, 5.700, 159.14, -10.20, 5.699, 159.11, -10.21, 0.004, 49.33, -9.82);
insert into SHOT values (866, 869, 871, 1011, 1.760, 134.54, -0.20, 1.761, 134.31, 0.00, 0.009, 51.05, 40.36);
insert into SHOT values (867, 869, 872, 1011, 1.150, 93.24, -1.50, 1.152, 92.99, -1.49, 0.006, 23.91, 1.07);
insert into SHOT values (868, 869, 873, 1011, 1.430, 38.94, 6.90, 1.439, 39.04, 6.78, 0.010, 52.71, -10.54);
insert into SHOT values (869, 869, 874, 1011, 2.180, 5.64, -0.40, 2.181, 5.79, -0.26, 0.008, 83.73, 42.66);
insert into SHOT values (870, 869, 875, 1011, 3.990, 359.14, 11.70, 3.993, 359.27, 11.70, 0.009, 68.35, 5.55);
insert into SHOT values (871, 869, 876, 1011, 6.600, 352.44, 16.00, 6.600, 352.48, 16.01, 0.004, 79.87, 10.27);
insert into SHOT values (872, 869, 877, 1011, 6.420, 64.14, 62.30, 6.429, 64.03, 62.26, 0.011, 27.78, 31.02);
insert into SHOT values (873, 869, 878, 1011, 1.590, 326.74, -84.10, 1.588, 330.26, -84.17, 0.010, 70.94, 8.80);
insert into SHOT values (874, 869, 879, 1011, 6.650, 352.84, 14.90, 6.653, 352.85, 14.89, 0.004, 9.43, 1.03);
insert into SHOT values (875, 869, 880, 1011, 5.100, 70.44, 65.30, 5.108, 70.29, 65.29, 0.010, 15.34, 43.85);
insert into SHOT values (876, 880, 881, 1011, 2.760, 152.84, -6.20, 2.762, 152.69, -6.23, 0.008, 79.75, -13.90);
insert into SHOT values (877, 880, 882, 1011, 1.420, 125.64, -2.00, 1.427, 125.58, -2.01, 0.007, 114.14, -3.44);
insert into SHOT values (878, 880, 883, 1011, 0.980, 107.34, -2.70, 0.985, 107.15, -2.91, 0.007, 72.05, -33.12);
insert into SHOT values (879, 880, 884, 1011, 0.700, 70.04, -4.40, 0.705, 70.02, -4.88, 0.008, 65.76, -55.32);
insert into SHOT values (880, 880, 885, 1011, 0.930, 36.14, 9.70, 0.928, 36.12, 9.30, 0.007, 247.76, -83.74);
insert into SHOT values (881, 880, 886, 1011, 2.090, 15.54, 20.90, 2.089, 15.74, 20.75, 0.009, 99.03, -39.06);
insert into SHOT values (882, 880, 887, 1011, 1.810, 343.64, 26.50, 1.801, 343.81, 26.37, 0.011, 124.71, -45.44);
insert into SHOT values (883, 880, 888, 1011, 1.610, 73.94, 64.10, 1.604, 74.39, 63.88, 0.010, 137.15, -53.42);
insert into SHOT values (884, 880, 889, 1011, 6.190, 254.74, -72.90, 6.192, 254.66, -72.96, 0.007, 100.01, -31.02);
insert into SHOT values (885, 880, 890, 1011, 4.790, 350.14, 17.30, 4.783, 350.17, 17.27, 0.008, 153.68, -34.37);
insert into SHOT values (886, 890, 891, 1011, 2.340, 175.84, -6.60, 2.332, 175.79, -6.65, 0.009, 10.25, -7.01);
insert into SHOT values (887, 890, 892, 1011, 1.680, 191.54, -5.10, 1.680, 191.38, -5.12, 0.005, 95.85, -7.67);
insert into SHOT values (888, 890, 893, 1011, 1.180, 197.04, -2.50, 1.174, 197.35, -2.44, 0.009, 327.79, 9.94);
insert into SHOT values (889, 890, 894, 1011, 0.730, 239.24, -1.30, 0.731, 239.57, -1.57, 0.005, 318.61, -38.70);
insert into SHOT values (890, 890, 895, 1011, 0.790, 284.24, 0.30, 0.796, 284.56, 0.00, 0.008, 322.65, -30.29);
insert into SHOT values (891, 890, 896, 1011, 1.310, 306.34, -1.80, 1.309, 306.61, -1.75, 0.006, 49.02, 10.54);
insert into SHOT values (892, 890, 897, 1011, 3.590, 330.04, -2.50, 3.592, 330.08, -2.55, 0.004, 20.03, -51.24);
insert into SHOT values (893, 890, 898, 1011, 4.660, 343.74, -3.90, 4.666, 343.78, -3.93, 0.007, 12.62, -24.02);
insert into SHOT values (894, 890, 899, 1011, 0.790, 227.34, 77.40, 0.789, 229.76, 77.53, 0.008, 334.29, -7.38);
insert into SHOT values (895, 890, 900, 1011, 1.560, 142.24, -88.40, 1.561, 135.00, -88.44, 0.006, 36.88, -6.26);
insert into SHOT values (896, 890, 901, 1011, 9.980, 337.04, -1.60, 9.983, 337.06, -1.61, 0.004, 14.26, -18.05);
insert into SHOT values (897, 890, 902, 1011, 10.260, 337.24, -1.50, 10.263, 337.23, -1.51, 0.004, 306.16, -23.70);
insert into SHOT values (898, 902, 903, 1011, 1.320, 307.64, 0.10, 1.318, 307.91, 0.00, 0.007, 53.77, -19.63);
insert into SHOT values (899, 902, 904, 1011, 1.790, 314.94, 1.00, 1.789, 315.23, 0.96, 0.009, 49.83, -7.96);
insert into SHOT values (900, 902, 905, 1011, 2.200, 3.94, 11.40, 2.200, 3.99, 11.54, 0.006, 131.46, 66.40);
insert into SHOT values (901, 902, 906, 1011, 1.240, 21.14, 14.50, 1.243, 21.45, 14.45, 0.007, 87.42, -3.86);
insert into SHOT values (902, 902, 907, 1011, 0.770, 52.14, 16.10, 0.777, 52.06, 15.68, 0.009, 44.50, -22.80);
insert into SHOT values (903, 902, 908, 1011, 1.160, 119.24, 14.80, 1.163, 119.30, 14.95, 0.004, 146.14, 55.32);
insert into SHOT values (904, 902, 909, 1011, 1.870, 135.54, 18.70, 1.867, 135.46, 18.75, 0.004, 352.72, 5.96);
insert into SHOT values (905, 902, 910, 1011, 2.770, 145.64, 10.60, 2.774, 145.61, 10.59, 0.004, 123.37, 6.28);
insert into SHOT values (906, 902, 911, 1011, 11.070, 158.34, 0.30, 11.073, 158.32, 0.31, 0.005, 107.98, 22.17);
insert into SHOT values (907, 902, 912, 1011, 4.090, 165.94, 4.40, 4.084, 165.93, 4.35, 0.007, 355.59, -32.85);
insert into SHOT values (908, 902, 913, 1011, 3.300, 175.14, 10.40, 3.297, 175.05, 10.48, 0.008, 51.56, 32.82);
insert into SHOT values (909, 902, 914, 1011, 2.060, 198.34, 3.00, 2.055, 198.17, 3.07, 0.008, 70.37, 15.53);
insert into SHOT values (910, 902, 915, 1011, 1.550, 241.94, 21.50, 1.549, 241.83, 21.59, 0.004, 122.41, 31.29);
insert into SHOT values (911, 902, 916, 1011, 0.800, 260.44, 4.60, 0.794, 260.54, 5.06, 0.009, 69.40, 40.70);
insert into SHOT values (912, 902, 917, 1011, 2.360, 168.64, 80.50, 2.362, 168.11, 80.54, 0.004, 60.25, 31.90);
insert into SHOT values (913, 902, 918, 1011, 1.130, 270.94, -66.20, 1.124, 271.27, -66.39, 0.008, 67.26, 31.21);
insert into SHOT values (914, 902, 919, 1011, 6.510, 275.14, -58.80, 6.512, 275.10, -58.80, 0.003, 207.71, -30.97);
insert into SHOT values (915, 902, 920, 1011, 4.860, 341.54, 30.00, 4.857, 341.57, 30.02, 0.003, 134.09, -0.00);
insert into SHOT values (916, 920, 921, 1011, 4.320, 355.54, -4.20, 4.324, 355.61, -4.24, 0.008, 45.91, -28.50);
insert into SHOT values (917, 920, 922, 1011, 1.790, 14.74, -2.70, 1.792, 14.89, -2.56, 0.007, 80.21, 40.60);
insert into SHOT values (918, 920, 923, 1011, 1.310, 33.14, -3.60, 1.317, 33.21, -3.48, 0.008, 44.41, 16.92);
insert into SHOT values (919, 920, 924, 1011, 1.030, 63.14, -0.10, 1.033, 62.94, 0.00, 0.005, 13.17, 20.47);
insert into SHOT values (920, 920, 925, 1011, 1.320, 105.24, 1.80, 1.315, 104.99, 1.74, 0.008, 336.94, -11.06);
insert into SHOT values (921, 920, 926, 1011, 2.010, 139.44, 5.90, 2.004, 139.27, 6.02, 0.010, 0.15, 20.55);
insert into SHOT values (922, 920, 927, 1011, 2.710, 144.64, -3.40, 2.707, 144.49, -3.39, 0.008, 36.06, 5.28);
insert into SHOT values (923, 920, 928, 1011, 1.650, 157.44, -10.20, 1.649, 157.54, -10.13, 0.004, 264.05, 36.63);
insert into SHOT values (924, 920, 929, 1011, 2.860, 72.34, 72.50, 2.863, 71.77, 72.45, 0.009, 3.10, 14.50);
insert into SHOT values (925, 920, 930, 1011, 2.290, 271.84, -75.40, 2.295, 271.97, -75.35, 0.005, 295.07, -49.43);
insert into SHOT values (926, 920, 931, 1011, 3.940, 71.54, 73.00, 3.942, 71.25, 73.02, 0.006, 333.11, 19.93);
insert into SHOT values (927, 920, 932, 1011, 2.500, 1.34, 13.90, 2.504, 1.41, 13.87, 0.005, 38.69, -6.55);
insert into SHOT values (928, 932, 933, 1011, 2.540, 330.14, 15.40, 2.539, 330.08, 15.54, 0.007, 193.55, 54.66);
insert into SHOT values (929, 932, 934, 1011, 2.020, 351.84, 15.00, 2.018, 351.75, 14.93, 0.004, 245.69, -38.97);
insert into SHOT values (930, 932, 935, 1011, 1.310, 352.64, 13.30, 1.306, 352.32, 13.28, 0.008, 237.12, -9.62);
insert into SHOT values (931, 932, 936, 1011, 2.340, 306.44, 5.80, 2.344, 306.28, 5.88, 0.009, 248.09, 24.33);
insert into SHOT values (932, 932, 937, 1011, 1.740, 288.74, 7.10, 1.747, 288.85, 7.23, 0.009, 316.47, 34.67);
insert into SHOT values (933, 932, 938, 1011, 1.190, 264.24, 8.60, 1.190, 264.14, 8.70, 0.003, 160.90, 44.38);
insert into SHOT values (934, 932, 939, 1011, 1.270, 237.84, 3.00, 1.273, 238.19, 3.15, 0.009, 308.52, 23.71);
insert into SHOT values (935, 932, 940, 1011, 1.420, 199.34, 1.40, 1.421, 199.33, 1.61, 0.005, 159.78, 83.60);
insert into SHOT values (936, 932, 941, 1011, 3.330, 175.84, 3.00, 3.334, 175.87, 3.10, 0.007, 197.36, 58.77);
insert into SHOT values (937, 932, 942, 1011, 4.230, 165.34, 3.00, 4.233, 165.34, 2.98, 0.004, 160.18, -21.77);
insert into SHOT values (938, 932, 943, 1011, 3.520, 116.44, 83.30, 3.523, 116.57, 83.44, 0.009, 290.49, 26.13);
insert into SHOT values (939, 932, 944, 1011, 8.970, 358.14, 84.30, 8.974, 358.07, 84.31, 0.005, 249.26, 74.39);
insert into SHOT values (940, 932, 945, 1011, 2.110, 240.04, -72.70, 2.107, 240.59, -72.56, 0.008, 297.54, 32.34);
insert into SHOT values (941, 932, 946, 1011, 9.620, 9.24, 82.90, 9.623, 9.22, 82.92, 0.005, 195.44, 45.20);
insert into SHOT values (942, 932, 947, 1011, 5.990, 16.14, 76.30, 5.989, 16.00, 76.34, 0.005, 238.55, 4.61);
insert into SHOT values (943, 932, 948, 1011, 9.720, 0.44, 82.30, 9.717, 0.44, 82.31, 0.003, 181.97, -45.60);
insert into SHOT values (944, 932, 949, 1011, 4.450, 296.04, 31.00, 4.453, 296.10, 30.95, 0.006, 331.12, -17.65);
insert into SHOT values (945, 949, 950, 1011, 0.980, 180.74, -8.20, 0.980, 180.59, -8.21, 0.003, 92.24, -4.94);
insert into SHOT values (946, 949, 951, 1011, 2.860, 200.34, -9.70, 2.866, 200.29, -9.64, 0.007, 179.54, 15.61);
insert into SHOT values (947, 949, 952, 1011, 4.940, 209.24, -8.70, 4.949, 209.24, -8.60, 0.013, 205.96, 35.27);
insert into SHOT values (948, 949, 953, 1011, 6.140, 217.14, -7.30, 6.146, 217.13, -7.29, 0.006, 206.44, 1.71);
insert into SHOT values (949, 949, 954, 1011, 4.010, 222.14, -4.90, 4.015, 222.06, -4.86, 0.008, 173.74, 18.30);
insert into SHOT values (950, 949, 955, 1011, 2.970, 229.54, -4.80, 2.974, 229.38, -4.63, 0.013, 168.58, 41.00);
insert into SHOT values (951, 949, 956, 1011, 2.570, 241.14, -2.10, 2.571, 241.14, -2.01, 0.004, 231.26, 79.10);
insert into SHOT values (952, 949, 957, 1011, 2.320, 262.44, 2.20, 2.323, 262.32, 2.22, 0.006, 199.75, 9.78);
insert into SHOT values (953, 949, 958, 1011, 1.360, 287.54, 4.40, 1.355, 287.23, 4.66, 0.011, 161.50, 31.58);
insert into SHOT values (954, 949, 959, 1011, 0.730, 308.04, 5.90, 0.724, 307.67, 6.34, 0.009, 166.03, 32.75);
insert into SHOT values (955, 949, 960, 1011, 0.320, 353.34, 7.40, 0.315, 352.65, 7.29, 0.006, 211.75, -11.24);
insert into SHOT values (956, 949, 961, 1011, 5.460, 29.84, 83.00, 5.460, 30.07, 83.07, 0.007, 188.94, 5.50);
insert into SHOT values (957, 949, 962, 1011, 0.860, 265.84, 72.80, 0.867, 265.43, 73.19, 0.009, 113.29, 64.90);
insert into SHOT values (958, 949, 963, 1011, 1.250, 68.04, -84.40, 1.246, 70.02, -84.61, 0.008, 209.18, 32.13);
insert into SHOT values (959, 949, 964, 1011, 4.140, 219.94, -62.50, 4.140, 219.92, -62.42, 0.006, 211.31, 23.43);
insert into SHOT values (960, 949, 965, 1011, 17.750, 213.74, -57.90, 17.748, 213.72, -57.87, 0.009, 184.95, 43.61);
insert into SHOT values (961, 949, 966, 1011, 6.580, 310.64, 37.60, 6.583, 310.57, 37.64, 0.009, 217.17, 36.45);
insert into SHOT values (962, 932, 967, 1011, 7.960, 344.74, 32.70, 7.960, 344.68, 32.70, 0.008, 252.27, -2.32);
insert into SHOT values (963, 967, 968, 1011, 1.200, 332.34, 6.20, 1.201, 332.58, 6.21, 0.005, 48.44, 4.58);
insert into SHOT values (964, 967, 969, 1011, 4.490, 352.74, 15.50, 4.487, 352.83, 15.51, 0.007, 107.43, 0.84);
insert into SHOT values (965, 967, 970, 1011, 2.370, 7.84, 10.70, 2.373, 7.89, 10.68, 0.004, 36.28, -0.46);
insert into SHOT values (966, 967, 971, 1011, 1.240, 34.84, 7.50, 1.245, 35.11, 7.38, 0.008, 82.37, -13.57);
insert into SHOT values (967, 967, 972, 1011, 0.860, 70.94, 1.20, 0.867, 71.15, 1.32, 0.008, 95.70, 15.15);
insert into SHOT values (968, 967, 973, 1011, 0.930, 86.64, 1.20, 0.932, 86.31, 1.23, 0.006, 17.93, 5.12);
insert into SHOT values (969, 967, 974, 1011, 1.570, 128.54, -5.70, 1.574, 128.26, -5.47, 0.011, 67.02, 33.93);
insert into SHOT values (970, 967, 975, 1011, 3.060, 154.84, -6.10, 3.059, 154.70, -6.01, 0.009, 58.23, 33.73);
insert into SHOT values (971, 967, 976, 1011, 4.280, 162.24, -5.10, 4.280, 162.25, -5.09, 0.000, 254.66, 75.21);
insert into SHOT values (972, 967, 977, 1011, 1.970, 171.94, -13.90, 1.966, 171.87, -13.83, 0.005, 30.04, 39.29);
insert into SHOT values (973, 967, 978, 1011, 2.660, 99.64, 72.30, 2.666, 99.23, 72.30, 0.009, 26.25, 44.12);
insert into SHOT values (974, 967, 979, 1011, 1.280, 99.94, -85.50, 1.274, 95.71, -85.48, 0.010, 8.38, 39.21);
insert into SHOT values (975, 967, 980, 1011, 10.940, 348.34, 20.80, 10.944, 348.38, 20.82, 0.009, 58.12, 34.61);
insert into SHOT values (976, 980, 981, 1011, 0.810, 266.54, 0.00, 0.812, 266.47, 0.00, 0.002, 231.71, 0.00);
insert into SHOT values (977, 980, 982, 1011, 1.330, 308.64, 6.80, 1.325, 308.52, 6.50, 0.009, 162.48, -56.58);
insert into SHOT values (978, 980, 983, 1011, 2.380, 324.74, 8.80, 2.380, 324.69, 8.70, 0.005, 256.29, -59.56);
insert into SHOT values (979, 980, 984, 1011, 6.030, 333.64, 1.20, 6.030, 333.60, 1.14, 0.007, 240.63, -57.18);
insert into SHOT values (980, 980, 985, 1011, 3.420, 340.74, -1.80, 3.424, 340.72, -1.84, 0.005, 318.01, -33.08);
insert into SHOT values (981, 980, 986, 1011, 0.310, 81.84, 12.50, 0.309, 82.41, 11.21, 0.008, 172.06, -67.30);
insert into SHOT values (982, 980, 987, 1011, 2.160, 162.14, 11.50, 2.165, 162.16, 11.46, 0.005, 169.74, -6.69);
insert into SHOT values (983, 980, 988, 1011, 1.650, 182.44, 3.50, 1.655, 182.43, 3.47, 0.005, 177.33, -9.06);
insert into SHOT values (984, 980, 989, 1011, 1.070, 210.14, 2.90, 1.077, 210.14, 2.66, 0.008, 209.82, -31.39);
insert into SHOT values (985, 980, 990, 1011, 0.760, 236.44, 5.70, 0.760, 236.31, 5.28, 0.006, 174.02, -70.05);
insert into SHOT values (986, 980, 991, 1011, 0.890, 226.94, 84.80, 0.884, 225.00, 84.49, 0.008, 192.15, -51.49);
insert into SHOT values (987, 980, 992, 1011, 1.540, 248.44, -75.30, 1.542, 249.27, -75.13, 0.007, 298.69, -3.13);
insert into SHOT values (988, 980, 993, 1011, 8.470, 267.94, -57.50, 8.476, 267.99, -57.51, 0.008, 328.85, -59.11);
insert into SHOT values (989, 980, 994, 1011, 7.020, 267.34, -56.50, 7.025, 267.34, -56.53, 0.006, 133.76, -84.40);
insert into SHOT values (990, 980, 995, 1011, 8.120, 339.44, 14.30, 8.120, 339.47, 14.26, 0.007, 47.56, -55.56);
insert into SHOT values (991, 995, 996, 1011, 1.070, 315.04, -7.20, 1.069, 315.00, -6.99, 0.004, 176.73, 73.60);
insert into SHOT values (992, 995, 997, 1011, 3.820, 333.54, -5.20, 3.816, 333.43, -5.11, 0.010, 221.12, 38.60);
insert into SHOT values (993, 995, 998, 1011, 2.500, 357.34, 7.20, 2.494, 357.22, 7.37, 0.011, 213.48, 36.12);
insert into SHOT values (994, 995, 999, 1011, 1.300, 13.94, 5.50, 1.294, 13.93, 5.76, 0.008, 197.10, 41.25);
insert into SHOT values (995, 995, 1000, 1011, 0.900, 40.54, 4.30, 0.896, 40.46, 4.48, 0.005, 239.39, 32.72);
insert into SHOT values (996, 995, 1001, 1011, 0.360, 241.74, -5.20, 0.364, 242.02, -4.73, 0.005, 266.33, 31.96);
insert into SHOT values (997, 995, 1002, 1011, 1.380, 122.84, -0.10, 1.373, 123.11, 0.00, 0.010, 260.56, 14.17);
insert into SHOT values (998, 995, 1003, 1011, 2.790, 151.44, -3.00, 2.791, 151.50, -2.87, 0.007, 213.92, 60.94);
insert into SHOT values (999, 995, 1004, 1011, 2.990, 157.74, -4.20, 2.987, 157.91, -4.22, 0.009, 268.81, -6.16);
insert into SHOT values (1000, 995, 1005, 1011, 2.940, 165.64, -18.50, 2.938, 165.66, -18.45, 0.003, 307.30, 60.05);
insert into SHOT values (1001, 995, 1006, 1011, 2.670, 66.04, 74.70, 2.673, 66.37, 74.85, 0.009, 212.35, 32.79);
insert into SHOT values (1002, 995, 1007, 1011, 2.210, 268.94, -71.20, 2.211, 268.41, -70.98, 0.011, 229.05, 11.31);
insert into SHOT values (1003, 995, 1008, 1011, 3.770, 334.44, 1.00, 3.771, 334.39, 1.06, 0.006, 260.82, 47.06);
insert into SHOT values (1004, 1008, 1009, 1011, 0.310, 264.54, 5.80, 0.313, 264.47, 5.50, 0.003, 257.30, -23.46);
insert into SHOT values (1005, 1008, 1010, 1011, 1.340, 307.34, 9.50, 1.338, 307.30, 9.46, 0.002, 157.19, -32.49);
insert into SHOT values (1006, 1008, 1011, 1011, 2.240, 323.14, -0.90, 2.236, 323.18, -1.02, 0.006, 121.47, -50.24);
insert into SHOT values (1007, 1008, 1012, 1011, 1.230, 342.24, 4.50, 1.221, 342.31, 4.23, 0.011, 153.06, -36.65);
insert into SHOT values (1008, 1008, 1013, 1011, 1.410, 26.04, 15.50, 1.412, 26.19, 15.62, 0.005, 102.37, 42.11);
insert into SHOT values (1009, 1008, 1014, 1011, 0.960, 60.04, 15.90, 0.959, 60.10, 15.73, 0.003, 175.91, -71.02);
insert into SHOT values (1010, 1008, 1015, 1011, 1.050, 94.74, 15.70, 1.052, 95.09, 15.44, 0.008, 157.65, -30.79);
insert into SHOT values (1011, 1008, 1016, 1011, 1.950, 120.74, 10.60, 1.953, 120.71, 10.62, 0.003, 93.92, 26.05);
insert into SHOT values (1012, 1008, 1017, 1011, 0.870, 169.34, -4.00, 0.877, 169.46, -3.92, 0.007, 183.96, 5.53);
insert into SHOT values (1013, 1008, 1018, 1011, 3.770, 72.74, 60.60, 3.767, 72.74, 60.53, 0.005, 69.24, -58.14);
insert into SHOT values (1014, 1008, 1019, 1011, 1.300, 237.34, -65.70, 1.305, 237.20, -65.78, 0.005, 163.22, -74.98);
insert into SHOT values (1015, 1008, 1020, 1011, 2.080, 57.14, 67.40, 2.079, 57.31, 67.48, 0.004, 201.78, -4.01);
insert into SHOT values (1016, 1020, 1021, 1011, 0.780, 327.34, 6.80, 0.779, 327.13, 6.63, 0.004, 224.90, -38.76);
insert into SHOT values (1017, 1020, 1022, 1011, 1.840, 354.74, 5.30, 1.846, 354.69, 5.28, 0.006, 338.92, 0.37);
insert into SHOT values (1018, 1020, 1023, 1011, 0.850, 7.54, 5.70, 0.851, 7.46, 5.39, 0.005, 325.81, -67.40);
insert into SHOT values (1019, 1020, 1024, 1011, 0.600, 52.04, 2.40, 0.598, 51.79, 1.92, 0.006, 295.69, -59.96);
insert into SHOT values (1020, 1020, 1025, 1011, 0.560, 97.94, 3.80, 0.557, 98.28, 4.12, 0.005, 230.78, 33.28);
insert into SHOT values (1021, 1020, 1026, 1011, 0.930, 131.14, 7.40, 0.936, 131.07, 7.36, 0.006, 120.32, 1.98);
insert into SHOT values (1022, 1020, 1027, 1011, 0.310, 247.84, 12.10, 0.307, 248.55, 11.28, 0.007, 9.60, -48.70);
insert into SHOT values (1023, 1020, 1028, 1011, 0.490, 256.04, 15.20, 0.491, 256.55, 15.37, 0.004, 344.78, 20.01);
insert into SHOT values (1024, 1020, 1029, 1011, 1.250, 49.04, 47.40, 1.253, 48.81, 47.25, 0.005, 10.74, -1.27);
insert into SHOT values (1025, 1020, 1030, 1011, 3.320, 200.74, -70.40, 3.321, 200.56, -70.46, 0.005, 71.34, -26.75);
insert into SHOT values (1026, 1020, 1031, 1011, 3.760, 342.34, 3.10, 3.762, 342.34, 3.05, 0.004, 332.76, -51.37);
insert into SHOT values (1027, 1031, 1032, 1011, 1.460, 244.64, -1.30, 1.463, 244.49, -1.18, 0.006, 191.45, 31.91);
insert into SHOT values (1028, 1031, 1033, 1011, 1.530, 277.24, 3.50, 1.525, 277.17, 3.76, 0.009, 117.22, 49.79);
insert into SHOT values (1029, 1031, 1034, 1011, 1.950, 293.64, 6.70, 1.948, 293.78, 6.78, 0.006, 51.23, 25.27);
insert into SHOT values (1030, 1031, 1035, 1011, 3.360, 315.64, 11.30, 3.354, 315.62, 11.35, 0.007, 148.97, 13.38);
insert into SHOT values (1031, 1031, 1036, 1011, 2.840, 347.24, 15.00, 2.835, 347.33, 15.13, 0.009, 133.92, 31.91);
insert into SHOT values (1032, 1031, 1037, 1011, 0.370, 53.74, 20.40, 0.368, 54.46, 20.70, 0.005, 176.04, 11.38);
insert into SHOT values (1033, 1031, 1038, 1011, 0.960, 347.34, 27.60, 0.961, 347.76, 27.92, 0.008, 90.74, 39.26);
insert into SHOT values (1034, 1031, 1039, 1011, 1.540, 146.54, 12.70, 1.547, 146.63, 12.70, 0.007, 165.06, 11.87);
insert into SHOT values (1035, 1031, 1040, 1011, 2.770, 172.54, 20.00, 2.770, 172.49, 20.06, 0.004, 66.97, 47.41);
insert into SHOT values (1036, 1031, 1041, 1011, 2.680, 195.34, 8.60, 2.684, 195.29, 8.57, 0.005, 165.73, -9.07);
insert into SHOT values (1037, 1031, 1042, 1011, 2.230, 205.74, 1.00, 2.232, 205.76, 1.03, 0.003, 223.70, 25.51);
insert into SHOT values (1038, 1031, 1043, 1011, 1.670, 201.74, 14.50, 1.669, 201.80, 14.57, 0.003, 329.32, 42.12);
insert into SHOT values (1039, 1031, 1044, 1011, 2.170, 304.84, 80.90, 2.167, 304.16, 81.01, 0.007, 164.63, -23.07);
insert into SHOT values (1040, 1031, 1045, 1011, 2.250, 261.64, -66.60, 2.244, 261.60, -66.64, 0.006, 91.86, 50.37);
insert into SHOT values (1041, 1031, 1046, 1011, 5.840, 337.24, 25.40, 5.838, 337.23, 25.46, 0.007, 172.40, 45.92);
insert into SHOT values (1042, 1046, 1047, 1011, 1.060, 233.64, 4.20, 1.054, 233.89, 3.81, 0.010, 11.59, -48.18);
insert into SHOT values (1043, 1046, 1048, 1011, 2.000, 272.64, 13.00, 2.003, 272.64, 12.98, 0.003, 272.13, 1.68);
insert into SHOT values (1044, 1046, 1049, 1011, 2.990, 288.64, 11.20, 2.991, 288.68, 11.18, 0.003, 340.20, -16.82);
insert into SHOT values (1045, 1046, 1050, 1011, 2.340, 299.24, 16.00, 2.337, 299.30, 15.89, 0.006, 66.87, -59.75);
insert into SHOT values (1046, 1046, 1051, 1011, 2.220, 325.04, 18.20, 2.221, 325.03, 18.10, 0.004, 312.69, -56.08);
insert into SHOT values (1047, 1046, 1052, 1011, 1.560, 338.14, 14.60, 1.557, 338.20, 14.50, 0.004, 118.96, -54.56);
insert into SHOT values (1048, 1046, 1053, 1011, 0.440, 42.74, 3.60, 0.446, 42.27, 2.57, 0.011, 14.60, -44.54);
insert into SHOT values (1049, 1046, 1054, 1011, 0.910, 136.74, 2.10, 0.906, 136.79, 1.90, 0.005, 305.94, -40.48);
insert into SHOT values (1050, 1046, 1055, 1011, 0.830, 167.24, 4.50, 0.822, 167.32, 4.18, 0.009, 338.91, -34.25);
insert into SHOT values (1051, 1046, 1056, 1011, 0.720, 176.84, 10.40, 0.713, 176.73, 10.50, 0.007, 8.06, 0.21);
insert into SHOT values (1052, 1046, 1057, 1011, 1.500, 252.54, 82.70, 1.492, 254.48, 82.81, 0.011, 14.22, -46.65);
insert into SHOT values (1053, 1046, 1058, 1011, 1.020, 138.74, -63.40, 1.026, 138.58, -63.76, 0.009, 340.67, -66.03);
insert into SHOT values (1054, 1046, 1059, 1011, 3.250, 270.54, 34.70, 3.248, 270.64, 34.72, 0.005, 21.64, -1.81);
insert into SHOT values (1055, 1059, 1060, 1011, 1.140, 299.34, 16.40, 1.134, 299.16, 16.39, 0.007, 150.83, -15.41);
insert into SHOT values (1056, 1059, 1061, 1011, 0.710, 332.54, 11.50, 0.712, 332.70, 11.35, 0.003, 16.81, -29.53);
insert into SHOT values (1057, 1059, 1062, 1011, 0.630, 358.94, 4.70, 0.632, 359.09, 4.54, 0.003, 35.34, -30.72);
insert into SHOT values (1058, 1059, 1063, 1011, 0.900, 37.44, 2.50, 0.899, 37.76, 2.55, 0.005, 139.26, 8.25);
insert into SHOT values (1059, 1059, 1064, 1011, 0.970, 59.44, -3.60, 0.966, 59.44, -3.56, 0.004, 239.31, 12.07);
insert into SHOT values (1060, 1059, 1065, 1011, 1.100, 83.24, 0.10, 1.098, 83.20, 0.00, 0.003, 283.90, -38.31);
insert into SHOT values (1061, 1059, 1066, 1011, 0.900, 125.44, 11.20, 0.899, 125.31, 10.91, 0.005, 20.71, -66.37);
insert into SHOT values (1062, 1059, 1067, 1011, 0.340, 149.04, 11.80, 0.343, 149.62, 11.76, 0.005, 194.60, 5.67);
insert into SHOT values (1063, 1059, 1068, 1011, 4.200, 4.94, 74.20, 4.199, 5.01, 74.18, 0.002, 65.06, -39.34);
insert into SHOT values (1064, 1059, 1069, 1011, 4.100, 10.24, 76.10, 4.100, 9.94, 76.10, 0.005, 278.43, 0.69);
insert into SHOT values (1065, 1059, 1070, 1011, 4.740, 13.04, 73.00, 4.737, 12.93, 73.00, 0.004, 268.22, -46.15);
insert into SHOT values (1066, 1059, 1071, 1011, 1.860, 42.84, -83.00, 1.863, 43.15, -83.24, 0.008, 213.72, -27.39);
insert into SHOT values (1067, 1059, 1072, 1011, 5.040, 318.94, 59.00, 5.043, 318.90, 58.95, 0.006, 297.25, -1.24);
insert into SHOT values (1068, 1072, 1073, 1011, 1.040, 191.44, 3.00, 1.041, 191.09, 2.75, 0.008, 108.89, -34.70);
insert into SHOT values (1069, 1072, 1074, 1011, 1.200, 215.14, 0.90, 1.207, 214.88, 0.95, 0.009, 175.71, 7.38);
insert into SHOT values (1070, 1072, 1075, 1011, 1.360, 226.84, -1.80, 1.359, 226.79, -2.11, 0.007, 98.00, -77.39);
insert into SHOT values (1071, 1072, 1076, 1011, 2.240, 240.84, -5.40, 2.235, 240.67, -5.39, 0.008, 115.17, 5.54);
insert into SHOT values (1072, 1072, 1077, 1011, 2.290, 262.64, -2.20, 2.282, 262.44, -2.26, 0.012, 126.44, -10.07);
insert into SHOT values (1073, 1072, 1078, 1011, 2.470, 274.34, 2.30, 2.469, 274.18, 2.32, 0.007, 172.40, 7.15);
insert into SHOT values (1074, 1072, 1079, 1011, 1.880, 300.24, 6.80, 1.877, 300.28, 6.73, 0.004, 95.26, -43.85);
insert into SHOT values (1075, 1072, 1080, 1011, 1.710, 313.24, 11.00, 1.707, 313.31, 10.81, 0.007, 89.92, -66.27);
insert into SHOT values (1076, 1072, 1081, 1011, 0.970, 328.74, 21.30, 0.963, 329.15, 21.32, 0.010, 106.03, -14.22);
insert into SHOT values (1077, 1072, 1082, 1011, 0.430, 13.34, 26.50, 0.426, 13.67, 26.52, 0.005, 165.00, -22.12);
insert into SHOT values (1078, 1072, 1083, 1011, 0.850, 134.64, 6.40, 0.860, 134.53, 6.00, 0.012, 125.56, -23.23);
insert into SHOT values (1079, 1072, 1084, 1011, 0.340, 171.64, 0.90, 0.344, 171.63, 0.00, 0.006, 170.78, -55.29);
insert into SHOT values (1080, 1072, 1085, 1011, 0.310, 178.14, 5.00, 0.311, 178.15, 3.69, 0.007, 180.21, -79.18);
insert into SHOT values (1081, 1072, 1086, 1011, 1.250, 241.64, 79.70, 1.249, 239.93, 79.88, 0.008, 119.91, 1.07);
insert into SHOT values (1082, 1072, 1087, 1011, 1.010, 193.64, 77.20, 1.006, 192.80, 77.04, 0.006, 132.52, -52.41);
insert into SHOT values (1083, 1072, 1088, 1011, 3.200, 278.84, 70.00, 3.192, 278.43, 70.00, 0.011, 170.02, -39.92);
insert into SHOT values (1084, 1072, 1089, 1011, 0.990, 182.54, -64.90, 0.993, 181.36, -64.98, 0.009, 93.02, -21.96);
insert into SHOT values (1085, 1072, 1090, 1011, 3.350, 199.94, -55.40, 3.351, 199.67, -55.44, 0.009, 101.51, -15.43);
insert into SHOT values (1086, 1072, 1091, 1011, 2.250, 261.34, -10.40, 2.244, 261.14, -10.53, 0.011, 131.46, -20.15);
insert into SHOT values (1087, 1091, 1092, 1011, 0.810, 4.94, 13.90, 0.817, 4.34, 14.17, 0.012, 310.59, 27.94);
insert into SHOT values (1088, 1091, 1093, 1011, 1.510, 37.74, 12.60, 1.513, 37.57, 12.60, 0.005, 336.47, 6.70);
insert into SHOT values (1089, 1091, 1094, 1011, 2.040, 69.14, 12.50, 2.039, 69.11, 12.46, 0.002, 308.75, -46.42);
insert into SHOT values (1090, 1091, 1095, 1011, 2.860, 97.04, 8.60, 2.853, 96.92, 8.67, 0.010, 316.09, 13.95);
insert into SHOT values (1091, 1091, 1096, 1011, 2.110, 106.84, 8.50, 2.101, 106.78, 8.48, 0.009, 302.63, -12.23);
insert into SHOT values (1092, 1091, 1097, 1011, 1.180, 119.74, 5.90, 1.179, 119.62, 5.84, 0.003, 20.92, -27.57);
insert into SHOT values (1093, 1091, 1098, 1011, 0.440, 160.34, -4.40, 0.434, 161.15, -3.96, 0.009, 292.51, 24.62);
insert into SHOT values (1094, 1091, 1099, 1011, 0.340, 283.94, 10.40, 0.345, 283.63, 10.02, 0.006, 263.90, -14.12);
insert into SHOT values (1095, 1091, 1100, 1011, 14.560, 39.54, 63.30, 14.563, 39.48, 63.30, 0.008, 315.11, 19.16);
insert into SHOT values (1096, 1091, 1101, 1011, 3.800, 20.74, 73.10, 3.806, 20.56, 73.03, 0.008, 349.75, 30.22);
insert into SHOT values (1097, 1091, 1102, 1011, 1.870, 94.64, -66.80, 1.869, 94.70, -66.93, 0.004, 265.12, -15.91);
insert into SHOT values (1098, 1091, 1103, 1011, 14.690, 47.64, 65.60, 14.691, 47.61, 65.61, 0.005, 287.47, 23.94);
insert into SHOT values (1099, 829, 1104, 1011, 9.300, 214.24, -65.10, 9.301, 214.26, -65.15, 0.009, 26.09, -30.40);
insert into SHOT values (1100, 1104, 1105, 1011, 19.160, 155.84, 27.00, 19.165, 155.84, 27.00, 0.005, 131.28, 17.27);
insert into SHOT values (1101, 1104, 1106, 1011, 2.320, 117.94, 21.50, 2.322, 117.87, 21.48, 0.003, 64.09, -4.70);
insert into SHOT values (1102, 1104, 1107, 1011, 22.110, 113.34, 44.30, 22.116, 113.34, 44.31, 0.008, 84.95, 80.89);
insert into SHOT values (1103, 1104, 1108, 1011, 14.440, 114.44, -12.10, 14.438, 114.48, -12.07, 0.011, 206.04, 39.34);
insert into SHOT values (1104, 1104, 1109, 1011, 3.370, 217.14, 14.30, 3.376, 217.05, 14.41, 0.010, 165.42, 46.81);
insert into SHOT values (1105, 1104, 1110, 1011, 1.120, 20.24, 21.20, 1.122, 20.17, 21.44, 0.005, 282.82, 74.97);
insert into SHOT values (1106, 1104, 1111, 1011, 5.410, 310.54, 24.00, 5.411, 310.49, 23.99, 0.005, 238.78, -5.07);
insert into SHOT values (1107, 1104, 1112, 1011, 8.280, 303.74, 25.90, 8.275, 303.71, 25.94, 0.009, 154.32, 21.88);
insert into SHOT values (1108, 1104, 1113, 1011, 4.530, 282.84, 36.90, 4.528, 282.77, 36.92, 0.006, 159.74, 0.99);
insert into SHOT values (1109, 1104, 1114, 1011, 2.950, 231.24, 9.80, 2.954, 231.28, 9.94, 0.008, 266.15, 68.35);
insert into SHOT values (1110, 1104, 1115, 1011, 14.080, 335.04, -84.70, 14.080, 335.01, -84.69, 0.002, 304.62, -7.39);
insert into SHOT values (1111, 1115, 1116, 1011, 0.780, 340.74, 7.60, 0.779, 341.10, 8.11, 0.008, 88.75, 53.92);
insert into SHOT values (1112, 1115, 1117, 1011, 5.320, 262.04, 2.20, 5.316, 261.99, 2.26, 0.009, 130.15, 42.01);
insert into SHOT values (1113, 1115, 1118, 1011, 7.310, 242.54, 2.80, 7.313, 242.52, 2.82, 0.005, 197.74, 37.90);
insert into SHOT values (1114, 1115, 1119, 1011, 1.260, 207.74, 2.70, 1.263, 207.38, 2.72, 0.008, 135.91, 4.36);
insert into SHOT values (1115, 1115, 1120, 1011, 13.260, 106.64, -0.20, 13.266, 106.65, -0.17, 0.009, 111.15, 46.34);
insert into SHOT values (1116, 1115, 1121, 1011, 6.640, 108.24, 0.70, 6.644, 108.24, 0.69, 0.005, 109.17, -14.05);
insert into SHOT values (1117, 1115, 1122, 1011, 3.790, 123.44, 1.80, 3.791, 123.48, 1.81, 0.003, 201.93, 20.94);
insert into SHOT values (1118, 1115, 1123, 1011, 1.850, 145.04, 2.40, 1.855, 145.11, 2.47, 0.006, 169.30, 26.01);
insert into SHOT values (1119, 1115, 1124, 1011, 1.490, 197.34, 6.00, 1.495, 197.22, 6.14, 0.007, 162.61, 36.25);
insert into SHOT values (1120, 1115, 1125, 1011, 11.540, 241.34, -73.30, 11.537, 241.35, -73.30, 0.003, 349.23, 84.96);
insert into SHOT values (1121, 1125, 1126, 1011, 4.170, 260.44, 14.70, 4.173, 260.44, 14.72, 0.003, 261.89, 36.25);
insert into SHOT values (1122, 1125, 1127, 1011, 16.680, 97.84, 6.00, 16.687, 97.86, 5.99, 0.010, 133.39, -21.36);
insert into SHOT values (1123, 1125, 1128, 1011, 2.020, 46.64, 8.80, 2.019, 46.62, 8.83, 0.002, 251.64, 32.50);
insert into SHOT values (1124, 1125, 1129, 1011, 1.180, 354.54, 15.60, 1.180, 354.44, 15.74, 0.004, 234.34, 48.45);
insert into SHOT values (1125, 1125, 1130, 1011, 9.740, 275.94, -63.90, 9.742, 275.90, -63.92, 0.005, 151.90, -37.46);
insert into SHOT values (1126, 1125, 1131, 1011, 15.200, 268.74, -75.80, 15.205, 268.62, -75.80, 0.010, 195.12, -27.46);
insert into SHOT values (1127, 1131, 1132, 1011, 9.890, 89.84, 33.60, 9.896, 89.79, 33.63, 0.011, 18.04, 41.45);
insert into SHOT values (1128, 1131, 1133, 1011, 9.070, 200.54, -5.00, 9.069, 200.54, -5.00, 0.001, 38.59, 23.88);
insert into SHOT values (1129, 1131, 1134, 1011, 1.760, 145.14, 5.80, 1.754, 145.03, 5.89, 0.007, 353.88, 17.29);
insert into SHOT values (1130, 1131, 1135, 1011, 1.980, 101.94, 29.50, 1.985, 101.70, 29.59, 0.009, 31.11, 32.85);
insert into SHOT values (1131, 1131, 1136, 1011, 0.590, 344.64, 23.40, 0.598, 345.20, 23.64, 0.010, 23.38, 33.58);
insert into SHOT values (1132, 1131, 1137, 1011, 8.940, 190.34, -29.60, 8.930, 190.31, -29.59, 0.011, 39.19, 33.03);
insert into SHOT values (1133, 1137, 1138, 1011, 2.230, 349.24, 1.50, 2.231, 349.14, 1.54, 0.004, 269.04, 22.40);
insert into SHOT values (1134, 1137, 1139, 1011, 4.330, 27.44, 4.70, 4.330, 27.46, 4.64, 0.005, 80.35, -76.53);
insert into SHOT values (1135, 1137, 1140, 1011, 3.160, 39.54, 7.70, 3.154, 39.55, 7.65, 0.007, 217.52, -29.11);
insert into SHOT values (1136, 1137, 1141, 1011, 9.670, 29.04, 29.60, 9.670, 29.03, 29.62, 0.004, 248.72, 60.87);
insert into SHOT values (1137, 1137, 1142, 1011, 5.510, 242.14, 16.50, 5.508, 242.13, 16.45, 0.005, 147.89, -71.18);
insert into SHOT values (1138, 1137, 1143, 1011, 5.220, 286.74, 7.80, 5.218, 286.75, 7.82, 0.003, 87.61, 32.58);
insert into SHOT values (1139, 1137, 1144, 1011, 2.310, 317.74, 3.50, 2.305, 317.64, 3.48, 0.007, 175.92, -8.86);
insert into SHOT values (1140, 1137, 1145, 1011, 10.430, 277.24, 55.40, 10.428, 277.17, 55.37, 0.010, 214.58, -32.93);
insert into SHOT values (1141, 1137, 1146, 1011, 1.730, 342.94, -80.50, 1.734, 341.57, -80.55, 0.008, 244.55, -28.30);
insert into SHOT values (1142, 1137, 1147, 1011, 7.990, 30.04, -76.70, 7.994, 30.05, -76.71, 0.004, 192.59, -74.78);
insert into SHOT values (1143, 1137, 1148, 1011, 20.810, 264.74, -75.20, 20.812, 264.72, -75.18, 0.007, 245.42, -3.23);
insert into SHOT values (1144, 1137, 1149, 1011, 5.570, 260.14, 12.70, 5.575, 260.16, 12.64, 0.008, 271.40, -35.04);
insert into SHOT values (1145, 1149, 1150, 1011, 2.070, 4.44, 5.50, 2.066, 4.46, 5.56, 0.005, 175.12, 20.43);
insert into SHOT values (1146, 1149, 1151, 1011, 3.250, 42.44, 0.10, 3.248, 42.63, 0.18, 0.012, 141.13, 22.06);
insert into SHOT values (1147, 1149, 1152, 1011, 7.820, 69.54, 0.00, 7.822, 69.57, 0.00, 0.004, 134.25, 0.00);
insert into SHOT values (1148, 1149, 1153, 1011, 4.610, 77.24, 3.70, 4.612, 77.32, 3.73, 0.007, 151.45, 20.75);
insert into SHOT values (1149, 1149, 1154, 1011, 6.830, 76.44, 4.00, 6.835, 76.51, 4.03, 0.010, 137.63, 20.38);
insert into SHOT values (1150, 1149, 1155, 1011, 3.880, 88.84, 2.20, 3.884, 88.97, 2.21, 0.009, 156.16, 6.67);
insert into SHOT values (1151, 1149, 1156, 1011, 3.320, 117.04, 3.20, 3.328, 117.03, 3.27, 0.009, 110.61, 29.88);
insert into SHOT values (1152, 1149, 1157, 1011, 1.350, 160.24, 10.60, 1.352, 160.20, 10.66, 0.002, 128.24, 41.98);
insert into SHOT values (1153, 1149, 1158, 1011, 2.560, 165.14, 5.00, 2.567, 165.04, 5.14, 0.010, 129.25, 41.08);
insert into SHOT values (1154, 1149, 1159, 1011, 1.060, 209.94, 2.50, 1.058, 209.48, 2.71, 0.010, 105.39, 22.90);
insert into SHOT values (1155, 1149, 1160, 1011, 3.310, 266.44, 12.50, 3.306, 266.45, 12.58, 0.006, 85.00, 33.89);
insert into SHOT values (1156, 1149, 1161, 1011, 7.020, 314.44, 29.20, 7.019, 314.47, 29.25, 0.007, 99.06, 46.04);
insert into SHOT values (1157, 1149, 1162, 1011, 7.730, 52.94, -67.10, 7.732, 53.09, -67.06, 0.010, 105.16, 4.41);
insert into SHOT values (1158, 1149, 1163, 1011, 20.830, 125.64, -76.70, 20.831, 125.68, -76.67, 0.010, 142.53, 7.87);
insert into SHOT values (1159, 1149, 1164, 1011, 20.850, 288.34, -88.70, 20.845, 288.82, -88.72, 0.010, 82.83, 27.07);
insert into SCRAPS values (1013, 1004, 'SP-Gouffre_du_Colonney_00', 1, 1.93518, 0.10644);
 insert into SCRAPS values (1049, 1004, 'SP-Gouffre_du_Colonney_01', 1, 100.00000, 2.23879);
 insert into SCRAPS values (1165, 1004, 'SP-Gouffre_du_Colonney_02', 1, 1.09331, 0.03715);
 insert into SCRAPS values (1230, 1004, 'SP-Gouffre_du_Colonney_03', 1, 0.77098, 0.08144);
 insert into SCRAPS values (1259, 1004, 'SP-Gouffre_du_Colonney_04', 1, 7.82861, 0.06715);
 insert into SCRAPS values (1364, 1004, 'SC-Gouffre_du_Colonney_00', 2, 12.20203, 0.08003);
 insert into SCRAPS values (1417, 1004, 'SC-Gouffre_du_Colonney_01', 2, 0.03591, 0.00043);
 insert into SCRAPS values (1513, 1004, 'SC-Gouffre_du_Colonney_02', 2, 0.43620, 0.00281);
 insert into SCRAPS values (1571, 1004, 'SC-Gouffre_du_Colonney_03', 2, 4.91530, 0.18598);
 insert into MAPS values (1652, 1004, 'MP-Gouffre_du_Colonney', 'Gouffre du Colonney', 1, 693.430, -246.130);
 insert into MAPITEMS values (1652, 4, 1013);
 insert into MAPITEMS values (1652, 4, 1049);
 insert into MAPITEMS values (1652, 4, 1165);
 insert into MAPITEMS values (1652, 4, 1230);
 insert into MAPITEMS values (1652, 4, 1259);
 insert into MAPS values (1653, 1004, 'MC-Gouffre_du_Colonney', 'Gouffre du Colonney', 2, 693.430, -246.130);
 insert into MAPITEMS values (1653, 4, 1364);
 insert into MAPITEMS values (1653, 4, 1417);
 insert into MAPITEMS values (1653, 4, 1513);
 insert into MAPITEMS values (1653, 4, 1571);
 insert into SURVEY values (1655, 58, 'Grotte_des_3_gros', 'Grotte_des_3_gros.Flaine_Plate', 'Grotte des trois gros (GRSIF 70-12)');
 insert into CENTRELINE values (1656, 1655, NULL, NULL, NULL, 0.00, 0.00, 0.00);
 insert into SURVEY values (1657, 1655, 'Grotte_des_3_gros', 'Grotte_des_3_gros.Grotte_des_3_gros.Flaine_Plate', 'Grotte des trois gros (GRSIF 70-12)');
 insert into CENTRELINE values (1658, 1657, NULL, NULL, NULL, 0.00, 0.00, 0.00);
 insert into CENTRELINE values (1659, 1657, NULL, '2024-07-21', '2024-01-01', 25.76, 0.00, 23.84);
 insert into TOPO values (1, 1659);
 insert into TOPO values (2, 1659);
 insert into TOPO values (20, 1659);
 insert into EXPLO values (3, 1659);
 insert into PERSON values (22, NULL, 'GRSIF');
insert into EXPLO values (22, 1659);
 insert into SHOT values (1160, 1165, 1166, 1659, 3.990, 348.44, 1.40, 3.992, 348.44, 1.44, 0.003, 334.45, 48.06);
insert into SHOT values (1161, 1165, 1167, 1659, 8.490, 57.34, 5.30, 8.491, 57.36, 5.27, 0.005, 120.29, -54.83);
insert into SHOT values (1162, 1165, 1168, 1659, 8.450, 226.44, 3.70, 8.449, 226.44, 3.73, 0.005, 68.87, 76.98);
insert into SHOT values (1163, 1165, 1169, 1659, 6.000, 252.44, 2.80, 5.997, 252.41, 2.77, 0.005, 122.66, -35.02);
insert into SHOT values (1164, 1165, 1170, 1659, 5.260, 288.54, 6.60, 5.255, 288.54, 6.56, 0.006, 115.28, -47.13);
insert into SHOT values (1165, 1165, 1171, 1659, 5.330, 305.84, 5.90, 5.329, 305.79, 5.92, 0.006, 206.72, 22.12);
insert into SHOT values (1166, 1165, 1172, 1659, 6.670, 85.84, 62.50, 6.672, 85.90, 62.53, 0.005, 209.08, 45.02);
insert into SHOT values (1167, 1165, 1173, 1659, 7.030, 73.14, 25.60, 7.034, 73.14, 25.61, 0.004, 55.67, 39.02);
insert into SHOT values (1168, 1165, 1174, 1659, 1.000, 356.84, -40.70, 1.001, 356.99, -40.50, 0.004, 29.87, 31.11);
insert into SHOT values (1169, 1165, 1175, 1659, 0.620, 219.54, -78.30, 0.623, 218.66, -78.14, 0.004, 179.09, -43.40);
insert into SHOT values (1170, 1165, 1176, 1659, 5.840, 79.74, 68.90, 5.842, 79.87, 68.90, 0.005, 164.33, 19.14);
insert into SHOT values (1171, 1165, 1177, 1659, 8.930, 57.64, 3.50, 8.902, 57.28, 4.06, 0.108, 296.64, 51.88);
insert into SHOT values (1172, 1177, 1178, 1659, 5.170, 282.94, 0.70, 5.162, 282.99, 0.78, 0.011, 76.57, 38.91);
insert into SHOT values (1173, 1177, 1179, 1659, 9.880, 304.24, -0.10, 9.874, 304.27, -0.06, 0.010, 87.81, 45.05);
insert into SHOT values (1174, 1177, 1180, 1659, 9.970, 331.84, 6.40, 9.964, 331.86, 6.45, 0.011, 136.55, 48.95);
insert into SHOT values (1175, 1177, 1181, 1659, 9.920, 338.64, 8.40, 9.919, 338.66, 8.41, 0.004, 86.42, 13.19);
insert into SHOT values (1176, 1177, 1182, 1659, 6.530, 261.14, 4.80, 6.521, 261.15, 4.84, 0.010, 79.77, 20.30);
insert into SHOT values (1177, 1177, 1183, 1659, 1.410, 304.84, -86.10, 1.403, 305.54, -86.48, 0.012, 118.83, 34.12);
insert into SHOT values (1178, 1177, 1184, 1659, 0.190, 338.44, 82.70, 0.191, 0.00, 83.99, 0.009, 105.46, 9.50);
insert into SHOT values (1179, 1177, 1185, 1659, 6.360, 336.34, -2.20, 6.373, 336.01, -1.71, 0.067, 268.13, 53.52);
insert into SHOT values (1180, 1185, 1186, 1659, 4.220, 242.54, 4.70, 4.219, 242.52, 4.76, 0.005, 112.50, 61.61);
insert into SHOT values (1181, 1185, 1187, 1659, 4.760, 272.94, 7.60, 4.758, 272.92, 7.61, 0.003, 140.44, 8.51);
insert into SHOT values (1182, 1185, 1188, 1659, 4.030, 304.14, 9.70, 4.032, 304.13, 9.71, 0.003, 278.94, 22.49);
insert into SHOT values (1183, 1185, 1189, 1659, 4.080, 325.64, 13.70, 4.075, 325.71, 13.77, 0.008, 109.24, 26.71);
insert into SHOT values (1184, 1185, 1190, 1659, 2.680, 357.14, 11.80, 2.680, 357.16, 11.84, 0.002, 98.87, 70.36);
insert into SHOT values (1185, 1185, 1191, 1659, 1.730, 14.94, 10.90, 1.730, 15.02, 11.00, 0.004, 124.82, 50.92);
insert into SHOT values (1186, 1185, 1192, 1659, 1.050, 3.54, 8.00, 1.053, 3.85, 8.19, 0.007, 68.88, 32.26);
insert into SHOT values (1187, 1185, 1193, 1659, 0.850, 89.04, 5.80, 0.855, 88.65, 6.04, 0.008, 37.15, 29.00);
insert into SHOT values (1188, 1185, 1194, 1659, 1.860, 136.44, 1.70, 1.854, 136.31, 1.85, 0.009, 351.65, 32.94);
insert into SHOT values (1189, 1185, 1195, 1659, 4.470, 143.64, 1.60, 4.472, 143.64, 1.67, 0.006, 139.65, 69.64);
insert into SHOT values (1190, 1185, 1196, 1659, 5.870, 155.44, 3.90, 5.867, 155.36, 3.91, 0.009, 42.70, 4.67);
insert into SHOT values (1191, 1185, 1197, 1659, 3.110, 110.74, 85.10, 3.111, 109.80, 85.10, 0.005, 21.06, 17.30);
insert into SHOT values (1192, 1185, 1198, 1659, 0.450, 263.74, -79.00, 0.447, 262.87, -79.62, 0.006, 96.86, 17.81);
insert into SHOT values (1193, 1185, 1199, 1659, 3.670, 349.54, 6.00, 3.687, 349.30, 6.39, 0.033, 301.24, 51.96);
insert into SHOT values (1194, 1199, 1200, 1659, 6.790, 343.24, 4.70, 6.789, 343.25, 4.65, 0.006, 81.06, -81.92);
insert into SHOT values (1195, 1199, 1201, 1659, 1.840, 261.94, 14.60, 1.846, 261.96, 14.43, 0.008, 266.04, -28.54);
insert into SHOT values (1196, 1199, 1202, 1659, 3.640, 311.44, 11.90, 3.642, 311.47, 11.89, 0.003, 357.56, -13.21);
insert into SHOT values (1197, 1199, 1203, 1659, 7.250, 333.84, 7.60, 7.251, 333.83, 7.61, 0.003, 258.68, 26.83);
insert into SHOT values (1198, 1199, 1204, 1659, 4.880, 342.74, 11.20, 4.879, 342.74, 11.23, 0.003, 180.01, 53.12);
insert into SHOT values (1199, 1199, 1205, 1659, 2.950, 346.54, 18.00, 2.952, 346.41, 17.95, 0.007, 281.02, -12.37);
insert into SHOT values (1200, 1199, 1206, 1659, 0.310, 16.94, 11.00, 0.310, 17.24, 11.18, 0.002, 129.82, 26.44);
insert into SHOT values (1201, 1199, 1207, 1659, 0.160, 73.64, -1.20, 0.158, 71.57, 0.00, 0.007, 324.83, 28.93);
insert into SHOT values (1202, 1199, 1208, 1659, 0.230, 200.94, -72.50, 0.230, 206.57, -73.04, 0.007, 311.03, -5.27);
insert into SHOT values (1203, 1199, 1209, 1659, 2.070, 184.34, 80.80, 2.067, 185.19, 80.77, 0.006, 270.04, -34.38);
insert into SHOT values (1204, 1199, 1210, 1659, 1.400, 4.34, 85.10, 1.395, 4.76, 85.05, 0.005, 51.08, -76.09);
insert into SHOT values (1205, 1199, 1211, 1659, 6.800, 343.34, 4.60, 6.824, 342.98, 5.04, 0.073, 277.56, 48.88);
insert into SHOT values (1206, 1211, 1212, 1659, 0.250, 326.04, 2.10, 0.253, 326.31, 2.27, 0.003, 350.64, 16.63);
insert into SHOT values (1207, 1211, 1213, 1659, 0.980, 133.94, 1.30, 0.976, 134.17, 1.17, 0.006, 269.02, -22.36);
insert into SHOT values (1208, 1211, 1214, 1659, 2.030, 162.54, 2.60, 2.036, 162.55, 2.53, 0.006, 162.76, -20.01);
insert into SHOT values (1209, 1211, 1215, 1659, 2.380, 187.34, 4.10, 2.386, 187.48, 4.09, 0.009, 229.55, -1.09);
insert into SHOT values (1210, 1211, 1216, 1659, 0.670, 198.74, -1.00, 0.677, 198.97, -0.85, 0.008, 220.01, 12.96);
insert into SHOT values (1211, 1211, 1217, 1659, 1.900, 212.74, -1.20, 1.903, 212.77, -1.20, 0.003, 227.96, -3.52);
insert into SHOT values (1212, 1211, 1218, 1659, 1.050, 229.94, -1.00, 1.058, 229.99, -1.08, 0.008, 235.63, -12.14);
insert into SHOT values (1213, 1211, 1219, 1659, 0.380, 248.14, -56.10, 0.386, 248.20, -56.05, 0.006, 251.50, -52.95);
insert into SHOT values (1214, 1211, 1220, 1659, 0.680, 312.94, 80.70, 0.678, 311.19, 80.98, 0.005, 174.82, -12.26);
insert into SHOT values (1215, 1211, 1221, 1659, 3.840, 183.34, -5.00, 3.831, 183.75, -4.64, 0.038, 288.30, 41.13);
insert into SHOT_FLAG values(1215, 'dpl');
insert into SHOT values (1216, 1211, 1222, 1659, 0.530, 314.74, 9.20, 0.529, 315.00, 8.69, 0.005, 42.99, -63.77);
insert into SHOT_FLAG values(1216, 'dpl');
insert into SHOT values (1217, 1211, 1223, 1659, 1.440, 55.34, 2.70, 1.439, 55.20, 2.79, 0.004, 302.78, 29.58);
insert into SHOT_FLAG values(1217, 'dpl');
insert into SHOT values (1218, 1211, 1224, 1659, 1.740, 102.64, 2.90, 1.735, 102.67, 2.97, 0.006, 274.08, 19.24);
insert into SHOT_FLAG values(1218, 'dpl');
insert into SHOT values (1219, 1211, 1225, 1659, 2.590, 126.44, -0.60, 2.588, 126.52, -0.66, 0.005, 245.84, -37.96);
insert into SHOT_FLAG values(1219, 'dpl');
insert into SHOT values (1220, 1211, 1226, 1659, 5.720, 152.14, -4.40, 5.716, 152.18, -4.41, 0.005, 295.95, -12.45);
insert into SHOT_FLAG values(1220, 'dpl');
insert into SHOT values (1221, 1211, 1227, 1659, 1.530, 193.74, -0.60, 1.535, 193.95, -0.75, 0.009, 239.09, -27.69);
insert into SHOT_FLAG values(1221, 'dpl');
insert into SHOT values (1222, 1211, 1228, 1659, 0.470, 227.94, 7.20, 0.471, 228.47, 7.31, 0.005, 301.85, 13.81);
insert into SHOT_FLAG values(1222, 'dpl');
insert into SHOT values (1223, 1211, 1229, 1659, 0.950, 136.04, 33.80, 0.953, 136.02, 33.79, 0.003, 129.65, 29.67);
insert into SHOT_FLAG values(1223, 'dpl');
insert into SHOT values (1224, 1211, 1230, 1659, 0.180, 65.44, -64.80, 0.177, 66.80, -64.55, 0.003, 171.06, 56.87);
insert into SHOT_FLAG values(1224, 'dpl');
insert into SHOT values (1225, 1221, 1231, 1659, 3.390, 163.34, -6.40, 3.376, 163.56, -6.12, 0.025, 295.82, 45.94);
insert into SHOT_FLAG values(1225, 'dpl');
insert into SHOT values (1226, 1231, 1232, 1659, 0.410, 256.84, 3.80, 0.411, 257.32, 4.18, 0.005, 332.22, 38.83);
insert into SHOT_FLAG values(1226, 'dpl');
insert into SHOT values (1227, 1231, 1233, 1659, 0.420, 309.84, 12.90, 0.424, 309.09, 13.63, 0.009, 247.87, 45.54);
insert into SHOT_FLAG values(1227, 'dpl');
insert into SHOT values (1228, 1231, 1234, 1659, 1.700, 27.34, 8.70, 1.697, 27.33, 8.81, 0.004, 215.35, 41.13);
insert into SHOT_FLAG values(1228, 'dpl');
insert into SHOT values (1229, 1231, 1235, 1659, 1.540, 38.14, 11.50, 1.542, 38.01, 11.60, 0.005, 326.73, 38.08);
insert into SHOT_FLAG values(1229, 'dpl');
insert into SHOT values (1230, 1231, 1236, 1659, 1.590, 84.54, 5.90, 1.586, 84.54, 6.15, 0.008, 265.28, 55.98);
insert into SHOT_FLAG values(1230, 'dpl');
insert into SHOT values (1231, 1231, 1237, 1659, 2.100, 109.44, 9.50, 2.098, 109.49, 9.60, 0.005, 260.56, 47.56);
insert into SHOT_FLAG values(1231, 'dpl');
insert into SHOT values (1232, 1231, 1238, 1659, 1.430, 52.94, 74.40, 1.431, 52.52, 74.68, 0.008, 255.93, 20.64);
insert into SHOT_FLAG values(1232, 'dpl');
insert into SHOT values (1233, 1231, 1239, 1659, 0.230, 240.94, -59.20, 0.228, 241.39, -56.60, 0.011, 248.31, 44.89);
insert into SHOT_FLAG values(1233, 'dpl');
insert into SHOT values (1234, 1231, 1240, 1659, 2.230, 230.64, 27.10, 2.276, 231.03, 27.47, 0.050, 252.35, 42.89);
insert into SHOT_FLAG values(1234, 'dpl');
insert into SHOT values (1235, 1240, 1241, 1659, 2.890, 233.94, -3.90, 2.891, 233.88, -3.97, 0.005, 161.38, -47.57);
insert into SHOT_FLAG values(1235, 'dpl');
insert into SHOT values (1236, 1240, 1242, 1659, 5.630, 159.64, -7.40, 5.635, 159.68, -7.44, 0.008, 200.29, -39.56);
insert into SHOT_FLAG values(1236, 'dpl');
insert into SHOT values (1237, 1240, 1243, 1659, 8.120, 135.94, -5.50, 8.121, 135.95, -5.51, 0.002, 192.44, -52.65);
insert into SHOT_FLAG values(1237, 'dpl');
insert into SHOT values (1238, 1240, 1244, 1659, 4.200, 100.34, -4.30, 4.200, 100.32, -4.37, 0.005, 357.16, -67.97);
insert into SHOT_FLAG values(1238, 'dpl');
insert into SHOT values (1239, 1240, 1245, 1659, 3.820, 51.54, -3.20, 3.822, 51.60, -3.30, 0.008, 121.29, -60.61);
insert into SHOT_FLAG values(1239, 'dpl');
insert into SHOT values (1240, 1240, 1246, 1659, 0.320, 351.54, -0.70, 0.324, 351.12, -1.77, 0.008, 319.88, -53.06);
insert into SHOT_FLAG values(1240, 'dpl');
insert into SHOT values (1241, 1240, 1247, 1659, 1.470, 78.54, -86.40, 1.473, 77.47, -86.41, 0.003, 344.48, -59.17);
insert into SHOT_FLAG values(1241, 'dpl');
insert into SHOT values (1242, 1240, 1248, 1659, 1.810, 146.64, 77.70, 1.811, 146.73, 77.80, 0.003, 315.88, 28.23);
insert into SHOT_FLAG values(1242, 'dpl');
insert into SHOT values (1243, 1240, 1249, 1659, 0.610, 190.04, 82.00, 0.606, 194.04, 82.17, 0.008, 304.69, -32.76);
insert into SHOT_FLAG values(1243, 'dpl');
insert into SHOT values (1244, 1240, 1250, 1659, 3.470, 183.24, -7.10, 3.461, 183.67, -6.80, 0.032, 287.40, 35.68);
insert into SHOT_FLAG values(1244, 'dpl');
insert into SHOT values (1245, 1250, 1251, 1659, 7.000, 118.24, -6.00, 7.009, 118.26, -5.98, 0.009, 127.26, 10.60);
insert into SHOT_FLAG values(1245, 'dpl');
insert into SHOT values (1246, 1250, 1252, 1659, 4.830, 89.54, -5.70, 4.834, 89.52, -5.70, 0.004, 66.02, -3.70);
insert into SHOT_FLAG values(1246, 'dpl');
insert into SHOT values (1247, 1250, 1253, 1659, 5.390, 52.64, -2.10, 5.398, 52.68, -2.12, 0.009, 78.16, -16.11);
insert into SHOT_FLAG values(1247, 'dpl');
insert into SHOT values (1248, 1250, 1254, 1659, 5.820, 39.24, -0.40, 5.827, 39.29, -0.39, 0.009, 71.14, 4.18);
insert into SHOT_FLAG values(1248, 'dpl');
insert into SHOT values (1249, 1250, 1255, 1659, 6.620, 28.84, -1.20, 6.626, 28.89, -1.21, 0.008, 69.57, -10.35);
insert into SHOT_FLAG values(1249, 'dpl');
insert into SHOT values (1250, 1250, 1256, 1659, 4.920, 19.94, 0.90, 4.917, 19.98, 0.93, 0.005, 155.88, 29.74);
insert into SHOT_FLAG values(1250, 'dpl');
insert into SHOT values (1251, 1250, 1257, 1659, 3.600, 6.34, 1.00, 3.603, 6.38, 0.95, 0.004, 40.77, -39.55);
insert into SHOT_FLAG values(1251, 'dpl');
insert into SHOT values (1252, 1250, 1258, 1659, 3.030, 347.04, -1.70, 3.026, 347.20, -1.70, 0.009, 99.89, -0.70);
insert into SHOT_FLAG values(1252, 'dpl');
insert into SHOT values (1253, 1250, 1259, 1659, 2.280, 327.64, -4.10, 2.275, 327.78, -4.03, 0.008, 98.75, 22.86);
insert into SHOT_FLAG values(1253, 'dpl');
insert into SHOT values (1254, 1250, 1260, 1659, 0.580, 314.84, -3.90, 0.581, 315.00, -3.95, 0.002, 8.24, -15.71);
insert into SHOT_FLAG values(1254, 'dpl');
insert into SHOT values (1255, 1250, 1261, 1659, 2.390, 358.54, 63.50, 2.388, 358.92, 63.65, 0.009, 130.57, 6.77);
insert into SHOT_FLAG values(1255, 'dpl');
insert into SHOT values (1256, 1250, 1262, 1659, 1.540, 55.34, -87.00, 1.542, 60.26, -87.00, 0.007, 147.59, -16.99);
insert into SHOT_FLAG values(1256, 'dpl');
insert into SHOT values (1257, 1250, 1263, 1659, 1.550, 1.14, -88.10, 1.551, 11.31, -88.12, 0.009, 98.74, -5.36);
insert into SHOT_FLAG values(1257, 'dpl');
insert into SHOT values (1258, 1250, 1264, 1659, 2.860, 130.94, -39.70, 2.812, 131.26, -39.54, 0.050, 290.54, 47.07);
insert into SHOT_FLAG values(1258, 'dpl');
insert into SHOT values (1259, 1264, 1265, 1659, 1.360, 216.94, 2.30, 1.351, 216.87, 2.54, 0.011, 48.11, 30.84);
insert into SHOT_FLAG values(1259, 'dpl');
insert into SHOT values (1260, 1264, 1266, 1659, 1.640, 278.64, 14.00, 1.638, 278.69, 14.14, 0.005, 75.59, 44.44);
insert into SHOT_FLAG values(1260, 'dpl');
insert into SHOT values (1261, 1264, 1267, 1659, 2.730, 305.24, 14.40, 2.733, 305.31, 14.41, 0.004, 353.54, 14.62);
insert into SHOT_FLAG values(1261, 'dpl');
insert into SHOT values (1262, 1264, 1268, 1659, 4.510, 312.14, 13.40, 4.513, 312.23, 13.45, 0.008, 25.38, 35.23);
insert into SHOT_FLAG values(1262, 'dpl');
insert into SHOT values (1263, 1264, 1269, 1659, 6.220, 344.54, 13.20, 6.222, 344.59, 13.19, 0.005, 48.59, -3.90);
insert into SHOT_FLAG values(1263, 'dpl');
insert into SHOT values (1264, 1264, 1270, 1659, 6.230, 356.04, 14.70, 6.237, 356.10, 14.67, 0.010, 34.49, -5.19);
insert into SHOT_FLAG values(1264, 'dpl');
insert into SHOT values (1265, 1264, 1271, 1659, 6.590, 16.74, 12.50, 6.601, 16.78, 12.51, 0.012, 35.37, 18.34);
insert into SHOT_FLAG values(1265, 'dpl');
insert into SHOT values (1266, 1264, 1272, 1659, 5.060, 31.04, 15.40, 5.064, 31.08, 15.46, 0.008, 84.40, 55.94);
insert into SHOT_FLAG values(1266, 'dpl');
insert into SHOT values (1267, 1264, 1273, 1659, 4.250, 42.84, 11.70, 4.256, 42.76, 11.66, 0.009, 360.00, -12.06);
insert into SHOT_FLAG values(1267, 'dpl');
insert into SHOT values (1268, 1264, 1274, 1659, 0.310, 115.64, 2.60, 0.309, 114.90, 3.71, 0.007, 11.56, 55.31);
insert into SHOT_FLAG values(1268, 'dpl');
insert into SHOT values (1269, 1264, 1275, 1659, 4.730, 112.74, 7.90, 4.738, 112.69, 7.89, 0.009, 81.54, -0.69);
insert into SHOT_FLAG values(1269, 'dpl');
insert into SHOT values (1270, 1264, 1276, 1659, 2.820, 30.64, 68.60, 2.827, 30.77, 68.50, 0.009, 49.38, 31.25);
insert into SHOT_FLAG values(1270, 'dpl');
insert into SHOT values (1271, 1264, 1277, 1659, 1.360, 147.84, 81.60, 1.364, 145.49, 81.82, 0.010, 27.47, 26.41);
insert into SHOT_FLAG values(1271, 'dpl');
insert into SHOT values (1272, 1264, 1278, 1659, 0.140, 31.54, -81.30, 0.143, 45.00, -78.58, 0.009, 77.65, -10.00);
insert into SHOT_FLAG values(1272, 'dpl');
insert into SHOT values (1273, 1264, 1165, 1659, 8.050, 199.54, 2.10, 8.053, 199.99, 2.63, 0.098, 289.73, 50.23);
insert into SHOT_FLAG values(1273, 'dpl');
insert into SCRAPS values (1661, 1655, 'SP-Grotte_des_3_gros_00', 1, 0.23579, 0.03941);
 insert into MAPS values (1689, 1655, 'MP-Grotte_des_3_gros', 'Grotte des trois gros', 1, 25.760, -2.200);
 insert into MAPITEMS values (1689, 4, 1661);
 insert into SURVEY values (1691, 58, 'Grotte_du_lac', 'Grotte_du_lac.Flaine_Plate', 'Grotte du Lac (L100)');
 insert into CENTRELINE values (1692, 1691, NULL, NULL, NULL, 0.00, 0.00, 0.00);
 insert into SURVEY values (1693, 1691, 'Grotte_du_lac', 'Grotte_du_lac.Grotte_du_lac.Flaine_Plate', 'Grotte du lac (L100)');
 insert into CENTRELINE values (1694, 1693, NULL, NULL, NULL, 0.00, 0.00, 0.00);
 insert into CENTRELINE values (1695, 1693, NULL, '2010-08-28', '2010-01-01', 27.23, 0.00, 0.00);
 insert into PERSON values (23, NULL, '?');
insert into TOPO values (23, 1695);
 insert into TOPO values (9, 1695);
 insert into EXPLO values (22, 1695);
 insert into PERSON values (24, NULL, 'S.C.M.B.');
insert into EXPLO values (24, 1695);
 insert into SHOT values (1274, 1279, 1280, 1695, 0.000, 2.60, 0.00, 0.000, 90.00, 0.00, 0.000, 90.00, 0.00);
insert into SHOT values (1275, 1280, 1281, 1695, 5.700, 5.60, 25.00, 5.699, 5.56, 25.02, 0.005, 253.59, 13.39);
insert into SHOT values (1276, 1281, 1282, 1695, 6.180, 324.60, -2.00, 6.180, 324.69, -2.04, 0.010, 54.34, -24.93);
insert into SHOT values (1277, 1282, 1283, 1695, 6.540, 71.60, 0.00, 6.533, 71.62, 0.00, 0.007, 234.66, 0.00);
insert into SHOT values (1278, 1283, 1284, 1695, 3.440, 39.60, -3.00, 3.443, 39.57, -3.00, 0.003, 2.71, 0.65);
insert into SHOT values (1279, 1284, 1285, 1695, 2.650, 101.60, -2.00, 2.657, 101.73, -1.94, 0.010, 142.07, 14.92);
insert into SHOT values (1280, 1285, 1286, 1695, 2.720, 149.60, 10.00, 2.717, 149.70, 9.96, 0.006, 274.82, -23.21);
insert into STATION values (1, 'Gouffre_de_la_petite_Marielle', 62, 322898.00, 5094854.00, 2300.00);
insert into STATION_FLAG values(1, 'ent');
insert into STATION_FLAG values(1, 'fix');
insert into STATION values (2, '0d', 62, 322898.00, 5094854.00, 2300.00);
insert into STATION values (3, '1.2', 62, 322898.00, 5094854.00, 2300.00);
insert into STATION values (4, '1.0', 62, 322895.82, 5094854.70, 2289.73);
insert into STATION values (5, '2.0', 62, 322895.82, 5094854.70, 2289.73);
insert into STATION values (6, '1.0d', 62, 322895.82, 5094854.70, 2289.73);
insert into STATION values (7, '1.1', 62, 322897.57, 5094854.07, 2293.72);
insert into STATION values (8, '1.2d', 62, 322898.00, 5094854.00, 2300.00);
insert into STATION values (9, '2f.0', 62, 322895.82, 5094854.70, 2289.73);
insert into STATION values (10, '2f.1', 62, 322891.38, 5094854.97, 2289.05);
insert into STATION values (11, '2.1', 62, 322904.79, 5094858.20, 2289.10);
insert into STATION values (12, '2.2', 62, 322909.38, 5094858.70, 2290.43);
insert into STATION values (13, '2.3', 62, 322918.25, 5094861.12, 2289.43);
insert into STATION values (14, '2.4', 62, 322931.91, 5094862.39, 2287.55);
insert into STATION values (15, '2.5', 62, 322934.11, 5094863.18, 2287.50);
insert into STATION values (16, '2.6', 62, 322939.07, 5094865.81, 2284.80);
insert into STATION values (17, '2.7', 62, 322945.34, 5094867.98, 2285.28);
insert into STATION values (18, '2.8', 62, 322948.56, 5094869.06, 2284.24);
insert into STATION values (19, '2.9', 62, 322953.37, 5094870.29, 2284.85);
insert into STATION values (20, '2.10', 62, 322960.50, 5094873.52, 2283.20);
insert into STATION values (21, '2.11', 62, 322964.66, 5094874.42, 2285.97);
insert into STATION values (22, '2.12', 62, 322968.97, 5094876.43, 2284.22);
insert into STATION values (23, '2.13', 62, 322969.46, 5094877.47, 2284.61);
insert into STATION values (24, '3.0', 62, 322918.25, 5094861.12, 2289.43);
insert into STATION values (25, '3.1', 62, 322920.82, 5094856.89, 2294.21);
insert into STATION values (26, '4.0', 62, 322933.59, 5094858.64, 2286.82);
insert into STATION values (27, '4.0d', 62, 322933.59, 5094858.64, 2286.82);
insert into STATION values (28, '4.1', 62, 322934.11, 5094863.18, 2287.50);
insert into STATION values (29, '10.0', 62, 322978.68, 5094881.91, 2224.44);
insert into STATION values (30, '10.0d', 62, 322978.68, 5094881.91, 2224.44);
insert into STATION values (31, '10.1', 62, 322974.39, 5094882.64, 2235.77);
insert into STATION values (32, '10.2', 62, 322974.15, 5094883.63, 2243.34);
insert into STATION values (33, '10.3', 62, 322975.08, 5094883.20, 2244.39);
insert into STATION values (34, '10.4', 62, 322976.41, 5094883.76, 2259.06);
insert into STATION values (35, '10.5', 62, 322976.39, 5094882.01, 2272.86);
insert into STATION values (36, '10.6', 62, 322976.65, 5094880.70, 2275.03);
insert into STATION values (37, '10.7', 62, 322971.46, 5094878.17, 2283.56);
insert into STATION values (38, '10.8', 62, 322970.22, 5094876.96, 2283.82);
insert into STATION values (39, '10.9', 62, 322969.46, 5094877.47, 2284.61);
insert into STATION values (40, '11.0', 62, 322974.39, 5094882.63, 2235.78);
insert into STATION values (41, '11.1', 62, 322976.08, 5094889.98, 2230.49);
insert into STATION values (42, '11.2', 62, 322975.71, 5094888.17, 2224.54);
insert into STATION values (43, '11.3', 62, 322974.44, 5094889.00, 2216.10);
insert into STATION values (44, '11.4', 62, 322978.16, 5094889.45, 2211.46);
insert into STATION values (45, '12.0', 62, 322974.44, 5094889.00, 2216.11);
insert into STATION values (46, '12.1', 62, 322974.62, 5094887.02, 2216.20);
insert into STATION values (47, '12.2', 62, 322970.99, 5094889.44, 2213.79);
insert into STATION values (48, '12.3', 62, 322970.51, 5094890.46, 2212.68);
insert into STATION values (49, '12.4', 62, 322972.99, 5094890.91, 2213.04);
insert into STATION values (50, '12.5', 62, 322975.51, 5094891.32, 2213.52);
insert into STATION values (51, '12.6', 62, 322980.01, 5094892.81, 2217.56);
insert into STATION values (52, '12.7', 62, 322983.47, 5094894.40, 2215.06);
insert into STATION values (53, '12.8', 62, 322987.75, 5094892.85, 2234.02);
insert into STATION values (54, '13.0', 62, 322970.51, 5094890.46, 2212.68);
insert into STATION values (55, '13.1', 62, 322967.64, 5094889.40, 2216.32);
insert into STATION values (56, '13.2', 62, 322965.45, 5094888.90, 2216.80);
insert into STATION values (57, '13.3', 62, 322962.35, 5094887.68, 2217.88);
insert into STATION values (58, '13.4', 62, 322951.88, 5094885.42, 2218.18);
insert into STATION values (59, '13.5', 62, 322946.95, 5094884.17, 2218.64);
insert into STATION values (60, '13.6', 62, 322944.30, 5094883.88, 2216.86);
insert into STATION values (61, '13.7', 62, 322938.67, 5094882.67, 2216.72);
insert into STATION values (62, '13.8', 62, 322934.10, 5094882.43, 2213.58);
insert into STATION values (63, '13.9', 62, 322933.32, 5094887.75, 2203.64);
insert into STATION values (64, '20.0', 62, 322983.47, 5094894.40, 2215.07);
insert into STATION values (65, '20.1', 62, 322985.15, 5094893.63, 2218.45);
insert into STATION values (66, '20.2', 62, 322987.49, 5094894.05, 2218.87);
insert into STATION values (67, '20.3', 62, 322990.53, 5094891.56, 2225.20);
insert into STATION values (68, '20.4', 62, 322993.06, 5094889.90, 2226.08);
insert into STATION values (69, '20.5', 62, 322990.12, 5094889.86, 2240.79);
insert into STATION values (70, '20.6', 62, 322991.28, 5094890.11, 2254.89);
insert into STATION values (71, '20.7', 62, 322987.17, 5094888.86, 2254.12);
insert into STATION values (72, '20.8', 62, 322981.70, 5094886.81, 2253.58);
insert into STATION values (73, '20.9', 62, 322980.82, 5094885.84, 2258.96);
insert into STATION values (74, '20.10', 62, 322980.51, 5094885.06, 2259.07);
insert into STATION values (75, '20.11', 62, 322976.41, 5094883.76, 2259.05);
insert into STATION values (76, '21.0', 62, 322993.06, 5094889.90, 2226.08);
insert into STATION values (77, '21.1', 62, 322988.30, 5094888.33, 2224.41);
insert into STATION values (78, '21.2', 62, 322985.62, 5094889.12, 2209.63);
insert into STATION values (79, '15.0', 62, 322976.65, 5094880.70, 2275.03);
insert into STATION values (80, '15.1', 62, 322978.85, 5094883.51, 2264.06);
insert into STATION values (81, '15.2', 62, 322980.94, 5094884.42, 2264.21);
insert into STATION values (82, '15.3', 62, 322985.57, 5094885.35, 2263.82);
insert into STATION values (83, '30.0', 62, 322923.73, 5094882.91, 2214.36);
insert into STATION values (84, '30.0d', 62, 322923.73, 5094882.91, 2214.36);
insert into STATION values (85, '30.1', 62, 322926.19, 5094883.64, 2216.31);
insert into STATION values (86, '30.2', 62, 322928.49, 5094882.72, 2217.05);
insert into STATION values (87, '30.3', 62, 322930.44, 5094883.45, 2217.39);
insert into STATION values (88, '30.4', 62, 322932.95, 5094883.37, 2217.17);
insert into STATION values (89, '30.5', 62, 322937.80, 5094884.80, 2216.60);
insert into STATION values (90, '30.6', 62, 322935.41, 5094883.99, 2216.33);
insert into STATION values (91, '30.7', 62, 322933.83, 5094884.05, 2215.48);
insert into STATION values (92, '30.8', 62, 322931.53, 5094884.71, 2214.76);
insert into STATION values (93, '30.9', 62, 322933.32, 5094887.75, 2203.64);
insert into STATION values (94, '30.10', 62, 322930.88, 5094888.97, 2204.27);
insert into STATION values (95, '30.11', 62, 322932.61, 5094893.03, 2202.65);
insert into STATION values (96, '30.12', 62, 322934.05, 5094898.94, 2202.57);
insert into STATION values (97, '30.13', 62, 322935.83, 5094901.04, 2202.86);
insert into STATION values (98, '30.14', 62, 322935.04, 5094904.77, 2202.82);
insert into STATION values (99, '30.15', 62, 322937.04, 5094910.27, 2201.47);
insert into STATION values (100, '30.16', 62, 322938.34, 5094912.63, 2200.43);
insert into STATION values (101, '30.17', 62, 322939.04, 5094913.88, 2186.33);
insert into STATION values (102, '30.18', 62, 322942.98, 5094913.01, 2177.47);
insert into STATION values (103, '30.19', 62, 322937.83, 5094911.46, 2175.64);
insert into STATION values (104, '30.20', 62, 322937.08, 5094910.68, 2166.37);
insert into STATION values (105, '30.21', 62, 322941.64, 5094911.33, 2166.04);
insert into STATION values (106, '30.22', 62, 322946.77, 5094912.46, 2165.52);
insert into STATION values (107, '30.23', 62, 322948.85, 5094911.58, 2165.22);
insert into STATION values (108, '30.24', 62, 322953.16, 5094912.20, 2164.62);
insert into STATION values (109, '30.25', 62, 322959.16, 5094913.37, 2165.06);
insert into STATION values (110, '30.26', 62, 322961.09, 5094912.64, 2164.72);
insert into STATION values (111, '30.27', 62, 322961.98, 5094910.21, 2164.54);
insert into STATION values (112, '30.28', 62, 322962.22, 5094908.06, 2165.04);
insert into STATION values (113, '30.29', 62, 322963.16, 5094907.60, 2165.38);
insert into STATION values (114, '31.0', 62, 322937.08, 5094910.68, 2166.37);
insert into STATION values (115, '31.1', 62, 322938.61, 5094902.89, 2165.33);
insert into STATION values (116, '41.0', 62, 322963.16, 5094907.60, 2165.38);
insert into STATION values (117, '41.1', 62, 322963.09, 5094905.94, 2164.74);
insert into STATION values (118, '41.2', 62, 322963.95, 5094905.90, 2164.38);
insert into STATION values (119, '41.3', 62, 322964.16, 5094905.62, 2161.51);
insert into STATION values (120, '42.0', 62, 322964.16, 5094905.62, 2161.51);
insert into STATION values (121, '42.1', 62, 322967.25, 5094904.46, 2162.33);
insert into STATION values (122, '42.2', 62, 322975.35, 5094900.85, 2163.90);
insert into STATION values (123, '41.4', 62, 322965.02, 5094906.73, 2156.47);
insert into STATION values (124, '41.5', 62, 322969.59, 5094902.91, 2138.02);
insert into STATION values (125, '41.6', 62, 322973.64, 5094900.91, 2140.17);
insert into STATION values (126, '41.7', 62, 322976.54, 5094901.99, 2122.44);
insert into STATION values (127, '41.8', 62, 322977.20, 5094901.85, 2113.26);
insert into STATION values (128, '41.9', 62, 322979.63, 5094906.61, 2092.44);
insert into STATION values (129, '41.10', 62, 322983.73, 5094908.97, 2085.79);
insert into STATION values (130, '41.11', 62, 322987.24, 5094909.69, 2084.16);
insert into STATION values (131, '41.12', 62, 322986.86, 5094909.38, 2074.17);
insert into STATION values (132, '41.13', 62, 322985.23, 5094909.97, 2073.84);
insert into STATION values (133, '41.14', 62, 322979.41, 5094913.51, 2053.13);
insert into STATION values (134, '41.15', 62, 322977.26, 5094915.44, 2048.45);
insert into STATION values (135, '41.16', 62, 322977.76, 5094919.24, 2049.28);
insert into STATION values (136, '41.17', 62, 322964.07, 5094930.26, 2017.97);
insert into STATION values (137, '41.18', 62, 322960.20, 5094933.36, 2003.81);
insert into STATION values (138, 'Gouffre_Moquette_qui_suinte', 502, 322894.00, 5094747.00, 2330.00);
insert into STATION_FLAG values(138, 'ent');
insert into STATION_FLAG values(138, 'fix');
insert into STATION values (139, '0d', 502, 322894.00, 5094747.00, 2330.00);
insert into STATION values (140, '1.0', 502, 322894.00, 5094747.00, 2330.00);
insert into STATION values (141, '1.1', 502, 322895.07, 5094747.09, 2325.16);
insert into STATION values (142, '1.2', 502, 322900.08, 5094746.78, 2323.38);
insert into STATION values (143, '1.3', 502, 322901.04, 5094746.50, 2320.32);
insert into STATION values (144, '1.4', 502, 322903.20, 5094746.53, 2319.60);
insert into STATION values (145, '1.5', 502, 322906.31, 5094746.76, 2314.27);
insert into STATION values (146, '1.6', 502, 322911.07, 5094745.30, 2321.06);
insert into STATION values (147, '1.7', 502, 322910.83, 5094743.85, 2320.43);
insert into STATION values (148, '1.8', 502, 322914.41, 5094744.09, 2320.17);
insert into STATION values (149, '1.9', 502, 322915.52, 5094743.57, 2320.05);
insert into STATION values (150, '1.10', 502, 322917.71, 5094744.65, 2320.25);
insert into STATION values (151, '1.11', 502, 322919.86, 5094743.72, 2319.86);
insert into STATION values (152, '1.12', 502, 322920.71, 5094746.08, 2319.05);
insert into STATION values (153, '1.13', 502, 322920.38, 5094746.87, 2319.29);
insert into STATION values (154, '1.14', 502, 322921.14, 5094749.51, 2319.76);
insert into STATION values (155, '1.15', 502, 322921.99, 5094751.25, 2321.17);
insert into STATION values (156, '1.16', 502, 322922.33, 5094754.65, 2324.47);
insert into STATION values (157, '2.0', 502, 322900.08, 5094746.78, 2323.38);
insert into STATION values (158, '2.1', 502, 322898.69, 5094743.88, 2322.59);
insert into STATION values (159, '2.2', 502, 322898.39, 5094742.20, 2318.83);
insert into STATION values (160, '3.0', 502, 322920.71, 5094746.08, 2319.05);
insert into STATION values (161, '3.1', 502, 322920.50, 5094745.53, 2319.09);
insert into STATION values (162, '3.2', 502, 322920.40, 5094745.43, 2308.70);
insert into STATION values (163, '4.0', 502, 322920.71, 5094746.08, 2319.05);
insert into STATION values (164, '4.1', 502, 322921.92, 5094745.02, 2318.56);
insert into STATION values (165, '4.2', 502, 322924.14, 5094745.73, 2318.82);
insert into STATION values (166, '4.3', 502, 322925.49, 5094745.37, 2318.94);
insert into STATION values (167, '6.0', 502, 322906.31, 5094746.76, 2314.27);
insert into STATION values (168, '6.1', 502, 322904.12, 5094746.09, 2313.50);
insert into STATION values (169, '6.2', 502, 322906.95, 5094747.85, 2312.38);
insert into STATION values (170, '6.3', 502, 322907.29, 5094749.11, 2311.09);
insert into STATION values (171, '6.4', 502, 322908.29, 5094751.72, 2309.41);
insert into STATION values (172, '6.5', 502, 322907.03, 5094752.55, 2309.52);
insert into STATION values (173, '6.6', 502, 322912.19, 5094753.33, 2306.90);
insert into STATION values (174, '6.7', 502, 322912.12, 5094755.79, 2304.90);
insert into STATION values (175, '6.8', 502, 322916.11, 5094755.74, 2303.73);
insert into STATION values (176, '6.9', 502, 322919.78, 5094757.61, 2301.20);
insert into STATION values (177, '6.10', 502, 322919.59, 5094758.08, 2297.94);
insert into STATION values (178, '6.11', 502, 322921.66, 5094758.66, 2297.02);
insert into STATION values (179, '6.12', 502, 322920.53, 5094758.89, 2295.05);
insert into STATION values (180, '8.0', 502, 322920.53, 5094758.89, 2295.05);
insert into STATION values (181, '8.1', 502, 322916.55, 5094760.64, 2295.04);
insert into STATION values (182, '8.2', 502, 322914.58, 5094760.70, 2295.38);
insert into STATION values (183, '8.3', 502, 322913.05, 5094761.86, 2294.67);
insert into STATION values (184, '7.0', 502, 322919.59, 5094758.08, 2297.94);
insert into STATION values (185, '7.1', 502, 322924.59, 5094756.30, 2296.83);
insert into STATION values (186, '7.2', 502, 322923.57, 5094755.85, 2297.26);
insert into STATION values (187, '7.3', 502, 322926.73, 5094754.86, 2296.43);
insert into STATION values (188, '6.13', 502, 322921.98, 5094758.84, 2294.91);
insert into STATION values (189, '6.14', 502, 322922.69, 5094760.87, 2294.75);
insert into STATION values (190, '6.15', 502, 322924.45, 5094762.18, 2294.65);
insert into STATION values (191, '40.0', 502, 322959.38, 5094733.66, 2292.87);
insert into STATION values (192, '40.0d', 502, 322959.38, 5094733.66, 2292.87);
insert into STATION values (193, '41.0', 502, 322959.38, 5094733.66, 2292.87);
insert into STATION values (194, '40.1', 502, 322958.40, 5094737.33, 2291.49);
insert into STATION values (195, '40.2', 502, 322956.45, 5094738.33, 2291.96);
insert into STATION values (196, '40.3', 502, 322955.99, 5094740.09, 2292.58);
insert into STATION values (197, '40.4', 502, 322956.57, 5094742.63, 2293.12);
insert into STATION values (198, '40.5', 502, 322953.90, 5094744.59, 2293.28);
insert into STATION values (199, '40.6', 502, 322953.67, 5094745.79, 2291.85);
insert into STATION values (200, '40.7', 502, 322953.87, 5094748.08, 2293.66);
insert into STATION values (201, '40.8', 502, 322952.65, 5094748.08, 2293.42);
insert into STATION values (202, '40.9', 502, 322952.52, 5094749.56, 2293.63);
insert into STATION values (203, '40.10', 502, 322950.31, 5094756.99, 2293.72);
insert into STATION values (204, '43.0', 502, 322950.31, 5094756.99, 2293.72);
insert into STATION values (205, '43.1', 502, 322947.45, 5094756.46, 2293.82);
insert into STATION values (206, '40.11', 502, 322948.43, 5094768.90, 2293.51);
insert into STATION values (207, '44.0', 502, 322948.43, 5094768.90, 2293.51);
insert into STATION values (208, '44.1', 502, 322943.47, 5094769.63, 2292.02);
insert into STATION values (209, '44.2', 502, 322940.06, 5094771.30, 2291.84);
insert into STATION values (210, '45.0', 502, 322948.43, 5094768.90, 2293.51);
insert into STATION values (211, '45.1', 502, 322949.39, 5094761.60, 2301.13);
insert into STATION values (212, '45.2', 502, 322946.05, 5094760.66, 2304.98);
insert into STATION values (213, '45.3', 502, 322945.54, 5094758.90, 2304.75);
insert into STATION values (214, '45.4', 502, 322944.63, 5094758.95, 2310.21);
insert into STATION values (215, '45.5', 502, 322939.43, 5094757.26, 2311.78);
insert into STATION values (216, '46.0', 502, 322939.43, 5094757.26, 2311.78);
insert into STATION values (217, '46.1', 502, 322941.23, 5094753.01, 2316.90);
insert into STATION values (218, '45.6', 502, 322937.90, 5094756.90, 2311.97);
insert into STATION values (219, '45.7', 502, 322934.09, 5094752.82, 2311.52);
insert into STATION values (220, '45.8', 502, 322937.36, 5094751.75, 2312.75);
insert into STATION values (221, '45.9', 502, 322935.39, 5094749.52, 2316.73);
insert into STATION values (222, '45.10', 502, 322931.97, 5094748.92, 2316.48);
insert into STATION values (223, '45.11', 502, 322929.69, 5094748.09, 2319.00);
insert into STATION values (224, '45.12', 502, 322926.26, 5094746.57, 2318.90);
insert into STATION values (225, '45.13', 502, 322922.37, 5094745.78, 2318.74);
insert into STATION values (226, '45.14', 502, 322920.71, 5094746.08, 2319.05);
insert into STATION values (227, '42.0', 502, 322952.52, 5094749.56, 2293.63);
insert into STATION values (228, '42.1', 502, 322947.59, 5094747.40, 2293.63);
insert into STATION values (229, '41.1', 502, 322965.07, 5094735.09, 2291.67);
insert into STATION values (230, '41.2', 502, 322972.20, 5094735.53, 2291.20);
insert into STATION values (231, '41.3', 502, 322981.12, 5094737.48, 2290.50);
insert into STATION values (232, '41.4', 502, 322983.24, 5094737.35, 2290.23);
insert into STATION values (233, '41.5', 502, 322988.20, 5094738.89, 2289.82);
insert into STATION values (234, '41.6', 502, 322991.48, 5094739.13, 2290.02);
insert into STATION values (235, '41.7', 502, 323001.44, 5094740.10, 2290.02);
insert into STATION values (236, '41.06', 508, 322991.48, 5094739.13, 2290.02);
insert into STATION values (237, '41.07', 508, 322993.71, 5094738.81, 2289.78);
insert into STATION values (238, '41.08', 508, 322998.59, 5094739.51, 2289.25);
insert into STATION values (239, '41.09', 508, 323001.17, 5094741.49, 2288.91);
insert into STATION values (240, '41.10', 508, 323002.54, 5094744.45, 2288.26);
insert into STATION values (241, '41.11', 508, 323005.66, 5094744.58, 2288.51);
insert into STATION values (242, '41.12', 508, 323005.99, 5094749.51, 2287.79);
insert into STATION values (243, '41.13', 508, 323006.77, 5094753.13, 2287.66);
insert into STATION values (244, '41.14', 508, 323005.63, 5094753.61, 2287.94);
insert into STATION values (245, '41.15', 508, 323006.00, 5094755.28, 2287.53);
insert into STATION values (246, '41.16', 508, 323012.34, 5094753.81, 2286.81);
insert into STATION values (247, '41.17', 508, 323016.31, 5094751.60, 2286.53);
insert into STATION values (248, '41.18', 508, 323017.63, 5094751.94, 2286.48);
insert into STATION values (249, 'Gouffre_Chimelle', 929, 321222.00, 5094742.00, 2425.00);
insert into STATION_FLAG values(249, 'ent');
insert into STATION_FLAG values(249, 'fix');
insert into STATION values (250, '0d', 929, 321222.00, 5094742.00, 2425.00);
insert into STATION values (251, '9', 929, 321222.00, 5094742.00, 2425.00);
insert into STATION values (252, 'fd', 929, 321220.94, 5094746.08, 2332.07);
insert into STATION values (253, '1', 929, 321221.77, 5094746.69, 2356.64);
insert into STATION values (254, '2', 929, 321222.72, 5094747.63, 2360.09);
insert into STATION values (255, '3', 929, 321224.55, 5094752.21, 2364.69);
insert into STATION values (256, '4', 929, 321224.33, 5094749.91, 2391.59);
insert into STATION values (257, '5', 929, 321223.41, 5094746.35, 2393.67);
insert into STATION values (258, '6', 929, 321223.93, 5094746.91, 2404.36);
insert into STATION values (259, '7', 929, 321223.43, 5094745.42, 2409.23);
insert into STATION values (260, '8', 929, 321222.67, 5094741.38, 2423.12);
insert into STATION values (261, 'Grotte_de_Monthieu', 992, 321516.09, 5094605.91, 2200.00);
insert into STATION_FLAG values(261, 'ent');
insert into STATION_FLAG values(261, 'fix');
insert into STATION values (262, '0d', 992, 321516.09, 5094605.91, 2200.00);
insert into STATION values (263, '1ht', 992, 321519.15, 5094607.94, 2203.72);
insert into STATION values (264, '1bas', 992, 321511.87, 5094605.92, 2196.82);
insert into STATION values (265, 'A0', 992, 321513.55, 5094606.24, 2198.11);
insert into STATION values (266, 'A1', 992, 321513.55, 5094606.24, 2200.60);
insert into STATION values (267, 'A2', 992, 321516.26, 5094601.70, 2198.47);
insert into STATION values (268, '1A0', 992, 321516.80, 5094603.48, 2199.30);
insert into STATION values (269, '2', 992, 321510.96, 5094603.79, 2195.44);
insert into STATION values (270, '3', 992, 321510.96, 5094603.79, 2188.54);
insert into STATION values (271, '4', 992, 321512.04, 5094587.73, 2185.94);
insert into STATION values (272, '5', 992, 321513.28, 5094587.13, 2187.64);
insert into STATION values (273, '6', 992, 321511.59, 5094584.44, 2185.81);
insert into STATION values (274, 'L_oeil_central_des_3_yeux', 999, 322869.00, 5094842.00, 2294.00);
insert into STATION_FLAG values(274, 'ent');
insert into STATION_FLAG values(274, 'fix');
insert into STATION values (275, '0d', 999, 322869.00, 5094842.00, 2294.00);
insert into STATION values (276, '1.0', 999, 322869.00, 5094842.00, 2294.00);
insert into STATION values (277, '1.1', 999, 322873.60, 5094845.40, 2294.98);
insert into STATION values (278, '1.2', 999, 322883.51, 5094848.40, 2294.23);
insert into STATION values (279, '1.3', 999, 322892.20, 5094852.23, 2294.28);
insert into STATION values (280, '1.4', 999, 322896.96, 5094853.92, 2294.49);
insert into STATION values (281, '1.5', 999, 322898.14, 5094853.32, 2295.38);
insert into STATION values (282, '1.6', 999, 322901.51, 5094854.58, 2295.53);
insert into STATION values (283, '2.0', 999, 322883.56, 5094848.42, 2294.23);
insert into STATION values (284, '2.1', 999, 322881.14, 5094849.45, 2293.02);
insert into STATION values (285, '2.2', 999, 322879.61, 5094851.84, 2292.95);
insert into STATION values (286, '2.3', 999, 322879.66, 5094851.27, 2292.89);
insert into STATION values (287, '2.4', 999, 322874.13, 5094851.63, 2292.59);
insert into STATION values (288, '2.5', 999, 322869.68, 5094849.81, 2293.10);
insert into STATION values (289, '2.6', 999, 322867.49, 5094848.28, 2292.10);
insert into STATION values (290, '2.7', 999, 322866.90, 5094846.48, 2292.71);
insert into STATION values (291, '2.8', 999, 322868.94, 5094841.98, 2294.01);
insert into STATION values (292, 'Gouffre_du_Colonney', 1006, 322803.00, 5094375.00, 2290.00);
insert into STATION_FLAG values(292, 'ent');
insert into STATION_FLAG values(292, 'fix');
insert into STATION values (293, '1', 1006, 322801.38, 5094375.05, 2289.40);
insert into STATION values (294, '2', 1006, 322800.36, 5094376.10, 2280.39);
insert into STATION values (295, '.', 1006, 322800.65, 5094374.69, 2280.36);
insert into STATION values (296, '.', 1006, 322801.85, 5094375.83, 2280.56);
insert into STATION values (297, '.', 1006, 322800.09, 5094377.21, 2280.24);
insert into STATION values (298, '.', 1006, 322800.92, 5094375.50, 2278.92);
insert into STATION values (299, '.', 1006, 322800.94, 5094376.58, 2278.55);
insert into STATION values (300, '3', 1006, 322799.90, 5094377.92, 2274.49);
insert into STATION values (301, '.', 1006, 322798.48, 5094378.84, 2274.71);
insert into STATION values (302, '.', 1006, 322796.86, 5094378.27, 2274.65);
insert into STATION values (303, '.', 1006, 322798.24, 5094376.30, 2274.52);
insert into STATION values (304, '.', 1006, 322799.66, 5094376.37, 2274.46);
insert into STATION values (305, '.', 1006, 322799.13, 5094377.37, 2280.01);
insert into STATION values (306, '.', 1006, 322798.10, 5094378.52, 2277.70);
insert into STATION values (307, '.', 1006, 322799.86, 5094378.30, 2278.55);
insert into STATION values (308, '.', 1006, 322798.79, 5094377.90, 2273.06);
insert into STATION values (309, '4', 1006, 322800.60, 5094376.27, 2273.09);
insert into STATION values (310, '.', 1006, 322800.73, 5094376.28, 2273.97);
insert into STATION values (311, '.', 1006, 322800.75, 5094377.26, 2274.15);
insert into STATION values (312, '.', 1006, 322800.74, 5094377.19, 2273.28);
insert into STATION values (313, '.', 1006, 322800.68, 5094376.37, 2271.73);
insert into STATION values (314, '.', 1006, 322799.46, 5094376.27, 2273.25);
insert into STATION values (315, '.', 1006, 322798.32, 5094376.22, 2274.03);
insert into STATION values (316, '.', 1006, 322799.84, 5094376.60, 2273.01);
insert into STATION values (317, '5', 1006, 322806.05, 5094374.35, 2269.39);
insert into STATION values (318, '.', 1006, 322805.99, 5094374.86, 2269.30);
insert into STATION values (319, '.', 1006, 322805.96, 5094374.64, 2269.75);
insert into STATION values (320, '.', 1006, 322808.20, 5094375.63, 2268.98);
insert into STATION values (321, '.', 1006, 322804.25, 5094375.36, 2269.50);
insert into STATION values (322, '.', 1006, 322802.41, 5094375.04, 2270.36);
insert into STATION values (323, '.', 1006, 322803.84, 5094373.74, 2269.73);
insert into STATION values (324, '.', 1006, 322804.62, 5094374.22, 2270.61);
insert into STATION values (325, '.', 1006, 322804.32, 5094375.14, 2270.52);
insert into STATION values (326, '6', 1006, 322808.58, 5094376.02, 2268.14);
insert into STATION values (327, '.', 1006, 322808.99, 5094375.96, 2268.24);
insert into STATION values (328, '.', 1006, 322808.90, 5094375.77, 2268.77);
insert into STATION values (329, '.', 1006, 322808.35, 5094375.47, 2268.59);
insert into STATION values (330, '.', 1006, 322806.65, 5094375.33, 2268.41);
insert into STATION values (331, '.', 1006, 322804.29, 5094373.53, 2269.68);
insert into STATION values (332, '.', 1006, 322807.25, 5094374.83, 2268.64);
insert into STATION values (333, '.', 1006, 322808.55, 5094375.93, 2266.77);
insert into STATION values (334, '.', 1006, 322808.21, 5094374.55, 2267.64);
insert into STATION values (335, '7', 1006, 322808.90, 5094373.24, 2266.25);
insert into STATION values (336, '.', 1006, 322808.00, 5094372.76, 2266.21);
insert into STATION values (337, '.', 1006, 322808.51, 5094372.88, 2266.86);
insert into STATION values (338, '.', 1006, 322808.87, 5094373.12, 2266.91);
insert into STATION values (339, '.', 1006, 322808.29, 5094374.09, 2267.59);
insert into STATION values (340, '.', 1006, 322808.86, 5094373.11, 2265.66);
insert into STATION values (341, '.', 1006, 322808.35, 5094372.21, 2265.69);
insert into STATION values (342, '8', 1006, 322809.34, 5094371.38, 2265.61);
insert into STATION values (343, '.', 1006, 322809.42, 5094370.64, 2265.65);
insert into STATION values (344, '.', 1006, 322810.22, 5094371.51, 2265.83);
insert into STATION values (345, '.', 1006, 322809.77, 5094371.33, 2266.39);
insert into STATION values (346, '.', 1006, 322809.16, 5094370.87, 2265.84);
insert into STATION values (347, '.', 1006, 322810.08, 5094370.77, 2265.32);
insert into STATION values (348, '.', 1006, 322809.85, 5094372.43, 2265.81);
insert into STATION values (349, '.', 1006, 322809.59, 5094372.52, 2266.25);
insert into STATION values (350, '.', 1006, 322808.76, 5094372.60, 2265.46);
insert into STATION values (351, '.', 1006, 322809.30, 5094372.54, 2264.35);
insert into STATION values (352, '.', 1006, 322809.03, 5094371.43, 2264.46);
insert into STATION values (353, '9', 1006, 322809.10, 5094370.63, 2256.78);
insert into STATION values (354, '.', 1006, 322808.46, 5094370.33, 2256.97);
insert into STATION values (355, '.', 1006, 322809.33, 5094369.54, 2256.96);
insert into STATION values (356, '.', 1006, 322810.68, 5094370.50, 2257.07);
insert into STATION values (357, '.', 1006, 322809.90, 5094372.16, 2257.05);
insert into STATION values (358, '.', 1006, 322809.37, 5094372.72, 2259.57);
insert into STATION values (359, '.', 1006, 322809.46, 5094372.49, 2258.76);
insert into STATION values (360, '.', 1006, 322807.93, 5094369.69, 2263.41);
insert into STATION values (361, '10', 1006, 322811.51, 5094370.85, 2257.65);
insert into STATION values (362, '.', 1006, 322812.62, 5094370.07, 2257.56);
insert into STATION values (363, '.', 1006, 322811.95, 5094371.95, 2258.90);
insert into STATION values (364, '.', 1006, 322811.02, 5094371.02, 2265.09);
insert into STATION values (365, '.', 1006, 322808.85, 5094371.76, 2257.85);
insert into STATION values (366, '.', 1006, 322808.45, 5094370.47, 2258.00);
insert into STATION values (367, '.', 1006, 322811.35, 5094371.26, 2255.75);
insert into STATION values (368, '.', 1006, 322811.40, 5094371.73, 2257.51);
insert into STATION values (369, '11', 1006, 322811.93, 5094373.22, 2256.84);
insert into STATION values (370, '.', 1006, 322812.34, 5094373.12, 2256.85);
insert into STATION values (371, '.', 1006, 322810.79, 5094373.36, 2257.26);
insert into STATION values (372, '.', 1006, 322811.69, 5094373.49, 2258.26);
insert into STATION values (373, '.', 1006, 322813.90, 5094375.02, 2256.85);
insert into STATION values (374, '.', 1006, 322812.71, 5094374.93, 2257.63);
insert into STATION values (375, '.', 1006, 322811.58, 5094374.94, 2257.14);
insert into STATION values (376, '.', 1006, 322810.72, 5094374.57, 2257.38);
insert into STATION values (377, '12', 1006, 322814.34, 5094374.90, 2256.54);
insert into STATION values (378, '13', 1006, 322807.93, 5094375.03, 2258.05);
insert into STATION values (379, '.', 1006, 322807.98, 5094374.12, 2258.28);
insert into STATION values (380, '.', 1006, 322808.09, 5094375.16, 2260.00);
insert into STATION values (381, '.', 1006, 322807.97, 5094375.45, 2258.46);
insert into STATION values (382, '.', 1006, 322808.02, 5094375.84, 2259.52);
insert into STATION values (383, '.', 1006, 322805.56, 5094375.58, 2260.27);
insert into STATION values (384, '.', 1006, 322810.21, 5094374.21, 2258.29);
insert into STATION values (385, '.', 1006, 322810.15, 5094374.90, 2258.45);
insert into STATION values (386, '.', 1006, 322809.75, 5094377.94, 2257.00);
insert into STATION values (387, '.', 1006, 322809.44, 5094375.12, 2257.02);
insert into STATION values (388, '14', 1006, 322809.13, 5094378.07, 2259.01);
insert into STATION values (389, '.', 1006, 322808.77, 5094379.21, 2262.97);
insert into STATION values (390, '.', 1006, 322804.15, 5094379.63, 2267.32);
insert into STATION values (391, '.', 1006, 322808.33, 5094377.19, 2259.97);
insert into STATION values (392, '.', 1006, 322808.72, 5094379.68, 2259.81);
insert into STATION values (393, '.', 1006, 322807.70, 5094378.75, 2259.39);
insert into STATION values (394, '.', 1006, 322808.89, 5094378.75, 2258.85);
insert into STATION values (395, '.', 1006, 322809.37, 5094379.58, 2259.08);
insert into STATION values (396, '.', 1006, 322809.08, 5094378.02, 2256.91);
insert into STATION values (397, '15', 1006, 322807.91, 5094378.88, 2263.83);
insert into STATION values (398, '16', 1006, 322805.83, 5094375.05, 2259.29);
insert into STATION values (399, '.', 1006, 322805.95, 5094374.72, 2259.40);
insert into STATION values (400, '.', 1006, 322805.93, 5094375.43, 2260.40);
insert into STATION values (401, '.', 1006, 322805.31, 5094375.35, 2259.17);
insert into STATION values (402, '.', 1006, 322805.92, 5094374.77, 2256.86);
insert into STATION values (403, '.', 1006, 322807.80, 5094375.90, 2259.60);
insert into STATION values (404, '.', 1006, 322806.56, 5094375.81, 2259.73);
insert into STATION values (405, '17', 1006, 322804.21, 5094383.46, 2268.61);
insert into STATION values (406, '18', 1006, 322805.61, 5094379.55, 2255.59);
insert into STATION values (407, '19', 1006, 322816.89, 5094368.93, 2257.32);
insert into STATION values (408, '.', 1006, 322817.29, 5094369.63, 2257.37);
insert into STATION values (409, '.', 1006, 322818.12, 5094369.10, 2257.48);
insert into STATION values (410, '.', 1006, 322817.58, 5094368.49, 2257.65);
insert into STATION values (411, '.', 1006, 322817.62, 5094369.07, 2258.53);
insert into STATION values (412, '.', 1006, 322816.96, 5094369.39, 2258.15);
insert into STATION values (413, '.', 1006, 322817.30, 5094368.58, 2253.19);
insert into STATION values (414, '20', 1006, 322822.22, 5094367.08, 2257.25);
insert into STATION values (415, '.', 1006, 322822.36, 5094366.98, 2258.60);
insert into STATION values (416, '.', 1006, 322822.32, 5094367.18, 2257.75);
insert into STATION values (417, '.', 1006, 322822.14, 5094366.94, 2257.75);
insert into STATION values (418, '.', 1006, 322822.52, 5094367.50, 2257.44);
insert into STATION values (419, '.', 1006, 322821.89, 5094366.63, 2257.35);
insert into STATION values (420, '.', 1006, 322821.64, 5094366.91, 2257.36);
insert into STATION values (421, '.', 1006, 322821.92, 5094367.69, 2257.38);
insert into STATION values (422, '.', 1006, 322822.21, 5094367.05, 2256.40);
insert into STATION values (423, '.', 1006, 322821.76, 5094366.55, 2255.07);
insert into STATION values (424, '21', 1006, 322825.74, 5094364.64, 2257.26);
insert into STATION values (425, '.', 1006, 322825.67, 5094364.73, 2257.73);
insert into STATION values (426, '.', 1006, 322825.80, 5094364.94, 2257.50);
insert into STATION values (427, '.', 1006, 322825.31, 5094364.17, 2257.46);
insert into STATION values (428, '.', 1006, 322828.25, 5094363.08, 2257.45);
insert into STATION values (429, '.', 1006, 322828.72, 5094362.11, 2257.42);
insert into STATION values (430, '.', 1006, 322824.75, 5094364.95, 2257.33);
insert into STATION values (431, '.', 1006, 322825.17, 5094366.04, 2257.43);
insert into STATION values (432, '22', 1006, 322829.63, 5094361.50, 2246.35);
insert into STATION values (433, '.', 1006, 322830.28, 5094362.23, 2246.74);
insert into STATION values (434, '.', 1006, 322829.08, 5094363.09, 2247.00);
insert into STATION values (435, '.', 1006, 322827.71, 5094363.50, 2246.97);
insert into STATION values (436, '.', 1006, 322828.48, 5094361.28, 2246.67);
insert into STATION values (437, '.', 1006, 322828.91, 5094360.93, 2246.50);
insert into STATION values (438, '.', 1006, 322831.43, 5094361.05, 2246.82);
insert into STATION values (439, '.', 1006, 322832.59, 5094359.43, 2246.75);
insert into STATION values (440, '.', 1006, 322832.75, 5094357.70, 2247.32);
insert into STATION values (441, '.', 1006, 322829.53, 5094360.63, 2246.88);
insert into STATION values (442, '.', 1006, 322830.98, 5094362.25, 2253.35);
insert into STATION values (443, '.', 1006, 322829.77, 5094361.59, 2245.85);
insert into STATION values (444, '23', 1006, 322831.96, 5094359.50, 2248.08);
insert into STATION values (445, '.', 1006, 322832.41, 5094359.46, 2248.07);
insert into STATION values (446, '.', 1006, 322832.34, 5094360.33, 2248.03);
insert into STATION values (447, '.', 1006, 322833.34, 5094357.99, 2248.05);
insert into STATION values (448, '.', 1006, 322831.65, 5094357.65, 2248.00);
insert into STATION values (449, '.', 1006, 322832.49, 5094356.06, 2248.12);
insert into STATION values (450, '.', 1006, 322831.01, 5094359.30, 2248.12);
insert into STATION values (451, '.', 1006, 322830.46, 5094359.98, 2247.99);
insert into STATION values (452, '.', 1006, 322827.83, 5094363.25, 2247.35);
insert into STATION values (453, '.', 1006, 322828.27, 5094363.77, 2247.34);
insert into STATION values (454, '.', 1006, 322831.15, 5094360.52, 2253.25);
insert into STATION values (455, '.', 1006, 322832.22, 5094359.24, 2245.24);
insert into STATION values (456, '24', 1006, 322832.85, 5094356.53, 2247.81);
insert into STATION values (457, '.', 1006, 322832.93, 5094359.02, 2248.20);
insert into STATION values (458, '.', 1006, 322833.62, 5094357.19, 2247.98);
insert into STATION values (459, '.', 1006, 322835.47, 5094356.72, 2247.90);
insert into STATION values (460, '.', 1006, 322833.62, 5094356.17, 2247.89);
insert into STATION values (461, '.', 1006, 322832.39, 5094355.84, 2247.95);
insert into STATION values (462, '.', 1006, 322831.16, 5094356.84, 2248.50);
insert into STATION values (463, '.', 1006, 322831.56, 5094357.92, 2248.38);
insert into STATION values (464, '.', 1006, 322832.11, 5094358.66, 2248.61);
insert into STATION values (465, '.', 1006, 322832.77, 5094356.80, 2250.16);
insert into STATION values (466, '.', 1006, 322832.92, 5094356.68, 2246.63);
insert into STATION values (467, '25', 1006, 322834.52, 5094356.38, 2247.14);
insert into STATION values (468, '.', 1006, 322834.55, 5094356.93, 2247.24);
insert into STATION values (469, '.', 1006, 322836.08, 5094356.93, 2247.02);
insert into STATION values (470, '.', 1006, 322836.63, 5094356.48, 2246.79);
insert into STATION values (471, '.', 1006, 322835.14, 5094355.94, 2247.08);
insert into STATION values (472, '.', 1006, 322834.01, 5094356.00, 2247.17);
insert into STATION values (473, '.', 1006, 322834.15, 5094356.96, 2247.23);
insert into STATION values (474, '.', 1006, 322835.01, 5094356.84, 2248.86);
insert into STATION values (475, '.', 1006, 322834.38, 5094356.38, 2246.34);
insert into STATION values (476, '26', 1006, 322840.98, 5094355.94, 2225.27);
insert into STATION values (477, '.', 1006, 322840.98, 5094356.32, 2225.29);
insert into STATION values (478, '.', 1006, 322840.93, 5094355.21, 2225.35);
insert into STATION values (479, '.', 1006, 322839.64, 5094355.59, 2225.42);
insert into STATION values (480, '.', 1006, 322836.38, 5094356.77, 2225.98);
insert into STATION values (481, '.', 1006, 322840.77, 5094356.32, 2225.23);
insert into STATION values (482, '.', 1006, 322841.18, 5094356.41, 2225.17);
insert into STATION values (483, '.', 1006, 322842.03, 5094354.85, 2225.36);
insert into STATION values (484, '.', 1006, 322844.37, 5094354.28, 2225.38);
insert into STATION values (485, '.', 1006, 322841.92, 5094355.77, 2225.38);
insert into STATION values (486, '.', 1006, 322841.34, 5094355.83, 2230.94);
insert into STATION values (487, '.', 1006, 322841.22, 5094355.65, 2224.72);
insert into STATION values (488, '27', 1006, 322844.18, 5094354.42, 2226.91);
insert into STATION values (489, '.', 1006, 322844.15, 5094355.48, 2226.95);
insert into STATION values (490, '.', 1006, 322845.68, 5094355.22, 2226.99);
insert into STATION values (491, '.', 1006, 322844.97, 5094354.33, 2227.05);
insert into STATION values (492, '.', 1006, 322842.82, 5094353.77, 2227.25);
insert into STATION values (493, '.', 1006, 322842.47, 5094354.80, 2226.97);
insert into STATION values (494, '.', 1006, 322842.74, 5094355.70, 2226.79);
insert into STATION values (495, '.', 1006, 322843.72, 5094355.64, 2227.00);
insert into STATION values (496, '.', 1006, 322843.88, 5094354.73, 2231.55);
insert into STATION values (497, '.', 1006, 322844.24, 5094354.41, 2225.20);
insert into STATION values (498, '.', 1006, 322844.80, 5094353.95, 2223.00);
insert into STATION values (499, '28', 1006, 322844.61, 5094355.18, 2226.64);
insert into STATION values (500, '29', 1006, 322847.54, 5094353.59, 2220.27);
insert into STATION values (501, '.', 1006, 322847.73, 5094354.27, 2220.36);
insert into STATION values (502, '.', 1006, 322846.52, 5094354.90, 2220.33);
insert into STATION values (503, '.', 1006, 322845.31, 5094354.36, 2220.27);
insert into STATION values (504, '.', 1006, 322846.03, 5094353.11, 2220.34);
insert into STATION values (505, '.', 1006, 322847.45, 5094352.15, 2220.16);
insert into STATION values (506, '.', 1006, 322849.07, 5094352.62, 2220.10);
insert into STATION values (507, '.', 1006, 322849.87, 5094353.49, 2220.17);
insert into STATION values (508, '.', 1006, 322848.15, 5094353.88, 2220.32);
insert into STATION values (509, '.', 1006, 322847.86, 5094354.32, 2220.43);
insert into STATION values (510, '.', 1006, 322847.25, 5094354.08, 2225.53);
insert into STATION values (511, '.', 1006, 322847.69, 5094352.90, 2216.96);
insert into STATION values (512, '.', 1006, 322848.32, 5094352.26, 2217.69);
insert into STATION values (513, '30', 1006, 322849.03, 5094352.56, 2214.26);
insert into STATION values (514, '.', 1006, 322847.93, 5094352.75, 2214.42);
insert into STATION values (515, '.', 1006, 322848.10, 5094352.44, 2214.29);
insert into STATION values (516, '.', 1006, 322849.10, 5094353.59, 2214.42);
insert into STATION values (517, '.', 1006, 322853.42, 5094355.89, 2214.13);
insert into STATION values (518, '.', 1006, 322849.79, 5094352.20, 2214.32);
insert into STATION values (519, '.', 1006, 322849.19, 5094352.01, 2214.37);
insert into STATION values (520, '31', 1006, 322850.22, 5094354.23, 2214.85);
insert into STATION values (521, '.', 1006, 322853.03, 5094357.09, 2214.94);
insert into STATION values (522, '.', 1006, 322849.97, 5094354.50, 2214.94);
insert into STATION values (523, '.', 1006, 322848.21, 5094352.95, 2214.96);
insert into STATION values (524, '.', 1006, 322850.07, 5094352.99, 2215.02);
insert into STATION values (525, '.', 1006, 322850.74, 5094353.73, 2214.88);
insert into STATION values (526, '.', 1006, 322851.69, 5094354.73, 2214.82);
insert into STATION values (527, '.', 1006, 322854.24, 5094356.68, 2214.68);
insert into STATION values (528, '.', 1006, 322851.68, 5094355.04, 2219.54);
insert into STATION values (529, '.', 1006, 322850.22, 5094354.23, 2214.67);
insert into STATION values (530, '.', 1006, 322850.21, 5094354.57, 2210.16);
insert into STATION values (531, '32', 1006, 322854.25, 5094357.32, 2203.25);
insert into STATION values (532, '33', 1006, 322855.57, 5094358.72, 2209.45);
insert into STATION values (533, '.', 1006, 322854.40, 5094355.04, 2203.08);
insert into STATION values (534, '.', 1006, 322851.71, 5094354.66, 2203.21);
insert into STATION values (535, '.', 1006, 322850.50, 5094355.78, 2203.03);
insert into STATION values (536, '.', 1006, 322851.13, 5094357.12, 2202.98);
insert into STATION values (537, '.', 1006, 322853.01, 5094357.90, 2203.15);
insert into STATION values (538, '.', 1006, 322854.73, 5094357.80, 2203.18);
insert into STATION values (539, '.', 1006, 322856.00, 5094359.16, 2209.40);
insert into STATION values (540, '.', 1006, 322856.75, 5094357.83, 2209.26);
insert into STATION values (541, '.', 1006, 322854.15, 5094356.55, 2223.18);
insert into STATION values (542, '.', 1006, 322857.15, 5094358.12, 2209.33);
insert into STATION values (543, '.', 1006, 322856.69, 5094356.31, 2209.58);
insert into STATION values (544, '.', 1006, 322855.45, 5094356.28, 2209.68);
insert into STATION values (545, '.', 1006, 322854.71, 5094355.55, 2209.26);
insert into STATION values (546, '.', 1006, 322850.41, 5094354.55, 2209.17);
insert into STATION values (547, '.', 1006, 322852.66, 5094358.43, 2209.32);
insert into STATION values (548, '.', 1006, 322853.06, 5094359.77, 2209.58);
insert into STATION values (549, '.', 1006, 322855.43, 5094358.17, 2210.92);
insert into STATION values (550, '.', 1006, 322855.58, 5094358.61, 2208.32);
insert into STATION values (551, '.', 1006, 322855.91, 5094360.28, 2203.54);
insert into STATION values (552, '34', 1006, 322854.57, 5094352.58, 2222.79);
insert into STATION values (553, '35', 1006, 322856.76, 5094358.52, 2208.71);
insert into STATION values (554, '.', 1006, 322857.28, 5094358.34, 2208.78);
insert into STATION values (555, '.', 1006, 322856.70, 5094359.40, 2208.92);
insert into STATION values (556, '.', 1006, 322856.03, 5094358.78, 2208.81);
insert into STATION values (557, '.', 1006, 322857.54, 5094357.41, 2208.64);
insert into STATION values (558, '.', 1006, 322857.29, 5094358.37, 2208.73);
insert into STATION values (559, '.', 1006, 322856.62, 5094359.09, 2208.78);
insert into STATION values (560, '.', 1006, 322856.83, 5094358.28, 2209.64);
insert into STATION values (561, '.', 1006, 322856.63, 5094358.50, 2207.86);
insert into STATION values (562, '36', 1006, 322859.98, 5094361.12, 2207.87);
insert into STATION values (563, '.', 1006, 322860.02, 5094360.30, 2207.84);
insert into STATION values (564, '.', 1006, 322859.83, 5094361.65, 2207.81);
insert into STATION values (565, '.', 1006, 322859.18, 5094361.11, 2207.99);
insert into STATION values (566, '.', 1006, 322859.62, 5094360.20, 2207.81);
insert into STATION values (567, '.', 1006, 322860.85, 5094360.75, 2207.80);
insert into STATION values (568, '.', 1006, 322860.79, 5094361.35, 2207.96);
insert into STATION values (569, '.', 1006, 322860.04, 5094360.95, 2208.46);
insert into STATION values (570, '.', 1006, 322859.92, 5094361.25, 2206.96);
insert into STATION values (571, '37', 1006, 322862.21, 5094360.91, 2206.79);
insert into STATION values (572, '.', 1006, 322863.42, 5094360.21, 2206.63);
insert into STATION values (573, '.', 1006, 322861.51, 5094360.18, 2206.86);
insert into STATION values (574, '.', 1006, 322861.88, 5094358.48, 2206.90);
insert into STATION values (575, '.', 1006, 322862.27, 5094358.55, 2206.64);
insert into STATION values (576, '.', 1006, 322862.60, 5094360.49, 2204.66);
insert into STATION values (577, '.', 1006, 322862.22, 5094360.48, 2207.73);
insert into STATION values (578, '38', 1006, 322862.06, 5094359.03, 2205.92);
insert into STATION values (579, '.', 1006, 322863.38, 5094359.36, 2205.87);
insert into STATION values (580, '.', 1006, 322864.51, 5094361.06, 2205.80);
insert into STATION values (581, '.', 1006, 322862.94, 5094360.82, 2206.02);
insert into STATION values (582, '.', 1006, 322862.24, 5094360.76, 2206.01);
insert into STATION values (583, '.', 1006, 322862.64, 5094360.10, 2207.25);
insert into STATION values (584, '.', 1006, 322862.37, 5094359.13, 2204.15);
insert into STATION values (585, '39', 1006, 322864.42, 5094359.11, 2216.22);
insert into STATION values (586, '40', 1006, 322866.94, 5094360.32, 2203.53);
insert into STATION values (587, '.', 1006, 322873.70, 5094362.10, 2200.22);
insert into STATION values (588, '.', 1006, 322871.82, 5094361.60, 2201.12);
insert into STATION values (589, '.', 1006, 322868.14, 5094361.38, 2203.70);
insert into STATION values (590, '.', 1006, 322869.27, 5094359.55, 2203.53);
insert into STATION values (591, '.', 1006, 322867.90, 5094358.18, 2203.48);
insert into STATION values (592, '.', 1006, 322865.84, 5094356.05, 2203.47);
insert into STATION values (593, '.', 1006, 322864.42, 5094358.14, 2203.60);
insert into STATION values (594, '.', 1006, 322863.97, 5094360.44, 2203.54);
insert into STATION values (595, '.', 1006, 322865.15, 5094361.44, 2203.84);
insert into STATION values (596, '.', 1006, 322865.58, 5094361.04, 2203.72);
insert into STATION values (597, '.', 1006, 322866.67, 5094359.56, 2213.12);
insert into STATION values (598, '.', 1006, 322867.14, 5094360.02, 2202.56);
insert into STATION values (599, '.', 1006, 322869.07, 5094361.17, 2208.61);
insert into STATION values (600, '41', 1006, 322865.42, 5094359.43, 2214.68);
insert into STATION values (601, '42', 1006, 322868.34, 5094353.78, 2199.97);
insert into STATION values (602, '.', 1006, 322867.18, 5094355.79, 2200.05);
insert into STATION values (603, '.', 1006, 322869.01, 5094354.96, 2200.10);
insert into STATION values (604, '.', 1006, 322869.22, 5094353.79, 2200.03);
insert into STATION values (605, '.', 1006, 322868.93, 5094352.54, 2200.07);
insert into STATION values (606, '.', 1006, 322867.97, 5094354.06, 2201.42);
insert into STATION values (607, '.', 1006, 322868.48, 5094353.84, 2198.63);
insert into STATION values (608, '43', 1006, 322871.10, 5094351.42, 2197.39);
insert into STATION values (609, '.', 1006, 322871.27, 5094351.98, 2197.49);
insert into STATION values (610, '.', 1006, 322870.52, 5094352.05, 2197.49);
insert into STATION values (611, '.', 1006, 322870.37, 5094350.83, 2197.40);
insert into STATION values (612, '.', 1006, 322871.09, 5094350.77, 2197.52);
insert into STATION values (613, '.', 1006, 322871.50, 5094350.91, 2197.33);
insert into STATION values (614, '.', 1006, 322871.05, 5094351.31, 2198.78);
insert into STATION values (615, '.', 1006, 322871.23, 5094351.42, 2196.35);
insert into STATION values (616, '44', 1006, 322872.33, 5094348.37, 2194.70);
insert into STATION values (617, '.', 1006, 322872.74, 5094349.63, 2194.84);
insert into STATION values (618, '.', 1006, 322872.97, 5094348.09, 2194.71);
insert into STATION values (619, '.', 1006, 322877.41, 5094345.03, 2193.89);
insert into STATION values (620, '.', 1006, 322876.23, 5094349.01, 2194.63);
insert into STATION values (621, '.', 1006, 322873.70, 5094349.68, 2194.75);
insert into STATION values (622, '.', 1006, 322872.73, 5094349.29, 2194.76);
insert into STATION values (623, '.', 1006, 322874.45, 5094346.33, 2208.18);
insert into STATION values (624, '.', 1006, 322872.56, 5094348.27, 2193.08);
insert into STATION values (625, '45', 1006, 322876.21, 5094347.04, 2192.28);
insert into STATION values (626, '.', 1006, 322874.00, 5094341.79, 2191.66);
insert into STATION values (627, '.', 1006, 322874.05, 5094345.35, 2192.20);
insert into STATION values (628, '.', 1006, 322877.90, 5094344.38, 2192.18);
insert into STATION values (629, '.', 1006, 322876.39, 5094347.53, 2192.40);
insert into STATION values (630, '.', 1006, 322874.46, 5094349.59, 2193.67);
insert into STATION values (631, '.', 1006, 322874.52, 5094344.22, 2205.55);
insert into STATION values (632, '.', 1006, 322875.86, 5094346.80, 2190.94);
insert into STATION values (633, '.', 1006, 322873.49, 5094342.22, 2190.70);
insert into STATION values (634, '46', 1006, 322875.65, 5094342.39, 2188.01);
insert into STATION values (635, '.', 1006, 322874.42, 5094341.53, 2188.10);
insert into STATION values (636, '.', 1006, 322875.16, 5094340.53, 2188.07);
insert into STATION values (637, '.', 1006, 322877.61, 5094342.84, 2188.31);
insert into STATION values (638, '.', 1006, 322876.94, 5094345.61, 2190.47);
insert into STATION values (639, '.', 1006, 322871.21, 5094344.00, 2191.29);
insert into STATION values (640, '.', 1006, 322882.30, 5094334.51, 2186.96);
insert into STATION values (641, '.', 1006, 322876.73, 5094339.59, 2202.13);
insert into STATION values (642, '.', 1006, 322875.83, 5094342.29, 2186.66);
insert into STATION values (643, '47', 1006, 322881.76, 5094332.53, 2179.95);
insert into STATION values (644, '.', 1006, 322877.98, 5094329.59, 2180.29);
insert into STATION values (645, '.', 1006, 322881.59, 5094324.16, 2180.77);
insert into STATION values (646, '.', 1006, 322874.66, 5094335.31, 2182.41);
insert into STATION values (647, '.', 1006, 322880.76, 5094337.38, 2181.69);
insert into STATION values (648, '.', 1006, 322878.22, 5094339.06, 2184.58);
insert into STATION values (649, '.', 1006, 322883.83, 5094334.52, 2180.41);
insert into STATION values (650, '.', 1006, 322885.30, 5094331.44, 2180.45);
insert into STATION values (651, '.', 1006, 322886.91, 5094326.05, 2181.08);
insert into STATION values (652, '.', 1006, 322882.27, 5094322.69, 2179.55);
insert into STATION values (653, '.', 1006, 322881.81, 5094330.25, 2195.02);
insert into STATION values (654, '.', 1006, 322878.65, 5094329.49, 2189.53);
insert into STATION values (655, '48', 1006, 322883.39, 5094324.67, 2178.76);
insert into STATION values (656, '.', 1006, 322886.68, 5094325.37, 2181.71);
insert into STATION values (657, '.', 1006, 322886.96, 5094330.53, 2181.39);
insert into STATION values (658, '.', 1006, 322883.33, 5094321.45, 2178.76);
insert into STATION values (659, '.', 1006, 322887.21, 5094316.24, 2178.41);
insert into STATION values (660, '.', 1006, 322880.53, 5094325.97, 2179.24);
insert into STATION values (661, '.', 1006, 322885.14, 5094323.95, 2191.22);
insert into STATION values (662, '49', 1006, 322885.43, 5094314.87, 2177.35);
insert into STATION values (663, '50', 1006, 322878.64, 5094328.47, 2179.86);
insert into STATION values (664, '.', 1006, 322879.56, 5094325.73, 2180.50);
insert into STATION values (665, '.', 1006, 322889.83, 5094319.56, 2185.09);
insert into STATION values (666, '.', 1006, 322885.59, 5094327.77, 2182.10);
insert into STATION values (667, '.', 1006, 322881.17, 5094333.75, 2182.65);
insert into STATION values (668, '.', 1006, 322880.09, 5094336.30, 2181.59);
insert into STATION values (669, '.', 1006, 322876.16, 5094331.93, 2181.44);
insert into STATION values (670, '.', 1006, 322878.86, 5094328.18, 2192.57);
insert into STATION values (671, '.', 1006, 322878.64, 5094328.38, 2177.74);
insert into STATION values (672, '51', 1006, 322878.76, 5094328.12, 2169.97);
insert into STATION values (673, '.', 1006, 322877.32, 5094325.78, 2170.17);
insert into STATION values (674, '.', 1006, 322879.26, 5094323.74, 2170.31);
insert into STATION values (675, '.', 1006, 322879.13, 5094327.59, 2170.06);
insert into STATION values (676, '.', 1006, 322879.56, 5094328.58, 2170.11);
insert into STATION values (677, '.', 1006, 322879.05, 5094330.89, 2170.39);
insert into STATION values (678, '.', 1006, 322876.36, 5094331.82, 2170.45);
insert into STATION values (679, '.', 1006, 322875.78, 5094331.88, 2170.26);
insert into STATION values (680, '.', 1006, 322876.54, 5094328.83, 2170.09);
insert into STATION values (681, '.', 1006, 322874.33, 5094330.07, 2171.62);
insert into STATION values (682, '.', 1006, 322878.89, 5094328.17, 2178.88);
insert into STATION values (683, '.', 1006, 322878.72, 5094325.57, 2154.05);
insert into STATION values (684, '52', 1006, 322877.48, 5094328.72, 2153.82);
insert into STATION values (685, '.', 1006, 322875.83, 5094328.32, 2153.74);
insert into STATION values (686, '.', 1006, 322875.61, 5094330.59, 2153.77);
insert into STATION values (687, '.', 1006, 322876.20, 5094333.45, 2153.53);
insert into STATION values (688, '.', 1006, 322878.64, 5094331.98, 2153.79);
insert into STATION values (689, '.', 1006, 322880.00, 5094330.23, 2153.85);
insert into STATION values (690, '.', 1006, 322879.64, 5094328.16, 2153.80);
insert into STATION values (691, '.', 1006, 322878.82, 5094327.43, 2153.72);
insert into STATION values (692, '.', 1006, 322878.38, 5094326.73, 2154.23);
insert into STATION values (693, '.', 1006, 322880.36, 5094320.57, 2158.99);
insert into STATION values (694, '.', 1006, 322876.58, 5094326.09, 2154.83);
insert into STATION values (695, '.', 1006, 322876.11, 5094327.65, 2154.06);
insert into STATION values (696, '.', 1006, 322877.26, 5094329.08, 2153.16);
insert into STATION values (697, '.', 1006, 322875.54, 5094329.35, 2167.62);
insert into STATION values (698, '53', 1006, 322874.64, 5094333.00, 2153.98);
insert into STATION values (699, '.', 1006, 322876.11, 5094333.38, 2153.85);
insert into STATION values (700, '.', 1006, 322874.18, 5094332.96, 2153.86);
insert into STATION values (701, '54', 1006, 322873.04, 5094334.25, 2149.09);
insert into STATION values (702, '55', 1006, 322880.36, 5094319.82, 2159.85);
insert into STATION values (703, '.', 1006, 322881.70, 5094321.44, 2159.79);
insert into STATION values (704, '.', 1006, 322880.38, 5094324.37, 2159.81);
insert into STATION values (705, '.', 1006, 322875.68, 5094334.53, 2159.87);
insert into STATION values (706, '.', 1006, 322877.63, 5094323.24, 2160.21);
insert into STATION values (707, '.', 1006, 322879.88, 5094320.69, 2159.97);
insert into STATION values (708, '.', 1006, 322882.61, 5094317.77, 2160.96);
insert into STATION values (709, '.', 1006, 322879.57, 5094319.69, 2159.93);
insert into STATION values (710, '.', 1006, 322880.54, 5094319.73, 2158.48);
insert into STATION values (711, '.', 1006, 322880.37, 5094321.17, 2174.19);
insert into STATION values (712, '56', 1006, 322884.50, 5094314.76, 2165.83);
insert into STATION values (713, '.', 1006, 322880.14, 5094319.50, 2165.56);
insert into STATION values (714, '.', 1006, 322884.86, 5094315.32, 2165.90);
insert into STATION values (715, '.', 1006, 322884.60, 5094314.20, 2165.94);
insert into STATION values (716, '.', 1006, 322883.34, 5094313.56, 2166.00);
insert into STATION values (717, '.', 1006, 322883.19, 5094313.82, 2166.09);
insert into STATION values (718, '.', 1006, 322882.11, 5094315.08, 2165.87);
insert into STATION values (719, '.', 1006, 322880.49, 5094317.70, 2165.99);
insert into STATION values (720, '.', 1006, 322884.15, 5094314.84, 2173.31);
insert into STATION values (721, '.', 1006, 322884.12, 5094314.51, 2164.40);
insert into STATION values (722, '57', 1006, 322883.32, 5094313.27, 2165.44);
insert into STATION values (723, '.', 1006, 322884.42, 5094313.68, 2165.52);
insert into STATION values (724, '.', 1006, 322884.42, 5094311.98, 2165.36);
insert into STATION values (725, '.', 1006, 322886.23, 5094307.60, 2164.86);
insert into STATION values (726, '.', 1006, 322883.12, 5094312.72, 2165.38);
insert into STATION values (727, '.', 1006, 322882.20, 5094314.28, 2165.38);
insert into STATION values (728, '.', 1006, 322884.82, 5094312.68, 2173.44);
insert into STATION values (729, '.', 1006, 322882.97, 5094313.21, 2164.03);
insert into STATION values (730, '58', 1006, 322884.64, 5094308.55, 2161.97);
insert into STATION values (731, '.', 1006, 322885.26, 5094308.95, 2161.91);
insert into STATION values (732, '.', 1006, 322884.36, 5094308.43, 2162.01);
insert into STATION values (733, '.', 1006, 322884.95, 5094307.28, 2161.86);
insert into STATION values (734, '.', 1006, 322884.90, 5094309.10, 2162.00);
insert into STATION values (735, '.', 1006, 322885.80, 5094308.45, 2165.49);
insert into STATION values (736, '.', 1006, 322884.46, 5094308.97, 2161.33);
insert into STATION values (737, '59', 1006, 322884.40, 5094308.66, 2159.82);
insert into STATION values (738, '.', 1006, 322884.00, 5094308.55, 2159.91);
insert into STATION values (739, '.', 1006, 322884.71, 5094308.58, 2159.81);
insert into STATION values (740, '.', 1006, 322884.14, 5094307.95, 2159.91);
insert into STATION values (741, '.', 1006, 322884.24, 5094309.14, 2159.65);
insert into STATION values (742, '60', 1006, 322884.15, 5094305.20, 2157.53);
insert into STATION values (743, '.', 1006, 322884.49, 5094305.37, 2157.51);
insert into STATION values (744, '.', 1006, 322884.99, 5094304.24, 2157.53);
insert into STATION values (745, '.', 1006, 322883.44, 5094306.50, 2157.89);
insert into STATION values (746, '.', 1006, 322884.24, 5094305.08, 2158.30);
insert into STATION values (747, '.', 1006, 322883.99, 5094305.03, 2156.60);
insert into STATION values (748, '61', 1006, 322885.24, 5094301.97, 2156.05);
insert into STATION values (749, '.', 1006, 322884.90, 5094301.88, 2156.09);
insert into STATION values (750, '.', 1006, 322885.65, 5094301.92, 2156.16);
insert into STATION values (751, '.', 1006, 322885.27, 5094301.30, 2156.16);
insert into STATION values (752, '.', 1006, 322884.76, 5094302.18, 2155.99);
insert into STATION values (753, '.', 1006, 322884.96, 5094301.81, 2154.80);
insert into STATION values (754, '.', 1006, 322885.80, 5094302.10, 2159.45);
insert into STATION values (755, '62', 1006, 322885.60, 5094298.95, 2154.94);
insert into STATION values (756, '.', 1006, 322886.09, 5094299.22, 2154.95);
insert into STATION values (757, '.', 1006, 322885.35, 5094298.90, 2155.00);
insert into STATION values (758, '.', 1006, 322886.14, 5094298.28, 2154.97);
insert into STATION values (759, '.', 1006, 322886.26, 5094299.12, 2156.98);
insert into STATION values (760, '.', 1006, 322885.58, 5094298.91, 2154.18);
insert into STATION values (761, '63', 1006, 322886.56, 5094296.54, 2154.32);
insert into STATION values (762, '.', 1006, 322886.03, 5094296.39, 2154.32);
insert into STATION values (763, '.', 1006, 322886.92, 5094296.66, 2154.34);
insert into STATION values (764, '.', 1006, 322887.12, 5094293.67, 2154.37);
insert into STATION values (765, '.', 1006, 322886.17, 5094296.10, 2152.22);
insert into STATION values (766, '.', 1006, 322887.08, 5094296.47, 2156.28);
insert into STATION values (767, '64', 1006, 322886.47, 5094294.37, 2153.34);
insert into STATION values (768, '.', 1006, 322887.08, 5094294.55, 2153.22);
insert into STATION values (769, '.', 1006, 322886.24, 5094294.18, 2153.41);
insert into STATION values (770, '.', 1006, 322886.11, 5094296.82, 2153.74);
insert into STATION values (771, '.', 1006, 322886.84, 5094292.80, 2153.29);
insert into STATION values (772, '.', 1006, 322886.03, 5094294.81, 2151.86);
insert into STATION values (773, '.', 1006, 322887.07, 5094294.91, 2155.62);
insert into STATION values (774, '.', 1006, 322885.07, 5094293.83, 2148.89);
insert into STATION values (775, '65', 1006, 322885.19, 5094293.29, 2148.74);
insert into STATION values (776, '.', 1006, 322885.64, 5094293.37, 2148.75);
insert into STATION values (777, '.', 1006, 322884.87, 5094293.19, 2148.84);
insert into STATION values (778, '.', 1006, 322885.16, 5094291.94, 2148.89);
insert into STATION values (779, '.', 1006, 322885.82, 5094292.17, 2148.81);
insert into STATION values (780, '.', 1006, 322886.10, 5094289.94, 2148.82);
insert into STATION values (781, '.', 1006, 322884.67, 5094296.02, 2148.74);
insert into STATION values (782, '.', 1006, 322887.13, 5094293.99, 2153.62);
insert into STATION values (783, '66', 1006, 322885.53, 5094290.90, 2149.06);
insert into STATION values (784, '.', 1006, 322886.04, 5094290.94, 2148.99);
insert into STATION values (785, '.', 1006, 322885.29, 5094290.86, 2149.14);
insert into STATION values (786, '.', 1006, 322887.57, 5094291.07, 2153.80);
insert into STATION values (787, '.', 1006, 322885.46, 5094291.01, 2148.08);
insert into STATION values (788, '67', 1006, 322884.80, 5094288.47, 2145.03);
insert into STATION values (789, '68', 1006, 322885.09, 5094287.34, 2144.08);
insert into STATION values (790, '.', 1006, 322884.68, 5094287.14, 2144.21);
insert into STATION values (791, '.', 1006, 322885.31, 5094287.58, 2144.16);
insert into STATION values (792, '.', 1006, 322886.05, 5094287.84, 2147.11);
insert into STATION values (793, '.', 1006, 322884.21, 5094288.38, 2142.44);
insert into STATION values (794, '.', 1006, 322886.06, 5094283.93, 2144.38);
insert into STATION values (795, '69', 1006, 322885.66, 5094281.79, 2142.23);
insert into STATION values (796, '.', 1006, 322885.20, 5094281.84, 2142.25);
insert into STATION values (797, '.', 1006, 322884.81, 5094282.75, 2142.34);
insert into STATION values (798, '.', 1006, 322886.89, 5094281.97, 2142.35);
insert into STATION values (799, '.', 1006, 322887.32, 5094279.19, 2142.77);
insert into STATION values (800, '.', 1006, 322890.50, 5094271.76, 2143.03);
insert into STATION values (801, '.', 1006, 322885.67, 5094279.80, 2142.53);
insert into STATION values (802, '.', 1006, 322887.22, 5094282.75, 2147.80);
insert into STATION values (803, '.', 1006, 322885.34, 5094281.44, 2140.95);
insert into STATION values (804, '70', 1006, 322886.64, 5094278.33, 2143.17);
insert into STATION values (805, '.', 1006, 322887.72, 5094278.74, 2143.16);
insert into STATION values (806, '.', 1006, 322888.36, 5094277.39, 2143.09);
insert into STATION values (807, '.', 1006, 322890.77, 5094273.64, 2142.79);
insert into STATION values (808, '.', 1006, 322889.78, 5094270.90, 2142.64);
insert into STATION values (809, '.', 1006, 322888.13, 5094273.01, 2142.64);
insert into STATION values (810, '.', 1006, 322885.02, 5094280.11, 2143.96);
insert into STATION values (811, '.', 1006, 322888.03, 5094278.15, 2146.77);
insert into STATION values (812, '.', 1006, 322886.52, 5094278.13, 2140.61);
insert into STATION values (813, '.', 1006, 322884.71, 5094276.97, 2134.62);
insert into STATION values (814, '.', 1006, 322889.16, 5094276.66, 2143.12);
insert into STATION values (815, '.', 1006, 322892.57, 5094273.67, 2141.20);
insert into STATION values (816, '.', 1006, 322887.67, 5094279.15, 2143.35);
insert into STATION values (817, '.', 1006, 322887.60, 5094280.84, 2143.54);
insert into STATION values (818, '71', 1006, 322884.66, 5094277.43, 2134.41);
insert into STATION values (819, '.', 1006, 322889.70, 5094273.34, 2134.47);
insert into STATION values (820, '.', 1006, 322889.52, 5094267.62, 2134.64);
insert into STATION values (821, '.', 1006, 322892.36, 5094274.57, 2134.29);
insert into STATION values (822, '.', 1006, 322886.21, 5094277.56, 2134.65);
insert into STATION values (823, '.', 1006, 322884.67, 5094278.53, 2134.50);
insert into STATION values (824, '.', 1006, 322883.18, 5094280.97, 2134.53);
insert into STATION values (825, '.', 1006, 322884.82, 5094273.99, 2134.35);
insert into STATION values (826, '.', 1006, 322886.26, 5094277.67, 2143.37);
insert into STATION values (827, '.', 1006, 322887.11, 5094275.70, 2122.55);
insert into STATION values (828, '72', 1006, 322886.55, 5094275.52, 2115.56);
insert into STATION values (829, '73', 1006, 322879.85, 5094281.73, 2116.15);
insert into STATION values (830, '.', 1006, 322886.58, 5094279.31, 2116.55);
insert into STATION values (831, '.', 1006, 322880.52, 5094279.40, 2116.62);
insert into STATION values (832, '.', 1006, 322879.12, 5094280.11, 2116.38);
insert into STATION values (833, '.', 1006, 322880.39, 5094282.95, 2116.30);
insert into STATION values (834, '.', 1006, 322873.27, 5094287.94, 2116.78);
insert into STATION values (835, '.', 1006, 322876.02, 5094283.61, 2116.31);
insert into STATION values (836, '.', 1006, 322886.11, 5094279.22, 2128.36);
insert into STATION values (837, '.', 1006, 322876.25, 5094282.22, 2116.24);
insert into STATION values (838, '.', 1006, 322889.68, 5094272.36, 2116.72);
insert into STATION values (839, '.', 1006, 322882.87, 5094275.43, 2115.81);
insert into STATION values (840, '.', 1006, 322882.55, 5094264.84, 2111.57);
insert into STATION values (841, '.', 1006, 322879.63, 5094268.32, 2111.74);
insert into STATION values (842, '.', 1006, 322882.26, 5094282.67, 2116.43);
insert into STATION values (843, '.', 1006, 322882.04, 5094283.31, 2116.49);
insert into STATION values (844, '.', 1006, 322879.42, 5094281.65, 2116.22);
insert into STATION values (845, '.', 1006, 322880.57, 5094282.02, 2117.55);
insert into STATION values (846, '.', 1006, 322880.04, 5094281.86, 2114.72);
insert into STATION values (847, '.', 1006, 322882.29, 5094278.91, 2112.66);
insert into STATION values (848, '.', 1006, 322886.98, 5094277.60, 2118.08);
insert into STATION values (849, '.', 1006, 322886.58, 5094280.46, 2118.10);
insert into STATION values (850, '.', 1006, 322882.62, 5094282.33, 2116.62);
insert into STATION values (851, '.', 1006, 322883.51, 5094275.26, 2116.32);
insert into STATION values (852, '.', 1006, 322887.02, 5094271.71, 2117.34);
insert into STATION values (853, '.', 1006, 322890.84, 5094272.73, 2118.58);
insert into STATION values (854, '.', 1006, 322887.29, 5094276.29, 2117.48);
insert into STATION values (855, '.', 1006, 322883.58, 5094279.66, 2116.29);
insert into STATION values (856, '.', 1006, 322883.09, 5094280.55, 2116.12);
insert into STATION values (857, '74', 1006, 322879.65, 5094291.17, 2117.39);
insert into STATION values (858, '.', 1006, 322878.05, 5094292.76, 2117.46);
insert into STATION values (859, '.', 1006, 322878.10, 5094294.11, 2117.18);
insert into STATION values (860, '.', 1006, 322878.43, 5094297.59, 2117.92);
insert into STATION values (861, '.', 1006, 322879.19, 5094293.36, 2117.71);
insert into STATION values (862, '.', 1006, 322878.94, 5094286.26, 2116.86);
insert into STATION values (863, '.', 1006, 322878.79, 5094288.79, 2117.25);
insert into STATION values (864, '.', 1006, 322878.42, 5094290.18, 2117.57);
insert into STATION values (865, '.', 1006, 322878.46, 5094290.53, 2117.60);
insert into STATION values (866, '.', 1006, 322879.79, 5094291.18, 2119.52);
insert into STATION values (867, '.', 1006, 322878.35, 5094291.20, 2116.45);
insert into STATION values (868, '.', 1006, 322878.27, 5094290.76, 2117.34);
insert into STATION values (869, '75', 1006, 322877.87, 5094294.71, 2118.40);
insert into STATION values (870, '.', 1006, 322879.87, 5094289.47, 2117.39);
insert into STATION values (871, '.', 1006, 322879.13, 5094293.48, 2118.40);
insert into STATION values (872, '.', 1006, 322879.02, 5094294.65, 2118.37);
insert into STATION values (873, '.', 1006, 322878.77, 5094295.82, 2118.57);
insert into STATION values (874, '.', 1006, 322878.09, 5094296.88, 2118.39);
insert into STATION values (875, '.', 1006, 322877.82, 5094298.62, 2119.21);
insert into STATION values (876, '.', 1006, 322877.04, 5094301.00, 2120.22);
insert into STATION values (877, '.', 1006, 322880.56, 5094296.02, 2124.09);
insert into STATION values (878, '.', 1006, 322877.79, 5094294.85, 2116.82);
insert into STATION values (879, '76', 1006, 322877.07, 5094301.09, 2120.11);
insert into STATION values (880, '77', 1006, 322879.88, 5094295.43, 2123.04);
insert into STATION values (881, '.', 1006, 322881.14, 5094292.99, 2122.74);
insert into STATION values (882, '.', 1006, 322881.04, 5094294.60, 2122.99);
insert into STATION values (883, '.', 1006, 322880.82, 5094295.14, 2122.99);
insert into STATION values (884, '.', 1006, 322880.54, 5094295.67, 2122.98);
insert into STATION values (885, '.', 1006, 322880.42, 5094296.17, 2123.19);
insert into STATION values (886, '.', 1006, 322880.41, 5094297.31, 2123.78);
insert into STATION values (887, '.', 1006, 322879.43, 5094296.98, 2123.84);
insert into STATION values (888, '.', 1006, 322880.56, 5094295.62, 2124.48);
insert into STATION values (889, '.', 1006, 322878.13, 5094294.95, 2117.12);
insert into STATION values (890, '78', 1006, 322879.10, 5094299.93, 2124.46);
insert into STATION values (891, '.', 1006, 322879.27, 5094297.62, 2124.19);
insert into STATION values (892, '.', 1006, 322878.77, 5094298.29, 2124.31);
insert into STATION values (893, '.', 1006, 322878.75, 5094298.81, 2124.41);
insert into STATION values (894, '.', 1006, 322878.47, 5094299.56, 2124.44);
insert into STATION values (895, '.', 1006, 322878.33, 5094300.13, 2124.46);
insert into STATION values (896, '.', 1006, 322878.05, 5094300.71, 2124.42);
insert into STATION values (897, '.', 1006, 322877.31, 5094303.04, 2124.30);
insert into STATION values (898, '.', 1006, 322877.80, 5094304.40, 2124.14);
insert into STATION values (899, '.', 1006, 322878.97, 5094299.82, 2125.23);
insert into STATION values (900, '.', 1006, 322879.13, 5094299.90, 2122.90);
insert into STATION values (901, '.', 1006, 322875.21, 5094309.12, 2124.18);
insert into STATION values (902, '79', 1006, 322875.13, 5094309.39, 2124.19);
insert into STATION values (903, '.', 1006, 322874.09, 5094310.20, 2124.19);
insert into STATION values (904, '.', 1006, 322873.87, 5094310.66, 2124.22);
insert into STATION values (905, '.', 1006, 322875.28, 5094311.54, 2124.63);
insert into STATION values (906, '.', 1006, 322875.57, 5094310.51, 2124.50);
insert into STATION values (907, '.', 1006, 322875.72, 5094309.85, 2124.40);
insert into STATION values (908, '.', 1006, 322876.11, 5094308.84, 2124.49);
insert into STATION values (909, '.', 1006, 322876.37, 5094308.13, 2124.79);
insert into STATION values (910, '.', 1006, 322876.67, 5094307.14, 2124.70);
insert into STATION values (911, '.', 1006, 322879.22, 5094299.10, 2124.25);
insert into STATION values (912, '.', 1006, 322876.12, 5094305.44, 2124.50);
insert into STATION values (913, '.', 1006, 322875.41, 5094306.16, 2124.79);
insert into STATION values (914, '.', 1006, 322874.49, 5094307.44, 2124.30);
insert into STATION values (915, '.', 1006, 322873.86, 5094308.71, 2124.76);
insert into STATION values (916, '.', 1006, 322874.35, 5094309.26, 2124.26);
insert into STATION values (917, '.', 1006, 322875.21, 5094309.01, 2126.52);
insert into STATION values (918, '.', 1006, 322874.68, 5094309.40, 2123.16);
insert into STATION values (919, '.', 1006, 322871.77, 5094309.69, 2118.62);
insert into STATION values (920, '80', 1006, 322873.80, 5094313.38, 2126.62);
insert into STATION values (921, '.', 1006, 322873.47, 5094317.68, 2126.30);
insert into STATION values (922, '.', 1006, 322874.26, 5094315.11, 2126.54);
insert into STATION values (923, '.', 1006, 322874.52, 5094314.48, 2126.54);
insert into STATION values (924, '.', 1006, 322874.72, 5094313.85, 2126.62);
insert into STATION values (925, '.', 1006, 322875.07, 5094313.04, 2126.66);
insert into STATION values (926, '.', 1006, 322875.10, 5094311.87, 2126.83);
insert into STATION values (927, '.', 1006, 322875.37, 5094311.18, 2126.46);
insert into STATION values (928, '.', 1006, 322874.42, 5094311.88, 2126.33);
insert into STATION values (929, '.', 1006, 322874.62, 5094313.65, 2129.35);
insert into STATION values (930, '.', 1006, 322873.22, 5094313.40, 2124.40);
insert into STATION values (931, '.', 1006, 322874.89, 5094313.75, 2130.39);
insert into STATION values (932, '81', 1006, 322873.86, 5094315.81, 2127.22);
insert into STATION values (933, '.', 1006, 322872.64, 5094317.93, 2127.90);
insert into STATION values (934, '.', 1006, 322873.58, 5094317.74, 2127.74);
insert into STATION values (935, '.', 1006, 322873.69, 5094317.07, 2127.52);
insert into STATION values (936, '.', 1006, 322871.98, 5094317.19, 2127.46);
insert into STATION values (937, '.', 1006, 322872.22, 5094316.37, 2127.44);
insert into STATION values (938, '.', 1006, 322872.69, 5094315.69, 2127.40);
insert into STATION values (939, '.', 1006, 322872.78, 5094315.14, 2127.29);
insert into STATION values (940, '.', 1006, 322873.39, 5094314.47, 2127.26);
insert into STATION values (941, '.', 1006, 322874.10, 5094312.49, 2127.40);
insert into STATION values (942, '.', 1006, 322874.93, 5094311.72, 2127.44);
insert into STATION values (943, '.', 1006, 322874.22, 5094315.63, 2130.72);
insert into STATION values (944, '.', 1006, 322873.83, 5094316.70, 2136.15);
insert into STATION values (945, '.', 1006, 322873.31, 5094315.50, 2125.21);
insert into STATION values (946, '.', 1006, 322874.05, 5094316.98, 2136.77);
insert into STATION values (947, '.', 1006, 322874.25, 5094317.17, 2133.04);
insert into STATION values (948, '82', 1006, 322873.87, 5094317.11, 2136.85);
insert into STATION values (949, '83', 1006, 322870.43, 5094317.49, 2129.51);
insert into STATION values (950, '.', 1006, 322870.42, 5094316.52, 2129.37);
insert into STATION values (951, '.', 1006, 322869.45, 5094314.84, 2129.03);
insert into STATION values (952, '.', 1006, 322868.04, 5094313.22, 2128.77);
insert into STATION values (953, '.', 1006, 322866.75, 5094312.63, 2128.73);
insert into STATION values (954, '.', 1006, 322867.75, 5094314.52, 2129.17);
insert into STATION values (955, '.', 1006, 322868.18, 5094315.56, 2129.27);
insert into STATION values (956, '.', 1006, 322868.18, 5094316.25, 2129.42);
insert into STATION values (957, '.', 1006, 322868.13, 5094317.18, 2129.60);
insert into STATION values (958, '.', 1006, 322869.14, 5094317.89, 2129.62);
insert into STATION values (959, '.', 1006, 322869.86, 5094317.93, 2129.59);
insert into STATION values (960, '.', 1006, 322870.39, 5094317.80, 2129.55);
insert into STATION values (961, '.', 1006, 322870.76, 5094318.06, 2134.93);
insert into STATION values (962, '.', 1006, 322870.18, 5094317.47, 2130.34);
insert into STATION values (963, '.', 1006, 322870.54, 5094317.53, 2128.27);
insert into STATION values (964, '.', 1006, 322869.20, 5094316.02, 2125.84);
insert into STATION values (965, '84', 1006, 322865.19, 5094309.64, 2114.48);
insert into STATION values (966, '85', 1006, 322866.47, 5094320.88, 2133.53);
insert into STATION values (967, '86', 1006, 322872.09, 5094322.27, 2131.52);
insert into STATION values (968, '.', 1006, 322871.54, 5094323.33, 2131.65);
insert into STATION values (969, '.', 1006, 322871.55, 5094326.56, 2132.72);
insert into STATION values (970, '.', 1006, 322872.41, 5094324.58, 2131.96);
insert into STATION values (971, '.', 1006, 322872.80, 5094323.28, 2131.68);
insert into STATION values (972, '.', 1006, 322872.91, 5094322.55, 2131.54);
insert into STATION values (973, '.', 1006, 322873.02, 5094322.33, 2131.54);
insert into STATION values (974, '.', 1006, 322873.32, 5094321.30, 2131.37);
insert into STATION values (975, '.', 1006, 322873.39, 5094319.52, 2131.20);
insert into STATION values (976, '.', 1006, 322873.39, 5094318.21, 2131.14);
insert into STATION values (977, '.', 1006, 322872.36, 5094320.38, 2131.05);
insert into STATION values (978, '.', 1006, 322872.89, 5094322.14, 2134.06);
insert into STATION values (979, '.', 1006, 322872.19, 5094322.26, 2130.25);
insert into STATION values (980, '87', 1006, 322870.03, 5094332.29, 2135.41);
insert into STATION values (981, '.', 1006, 322869.22, 5094332.24, 2135.41);
insert into STATION values (982, '.', 1006, 322869.00, 5094333.11, 2135.56);
insert into STATION values (983, '.', 1006, 322868.67, 5094334.21, 2135.77);
insert into STATION values (984, '.', 1006, 322867.35, 5094337.69, 2135.53);
insert into STATION values (985, '.', 1006, 322868.90, 5094335.52, 2135.30);
insert into STATION values (986, '.', 1006, 322870.33, 5094332.33, 2135.47);
insert into STATION values (987, '.', 1006, 322870.68, 5094330.27, 2135.84);
insert into STATION values (988, '.', 1006, 322869.96, 5094330.64, 2135.51);
insert into STATION values (989, '.', 1006, 322869.49, 5094331.36, 2135.46);
insert into STATION values (990, '.', 1006, 322869.40, 5094331.87, 2135.48);
insert into STATION values (991, '.', 1006, 322869.97, 5094332.23, 2136.29);
insert into STATION values (992, '.', 1006, 322869.66, 5094332.15, 2133.92);
insert into STATION values (993, '.', 1006, 322865.48, 5094332.13, 2128.26);
insert into STATION values (994, '88', 1006, 322866.16, 5094332.11, 2129.55);
insert into STATION values (995, '89', 1006, 322867.27, 5094339.66, 2137.41);
insert into STATION values (996, '.', 1006, 322866.52, 5094340.41, 2137.28);
insert into STATION values (997, '.', 1006, 322865.57, 5094343.06, 2137.07);
insert into STATION values (998, '.', 1006, 322867.15, 5094342.13, 2137.73);
insert into STATION values (999, '.', 1006, 322867.58, 5094340.91, 2137.54);
insert into STATION values (1000, '.', 1006, 322867.85, 5094340.34, 2137.48);
insert into STATION values (1001, '.', 1006, 322866.95, 5094339.49, 2137.38);
insert into STATION values (1002, '.', 1006, 322868.42, 5094338.91, 2137.41);
insert into STATION values (1003, '.', 1006, 322868.60, 5094337.21, 2137.27);
insert into STATION values (1004, '.', 1006, 322868.39, 5094336.90, 2137.19);
insert into STATION values (1005, '.', 1006, 322867.96, 5094336.96, 2136.48);
insert into STATION values (1006, '.', 1006, 322867.91, 5094339.94, 2139.99);
insert into STATION values (1007, '.', 1006, 322866.55, 5094339.64, 2135.32);
insert into STATION values (1008, '90', 1006, 322865.64, 5094343.06, 2137.48);
insert into STATION values (1009, '.', 1006, 322865.33, 5094343.03, 2137.51);
insert into STATION values (1010, '.', 1006, 322864.59, 5094343.86, 2137.70);
insert into STATION values (1011, '.', 1006, 322864.30, 5094344.85, 2137.44);
insert into STATION values (1012, '.', 1006, 322865.27, 5094344.22, 2137.57);
insert into STATION values (1013, '.', 1006, 322866.24, 5094344.28, 2137.86);
insert into STATION values (1014, '.', 1006, 322866.44, 5094343.52, 2137.74);
insert into STATION values (1015, '.', 1006, 322866.65, 5094342.97, 2137.76);
insert into STATION values (1016, '.', 1006, 322867.29, 5094342.08, 2137.84);
insert into STATION values (1017, '.', 1006, 322865.80, 5094342.20, 2137.42);
insert into STATION values (1018, '.', 1006, 322867.41, 5094343.61, 2140.76);
insert into STATION values (1019, '.', 1006, 322865.19, 5094342.77, 2136.29);
insert into STATION values (1020, '91', 1006, 322866.31, 5094343.49, 2139.40);
insert into STATION values (1021, '.', 1006, 322865.89, 5094344.14, 2139.49);
insert into STATION values (1022, '.', 1006, 322866.14, 5094345.32, 2139.57);
insert into STATION values (1023, '.', 1006, 322866.42, 5094344.33, 2139.48);
insert into STATION values (1024, '.', 1006, 322866.78, 5094343.86, 2139.42);
insert into STATION values (1025, '.', 1006, 322866.86, 5094343.41, 2139.44);
insert into STATION values (1026, '.', 1006, 322867.01, 5094342.88, 2139.52);
insert into STATION values (1027, '.', 1006, 322866.03, 5094343.38, 2139.46);
insert into STATION values (1028, '.', 1006, 322865.85, 5094343.38, 2139.53);
insert into STATION values (1029, '.', 1006, 322866.95, 5094344.05, 2140.32);
insert into STATION values (1030, '.', 1006, 322865.92, 5094342.45, 2136.27);
insert into STATION values (1031, '92', 1006, 322865.17, 5094347.07, 2139.60);
insert into STATION values (1032, '.', 1006, 322863.85, 5094346.44, 2139.57);
insert into STATION values (1033, '.', 1006, 322863.66, 5094347.26, 2139.70);
insert into STATION values (1034, '.', 1006, 322863.40, 5094347.85, 2139.83);
insert into STATION values (1035, '.', 1006, 322862.87, 5094349.42, 2140.26);
insert into STATION values (1036, '.', 1006, 322864.57, 5094349.74, 2140.34);
insert into STATION values (1037, '.', 1006, 322865.45, 5094347.27, 2139.73);
insert into STATION values (1038, '.', 1006, 322864.99, 5094347.90, 2140.05);
insert into STATION values (1039, '.', 1006, 322866.00, 5094345.81, 2139.94);
insert into STATION values (1040, '.', 1006, 322865.51, 5094344.49, 2140.55);
insert into STATION values (1041, '.', 1006, 322864.47, 5094344.51, 2140.00);
insert into STATION values (1042, '.', 1006, 322864.20, 5094345.06, 2139.64);
insert into STATION values (1043, '.', 1006, 322864.57, 5094345.57, 2140.02);
insert into STATION values (1044, '.', 1006, 322864.89, 5094347.26, 2141.74);
insert into STATION values (1045, '.', 1006, 322864.29, 5094346.94, 2137.54);
insert into STATION values (1046, '93', 1006, 322863.13, 5094351.93, 2142.11);
insert into STATION values (1047, '.', 1006, 322862.28, 5094351.31, 2142.18);
insert into STATION values (1048, '.', 1006, 322861.18, 5094352.02, 2142.56);
insert into STATION values (1049, '.', 1006, 322860.35, 5094352.87, 2142.69);
insert into STATION values (1050, '.', 1006, 322861.17, 5094353.03, 2142.75);
insert into STATION values (1051, '.', 1006, 322861.92, 5094353.66, 2142.80);
insert into STATION values (1052, '.', 1006, 322862.57, 5094353.33, 2142.50);
insert into STATION values (1053, '.', 1006, 322863.43, 5094352.26, 2142.13);
insert into STATION values (1054, '.', 1006, 322863.75, 5094351.27, 2142.14);
insert into STATION values (1055, '.', 1006, 322863.31, 5094351.13, 2142.17);
insert into STATION values (1056, '.', 1006, 322863.17, 5094351.23, 2142.24);
insert into STATION values (1057, '.', 1006, 322862.95, 5094351.88, 2143.59);
insert into STATION values (1058, '.', 1006, 322863.43, 5094351.59, 2141.19);
insert into STATION values (1059, '94', 1006, 322860.46, 5094351.96, 2143.96);
insert into STATION values (1060, '.', 1006, 322859.51, 5094352.49, 2144.28);
insert into STATION values (1061, '.', 1006, 322860.14, 5094352.58, 2144.10);
insert into STATION values (1062, '.', 1006, 322860.45, 5094352.59, 2144.01);
insert into STATION values (1063, '.', 1006, 322861.01, 5094352.67, 2144.00);
insert into STATION values (1064, '.', 1006, 322861.29, 5094352.45, 2143.90);
insert into STATION values (1065, '.', 1006, 322861.55, 5094352.09, 2143.96);
insert into STATION values (1066, '.', 1006, 322861.18, 5094351.45, 2144.13);
insert into STATION values (1067, '.', 1006, 322860.63, 5094351.67, 2144.03);
insert into STATION values (1068, '.', 1006, 322860.56, 5094353.10, 2148.00);
insert into STATION values (1069, '.', 1006, 322860.63, 5094352.93, 2147.94);
insert into STATION values (1070, '.', 1006, 322860.77, 5094353.31, 2148.49);
insert into STATION values (1071, '.', 1006, 322860.61, 5094352.12, 2142.11);
insert into STATION values (1072, '95', 1006, 322858.75, 5094353.92, 2148.28);
insert into STATION values (1073, '.', 1006, 322858.55, 5094352.90, 2148.33);
insert into STATION values (1074, '.', 1006, 322858.06, 5094352.93, 2148.30);
insert into STATION values (1075, '.', 1006, 322857.76, 5094352.99, 2148.23);
insert into STATION values (1076, '.', 1006, 322856.81, 5094352.83, 2148.07);
insert into STATION values (1077, '.', 1006, 322856.49, 5094353.62, 2148.19);
insert into STATION values (1078, '.', 1006, 322856.29, 5094354.10, 2148.38);
insert into STATION values (1079, '.', 1006, 322857.14, 5094354.86, 2148.50);
insert into STATION values (1080, '.', 1006, 322857.53, 5094355.07, 2148.60);
insert into STATION values (1081, '.', 1006, 322858.29, 5094354.69, 2148.63);
insert into STATION values (1082, '.', 1006, 322858.84, 5094354.29, 2148.47);
insert into STATION values (1083, '.', 1006, 322859.36, 5094353.32, 2148.37);
insert into STATION values (1084, '.', 1006, 322858.80, 5094353.58, 2148.28);
insert into STATION values (1085, '.', 1006, 322858.76, 5094353.61, 2148.30);
insert into STATION values (1086, '.', 1006, 322858.56, 5094353.81, 2149.51);
insert into STATION values (1087, '.', 1006, 322858.70, 5094353.70, 2149.26);
insert into STATION values (1088, '.', 1006, 322857.67, 5094354.08, 2151.28);
insert into STATION values (1089, '.', 1006, 322858.74, 5094353.50, 2147.38);
insert into STATION values (1090, '.', 1006, 322858.11, 5094352.13, 2145.52);
insert into STATION values (1091, '96', 1006, 322856.57, 5094353.58, 2147.87);
insert into STATION values (1092, '.', 1006, 322856.63, 5094354.37, 2148.07);
insert into STATION values (1093, '.', 1006, 322857.47, 5094354.75, 2148.20);
insert into STATION values (1094, '.', 1006, 322858.43, 5094354.29, 2148.31);
insert into STATION values (1095, '.', 1006, 322859.37, 5094353.24, 2148.30);
insert into STATION values (1096, '.', 1006, 322858.56, 5094352.98, 2148.18);
insert into STATION values (1097, '.', 1006, 322857.59, 5094353.00, 2147.99);
insert into STATION values (1098, '.', 1006, 322856.71, 5094353.17, 2147.84);
insert into STATION values (1099, '.', 1006, 322856.24, 5094353.66, 2147.93);
insert into STATION values (1100, '.', 1006, 322860.73, 5094358.63, 2160.88);
insert into STATION values (1101, '.', 1006, 322856.96, 5094354.62, 2151.51);
insert into STATION values (1102, '.', 1006, 322857.30, 5094353.52, 2146.15);
insert into STATION values (1103, '97', 1006, 322861.05, 5094357.67, 2161.25);
insert into STATION values (1104, '98', 1006, 322877.65, 5094278.50, 2107.71);
insert into STATION values (1105, '.', 1006, 322884.64, 5094262.92, 2116.41);
insert into STATION values (1106, '.', 1006, 322879.56, 5094277.49, 2108.56);
insert into STATION values (1107, '.', 1006, 322892.18, 5094272.23, 2123.16);
insert into STATION values (1108, '.', 1006, 322890.50, 5094272.65, 2104.69);
insert into STATION values (1109, '.', 1006, 322875.68, 5094275.89, 2108.55);
insert into STATION values (1110, '.', 1006, 322878.01, 5094279.48, 2108.12);
insert into STATION values (1111, '.', 1006, 322873.89, 5094281.71, 2109.91);
insert into STATION values (1112, '.', 1006, 322871.46, 5094282.63, 2111.33);
insert into STATION values (1113, '.', 1006, 322874.12, 5094279.30, 2110.43);
insert into STATION values (1114, '.', 1006, 322875.38, 5094276.68, 2108.22);
insert into STATION values (1115, '99', 1006, 322877.10, 5094279.68, 2093.69);
insert into STATION values (1116, '.', 1006, 322876.85, 5094280.41, 2093.80);
insert into STATION values (1117, '.', 1006, 322871.84, 5094278.94, 2093.90);
insert into STATION values (1118, '.', 1006, 322870.62, 5094276.31, 2094.05);
insert into STATION values (1119, '.', 1006, 322876.52, 5094278.56, 2093.75);
insert into STATION values (1120, '.', 1006, 322889.81, 5094275.88, 2093.65);
insert into STATION values (1121, '.', 1006, 322883.41, 5094277.60, 2093.77);
insert into STATION values (1122, '.', 1006, 322880.26, 5094277.59, 2093.81);
insert into STATION values (1123, '.', 1006, 322878.16, 5094278.16, 2093.77);
insert into STATION values (1124, '.', 1006, 322876.66, 5094278.26, 2093.85);
insert into STATION values (1125, '100', 1006, 322874.19, 5094278.09, 2082.64);
insert into STATION values (1126, '.', 1006, 322870.21, 5094277.42, 2083.70);
insert into STATION values (1127, '.', 1006, 322890.63, 5094275.82, 2084.38);
insert into STATION values (1128, '.', 1006, 322875.64, 5094279.46, 2082.95);
insert into STATION values (1129, '.', 1006, 322874.08, 5094279.22, 2082.96);
insert into STATION values (1130, '.', 1006, 322869.93, 5094278.53, 2073.89);
insert into STATION values (1131, '101', 1006, 322870.46, 5094278.00, 2067.90);
insert into STATION values (1132, '.', 1006, 322878.70, 5094278.03, 2073.38);
insert into STATION values (1133, '.', 1006, 322867.29, 5094269.54, 2067.11);
insert into STATION values (1134, '.', 1006, 322871.46, 5094276.57, 2068.08);
insert into STATION values (1135, '.', 1006, 322872.15, 5094277.65, 2068.88);
insert into STATION values (1136, '.', 1006, 322870.32, 5094278.53, 2068.14);
insert into STATION values (1137, '102', 1006, 322869.07, 5094270.36, 2063.49);
insert into STATION values (1138, '.', 1006, 322868.65, 5094272.55, 2063.55);
insert into STATION values (1139, '.', 1006, 322871.06, 5094274.19, 2063.84);
insert into STATION values (1140, '.', 1006, 322871.06, 5094272.77, 2063.91);
insert into STATION values (1141, '.', 1006, 322873.15, 5094277.71, 2068.27);
insert into STATION values (1142, '.', 1006, 322864.40, 5094267.89, 2065.05);
insert into STATION values (1143, '.', 1006, 322864.12, 5094271.85, 2064.20);
insert into STATION values (1144, '.', 1006, 322867.52, 5094272.06, 2063.63);
insert into STATION values (1145, '.', 1006, 322863.19, 5094271.10, 2072.07);
insert into STATION values (1146, '.', 1006, 322868.98, 5094270.63, 2061.78);
insert into STATION values (1147, '.', 1006, 322869.99, 5094271.95, 2055.71);
insert into STATION values (1148, '.', 1006, 322863.77, 5094269.87, 2043.37);
insert into STATION values (1149, '103', 1006, 322863.71, 5094269.43, 2064.71);
insert into STATION values (1150, '.', 1006, 322863.87, 5094271.48, 2064.91);
insert into STATION values (1151, '.', 1006, 322865.91, 5094271.82, 2064.72);
insert into STATION values (1152, '.', 1006, 322871.04, 5094272.16, 2064.71);
insert into STATION values (1153, '.', 1006, 322868.20, 5094270.44, 2065.01);
insert into STATION values (1154, '.', 1006, 322870.34, 5094271.02, 2065.19);
insert into STATION values (1155, '.', 1006, 322867.59, 5094269.50, 2064.86);
insert into STATION values (1156, '.', 1006, 322866.67, 5094267.92, 2064.90);
insert into STATION values (1157, '.', 1006, 322864.16, 5094268.18, 2064.96);
insert into STATION values (1158, '.', 1006, 322864.37, 5094266.96, 2064.94);
insert into STATION values (1159, '.', 1006, 322863.19, 5094268.51, 2064.76);
insert into STATION values (1160, '.', 1006, 322860.49, 5094269.23, 2065.43);
insert into STATION values (1161, '.', 1006, 322859.34, 5094273.72, 2068.14);
insert into STATION values (1162, '.', 1006, 322866.12, 5094271.24, 2057.59);
insert into STATION values (1163, '.', 1006, 322867.61, 5094266.63, 2044.44);
insert into STATION values (1164, '104', 1006, 322863.27, 5094269.58, 2043.87);
insert into STATION values (1165, 'Grotte_des_3_gros', 1657, 319890.00, 5097019.00, 1564.00);
insert into STATION_FLAG values(1165, 'ent');
insert into STATION_FLAG values(1165, 'fix');
insert into STATION values (1166, '.', 1657, 319889.20, 5097022.91, 1564.10);
insert into STATION values (1167, '.', 1657, 319897.12, 5097023.56, 1564.78);
insert into STATION values (1168, '.', 1657, 319883.89, 5097013.19, 1564.55);
insert into STATION values (1169, '.', 1657, 319884.29, 5097017.19, 1564.29);
insert into STATION values (1170, '.', 1657, 319885.05, 5097020.66, 1564.60);
insert into STATION values (1171, '.', 1657, 319885.70, 5097022.10, 1564.55);
insert into STATION values (1172, '.', 1657, 319893.07, 5097019.22, 1569.92);
insert into STATION values (1173, '.', 1657, 319896.07, 5097020.84, 1567.04);
insert into STATION values (1174, '.', 1657, 319889.96, 5097019.76, 1563.35);
insert into STATION values (1175, '.', 1657, 319889.92, 5097018.90, 1563.39);
insert into STATION values (1176, '.', 1657, 319892.07, 5097019.37, 1569.45);
insert into STATION values (1177, '1', 1657, 319897.47, 5097023.80, 1564.63);
insert into STATION values (1178, '.', 1657, 319892.44, 5097024.96, 1564.70);
insert into STATION values (1179, '.', 1657, 319889.31, 5097029.36, 1564.62);
insert into STATION values (1180, '.', 1657, 319892.80, 5097032.53, 1565.75);
insert into STATION values (1181, '.', 1657, 319893.90, 5097032.94, 1566.08);
insert into STATION values (1182, '.', 1657, 319891.05, 5097022.80, 1565.18);
insert into STATION values (1183, '.', 1657, 319897.40, 5097023.85, 1563.23);
insert into STATION values (1184, '.', 1657, 319897.47, 5097023.82, 1564.82);
insert into STATION values (1185, '2', 1657, 319894.88, 5097029.62, 1564.44);
insert into STATION values (1186, '.', 1657, 319891.15, 5097027.68, 1564.79);
insert into STATION values (1187, '.', 1657, 319890.17, 5097029.86, 1565.07);
insert into STATION values (1188, '.', 1657, 319891.59, 5097031.85, 1565.12);
insert into STATION values (1189, '.', 1657, 319892.65, 5097032.89, 1565.41);
insert into STATION values (1190, '.', 1657, 319894.75, 5097032.24, 1564.99);
insert into STATION values (1191, '.', 1657, 319895.32, 5097031.26, 1564.77);
insert into STATION values (1192, '.', 1657, 319894.95, 5097030.66, 1564.59);
insert into STATION values (1193, '.', 1657, 319895.73, 5097029.64, 1564.53);
insert into STATION values (1194, '.', 1657, 319896.16, 5097028.28, 1564.50);
insert into STATION values (1195, '.', 1657, 319897.53, 5097026.02, 1564.57);
insert into STATION values (1196, '.', 1657, 319897.32, 5097024.30, 1564.84);
insert into STATION values (1197, '.', 1657, 319895.13, 5097029.53, 1567.54);
insert into STATION values (1198, '.', 1657, 319894.80, 5097029.61, 1564.00);
insert into STATION values (1199, '3', 1657, 319894.20, 5097033.22, 1564.85);
insert into STATION values (1200, '.', 1657, 319892.25, 5097039.70, 1565.40);
insert into STATION values (1201, '.', 1657, 319892.43, 5097032.97, 1565.31);
insert into STATION values (1202, '.', 1657, 319891.53, 5097035.58, 1565.60);
insert into STATION values (1203, '.', 1657, 319891.03, 5097039.67, 1565.81);
insert into STATION values (1204, '.', 1657, 319892.78, 5097037.79, 1565.80);
insert into STATION values (1205, '.', 1657, 319893.54, 5097035.95, 1565.76);
insert into STATION values (1206, '.', 1657, 319894.29, 5097033.51, 1564.91);
insert into STATION values (1207, '.', 1657, 319894.35, 5097033.27, 1564.85);
insert into STATION values (1208, '.', 1657, 319894.17, 5097033.16, 1564.63);
insert into STATION values (1209, '.', 1657, 319894.17, 5097032.89, 1566.89);
insert into STATION values (1210, '.', 1657, 319894.21, 5097033.34, 1566.24);
insert into STATION values (1211, '4', 1657, 319892.21, 5097039.72, 1565.45);
insert into STATION values (1212, '.', 1657, 319892.07, 5097039.93, 1565.46);
insert into STATION values (1213, '.', 1657, 319892.91, 5097039.04, 1565.47);
insert into STATION values (1214, '.', 1657, 319892.82, 5097037.78, 1565.54);
insert into STATION values (1215, '.', 1657, 319891.90, 5097037.36, 1565.62);
insert into STATION values (1216, '.', 1657, 319891.99, 5097039.08, 1565.44);
insert into STATION values (1217, '.', 1657, 319891.18, 5097038.12, 1565.41);
insert into STATION values (1218, '.', 1657, 319891.40, 5097039.04, 1565.43);
insert into STATION values (1219, '.', 1657, 319892.01, 5097039.64, 1565.13);
insert into STATION values (1220, '.', 1657, 319892.13, 5097039.79, 1566.12);
insert into STATION values (1221, '4b', 1657, 319891.96, 5097035.91, 1565.14);
insert into STATION values (1222, '.', 1657, 319891.84, 5097040.09, 1565.53);
insert into STATION values (1223, '.', 1657, 319893.39, 5097040.54, 1565.52);
insert into STATION values (1224, '.', 1657, 319893.90, 5097039.34, 1565.54);
insert into STATION values (1225, '.', 1657, 319894.29, 5097038.18, 1565.42);
insert into STATION values (1226, '.', 1657, 319894.87, 5097034.68, 1565.01);
insert into STATION values (1227, '.', 1657, 319891.84, 5097038.23, 1565.43);
insert into STATION values (1228, '.', 1657, 319891.86, 5097039.41, 1565.51);
insert into STATION values (1229, '.', 1657, 319892.76, 5097039.15, 1565.98);
insert into STATION values (1230, '.', 1657, 319892.28, 5097039.75, 1565.29);
insert into STATION values (1231, '5', 1657, 319892.91, 5097032.69, 1564.78);
insert into STATION values (1232, '.', 1657, 319892.51, 5097032.60, 1564.81);
insert into STATION values (1233, '.', 1657, 319892.59, 5097032.95, 1564.88);
insert into STATION values (1234, '.', 1657, 319893.68, 5097034.18, 1565.04);
insert into STATION values (1235, '.', 1657, 319893.84, 5097033.88, 1565.09);
insert into STATION values (1236, '.', 1657, 319894.48, 5097032.84, 1564.95);
insert into STATION values (1237, '.', 1657, 319894.86, 5097032.00, 1565.13);
insert into STATION values (1238, '.', 1657, 319893.21, 5097032.92, 1566.16);
insert into STATION values (1239, '.', 1657, 319892.80, 5097032.63, 1564.59);
insert into STATION values (1240, '6', 1657, 319891.34, 5097031.42, 1565.83);
insert into STATION values (1241, '.', 1657, 319889.01, 5097029.72, 1565.63);
insert into STATION values (1242, '.', 1657, 319893.28, 5097026.18, 1565.10);
insert into STATION values (1243, '.', 1657, 319896.96, 5097025.61, 1565.05);
insert into STATION values (1244, '.', 1657, 319895.46, 5097030.67, 1565.51);
insert into STATION values (1245, '.', 1657, 319894.33, 5097033.79, 1565.61);
insert into STATION values (1246, '.', 1657, 319891.29, 5097031.74, 1565.82);
insert into STATION values (1247, '.', 1657, 319891.43, 5097031.44, 1564.36);
insert into STATION values (1248, '.', 1657, 319891.55, 5097031.10, 1567.60);
insert into STATION values (1249, '.', 1657, 319891.32, 5097031.34, 1566.43);
insert into STATION values (1250, '7', 1657, 319891.12, 5097027.99, 1565.42);
insert into STATION values (1251, '.', 1657, 319897.26, 5097024.69, 1564.69);
insert into STATION values (1252, '.', 1657, 319895.93, 5097028.03, 1564.94);
insert into STATION values (1253, '.', 1657, 319895.41, 5097031.26, 1565.22);
insert into STATION values (1254, '.', 1657, 319894.81, 5097032.50, 1565.38);
insert into STATION values (1255, '.', 1657, 319894.32, 5097033.79, 1565.28);
insert into STATION values (1256, '.', 1657, 319892.80, 5097032.61, 1565.50);
insert into STATION values (1257, '.', 1657, 319891.52, 5097031.57, 1565.48);
insert into STATION values (1258, '.', 1657, 319890.45, 5097030.94, 1565.33);
insert into STATION values (1259, '.', 1657, 319889.91, 5097029.91, 1565.26);
insert into STATION values (1260, '.', 1657, 319890.71, 5097028.40, 1565.38);
insert into STATION values (1261, '.', 1657, 319891.10, 5097029.05, 1567.56);
insert into STATION values (1262, '.', 1657, 319891.19, 5097028.03, 1563.88);
insert into STATION values (1263, '.', 1657, 319891.13, 5097028.04, 1563.87);
insert into STATION values (1264, '8', 1657, 319892.75, 5097026.56, 1563.63);
insert into STATION values (1265, '.', 1657, 319891.94, 5097025.48, 1563.69);
insert into STATION values (1266, '.', 1657, 319891.18, 5097026.80, 1564.03);
insert into STATION values (1267, '.', 1657, 319890.59, 5097028.09, 1564.31);
insert into STATION values (1268, '.', 1657, 319889.50, 5097029.51, 1564.68);
insert into STATION values (1269, '.', 1657, 319891.14, 5097032.40, 1565.05);
insert into STATION values (1270, '.', 1657, 319892.34, 5097032.58, 1565.21);
insert into STATION values (1271, '.', 1657, 319894.61, 5097032.73, 1565.06);
insert into STATION values (1272, '.', 1657, 319895.27, 5097030.74, 1564.98);
insert into STATION values (1273, '.', 1657, 319895.58, 5097029.62, 1564.49);
insert into STATION values (1274, '.', 1657, 319893.03, 5097026.43, 1563.65);
insert into STATION values (1275, '.', 1657, 319897.08, 5097024.75, 1564.28);
insert into STATION values (1276, '.', 1657, 319893.28, 5097027.45, 1566.26);
insert into STATION values (1277, '.', 1657, 319892.86, 5097026.40, 1564.98);
insert into STATION values (1278, '.', 1657, 319892.77, 5097026.58, 1563.49);
insert into STATION values (1279, 'Grotte_du_Lac_L100', 1693, 320441.00, 5097258.00, 1519.00);
insert into STATION_FLAG values(1279, 'ent');
insert into STATION_FLAG values(1279, 'fix');
insert into STATION values (1280, '1.0', 1693, 320441.00, 5097258.00, 1519.00);
insert into STATION values (1281, '1.1', 1693, 320441.50, 5097263.14, 1521.41);
insert into STATION values (1282, '1.2', 1693, 320437.93, 5097268.18, 1521.19);
insert into STATION values (1283, '1.3', 1693, 320444.13, 5097270.24, 1521.19);
insert into STATION values (1284, '1.4', 1693, 320446.32, 5097272.89, 1521.01);
insert into STATION values (1285, '1.5', 1693, 320448.92, 5097272.35, 1520.92);
insert into STATION values (1286, '1.6', 1693, 320450.27, 5097270.04, 1521.39);
